Date,Crop_Type,Soil_Type,Soil_pH,Temperature,Humidity,Wind_Speed,N,P,K,Area,Crop_Yield
2020-01-01,Capsicum,Clay,5.986902154501571,27.620151376850423,66.96817760138721,9.017936703333636,15.428781323608051,13.736408184666985,180.67147680447275,0.2866061131631984,1.690976067662871
2020-01-02,Capsicum,Loamy,6.735928598332891,27.116222357237742,67.36717829687511,14.08980891914864,18.328935948872292,13.329120962314033,101.65394492898766,0.6138615135606387,3.621782930007768
2020-01-03,Capsicum,Clay,6.451592124354827,25.588231611644588,69.2727369660109,11.379304895796654,11.250889098364036,11.7615391250286,118.68078981904985,0.4642941868028508,2.7393357021368203
2020-01-04,Capsicum,Clay,6.278256029456148,28.648377148895463,66.70002193029946,12.691698695235877,11.297829657226114,16.07266670101488,165.4905302117831,0.5430046690703189,3.2037275475148816
2020-01-05,Capsicum,Loamy,5.702824232575168,22.603796124227223,69.34824842406086,8.685624690277137,15.568183602783076,14.76624160508629,137.5759347803963,0.1978918630128194,1.1675619917756348
2020-01-06,Capsicum,Loamy,5.702792876437063,21.87411368247697,65.44067215488346,14.600118808191256,19.463786533583708,18.657009923240036,198.2482651061107,0.7416931577303201,4.375989630608888
2020-01-07,Capsicum,Clay,5.57550869581866,27.83169573564338,68.88399218604316,13.20461290158315,14.149977583707543,10.321095804820583,166.5404792638254,0.7272757604638784,4.290926986736883
2020-01-08,Capsicum,Sandy,6.626028989507415,24.513198533069986,69.23773816527368,13.539484630145436,13.269421002546949,16.438679275551262,195.65489087292065,0.1172719289141403,0.691904380593428
2020-01-09,Capsicum,Clay,6.281449515266171,27.775750833656485,65.90908826418669,6.721942674257543,16.06689323197886,17.629488785115612,120.14464816457938,0.4068120756082439,2.40019124608864
2020-01-10,Capsicum,Clay,6.420494351134859,28.14472164156332,67.151732661861,7.709632078712195,19.30448600545031,17.594865691883072,186.3957028115023,0.1550164815769182,0.914597241303818
2020-01-11,Capsicum,Clay,5.526759842584543,21.49966074895257,65.82749887331828,7.856265996835771,18.369278328446235,18.86073967095525,132.13523058152253,0.7336846235319665,4.3287392788386025
2020-01-12,Capsicum,Clay,6.760882807810592,28.067718103888485,68.53302064497109,7.709092232468712,19.9548361073322,17.29033742829494,198.95648082378068,0.6898157465005635,4.069912904353325
2020-01-13,Capsicum,Loamy,6.582175433040549,24.586552442955377,67.67673884030829,13.55408162104288,10.225685832023771,19.278100616476962,115.76886720731473,0.8215904754345249,4.847383805063697
2020-01-14,Capsicum,Clay,5.776040843881759,25.08345991203386,68.17661673354161,5.318847952085921,11.128581447127623,13.326565998208915,151.63398188383266,0.2891231671624917,1.705826686258701
2020-01-15,Capsicum,Sandy,5.736372457369231,26.01274008874568,65.98243483478106,5.760999889807743,16.09467763366622,15.032094167515432,179.2844533837122,0.4650367065022391,2.743716568363211
2020-01-16,Capsicum,Loamy,5.738425862809464,28.411060853840695,66.0587293102621,7.739148706299037,18.205764393338498,10.140796632828907,143.2642480604036,0.2475903017315182,1.4607827802159574
2020-01-17,Capsicum,Sandy,5.895514915847399,21.15292875543811,65.20748662754953,6.998729746494437,12.852443423067665,10.069575873032912,146.80840601876469,0.3969879475792955,2.342228890717844
2020-01-18,Capsicum,Sandy,6.1821833611219095,24.814747746542537,66.61033767597866,7.318596138828484,12.392110880342187,12.4012662045152,198.6355795505741,0.5177946012535072,3.0549881473956924
2020-01-19,Capsicum,Sandy,6.061528524234751,26.501776339444486,67.79872330666838,12.979431892533,17.86975799381201,11.008071971390853,142.53081503011532,0.1426646318708712,0.8417213280381401
2020-01-20,Capsicum,Sandy,5.878597882257455,26.781655661585827,69.28967456998664,10.63126593892047,10.563818538532315,12.602113679357537,160.40721005990636,0.6718963285419082,3.964188338397258
2020-01-21,Capsicum,Loamy,6.295408763139093,26.540259452296866,68.3346372372934,5.05770661292968,13.693826475825851,11.770432945283973,105.45396606751507,0.5346346882968602,3.154344660951476
2020-01-22,Capsicum,Loamy,5.681342018847654,22.075481035264975,67.17698161699876,9.293227657041951,15.058092225923296,10.285200248386483,184.221008021026,0.7631672137685387,4.502686561234379
2020-01-23,Capsicum,Sandy,5.879788043095783,23.39516470697345,69.7656005719707,9.078849268503587,15.603486743503234,19.093041464060494,164.81680489795434,0.3174244009529577,1.8728039656224509
2020-01-24,Capsicum,Sandy,5.976270396281799,23.86972420333611,68.59622600287916,6.139452694445435,17.286151567927767,10.082231313888915,140.40201028628135,0.8226568842154036,4.8536756168708814
2020-01-25,Capsicum,Loamy,6.092890979482147,27.435497661436038,69.65082601431276,11.761417886014572,13.548457234306582,17.360821443370853,101.61695399545198,0.8989554024243547,5.303836874303693
2020-01-26,Capsicum,Loamy,6.520728749810917,23.230078979316424,67.63793986636082,12.02097188379491,16.126843446746072,11.521478869195166,159.1668820593504,0.8354387507021396,4.929088629142624
2020-01-27,Capsicum,Loamy,5.759575916805868,22.685639710937625,66.2945213739657,12.208932190520976,15.853754227909564,19.122296219996002,101.26578284841622,0.7223139806665233,4.261652485932488
2020-01-28,Capsicum,Clay,6.168504769937695,28.65958415230477,65.26413343182361,12.28470945558592,15.47616100653747,18.92795939589886,100.12036139090179,0.7498950422990246,4.4243807495642455
2020-01-29,Capsicum,Clay,6.270138939520655,21.07090628090775,68.63042425741925,5.0005282693229685,16.40483293142212,16.539011463692574,161.60985621493546,0.5589953940356692,3.2980728248104487
2020-01-30,Capsicum,Clay,5.560385536535997,28.982566845455825,65.60651499002768,14.539208038467224,12.594491710680764,16.722341498006053,118.90170673345543,0.2521230903300884,1.4875262329475216
2020-01-31,Capsicum,Sandy,6.28980830747187,26.414570390859165,66.51387564135983,13.14208767054663,10.84648753584629,10.053391419696885,119.18875497180953,0.6416325481181738,3.785632033897226
2020-02-01,Capsicum,Clay,5.721681360793479,27.627754395592937,67.66235453941948,14.039816965892854,11.192716720397435,19.84871566113602,165.32715658327436,0.6702024016479452,3.954194169722877
2020-02-02,Capsicum,Sandy,5.584567070880864,23.356955170769545,67.82208293889875,5.156432953074342,12.245823826539011,18.778326035758145,105.36971879393742,0.8883081122143246,5.241017862064515
2020-02-03,Capsicum,Sandy,6.733551198429333,21.11452222133648,68.00291598493568,14.338587957857394,15.001979355227853,18.95106225730092,131.34055614745563,0.5330410530050574,3.144942212729839
2020-02-04,Capsicum,Clay,6.755321642996927,26.90295614849224,65.83127665174851,13.097885286881048,18.404427505460202,16.59244537050872,114.9431902142019,0.3170952120200451,1.870861750918266
2020-02-05,Capsicum,Sandy,6.550916552551399,27.673156776005406,66.89868702410824,13.372191429586984,17.01293342088384,13.447869286545366,158.0176369796534,0.6469380173916054,3.816934302610472
2020-02-06,Capsicum,Clay,5.895997899925382,26.923809055628155,68.08597113558483,5.932873847219685,17.890406042020473,18.93648649090481,166.1765154727396,0.8835006557331637,5.212653868825666
2020-02-07,Capsicum,Clay,5.626973748208299,22.142802298406707,69.84909432316893,12.387780289185976,13.509756239260913,12.915169281511924,172.11358535990433,0.2417711266152752,1.426449647030124
2020-02-08,Capsicum,Loamy,6.389502934465804,27.02742337805575,68.63815568849844,14.59916689642091,14.046537416485503,15.627115433422029,125.52312169185655,0.3607983348284821,2.1287101754880444
2020-02-09,Capsicum,Clay,6.072198241861481,27.151382256861126,69.61301878546979,11.785473414181606,13.93681885990613,10.997309723438825,108.9249751636584,0.5335047630181449,3.1476781018070548
2020-02-10,Capsicum,Loamy,5.658649705298212,26.26832412536044,68.81106029157088,10.705614046246064,11.918731844045015,19.2195563013275,107.86836569418978,0.2361717079056038,1.393413076643063
2020-02-11,Capsicum,Clay,6.1437299831446515,27.12892746236469,67.958584844462,14.45629677748997,10.61216658143572,11.407704577712133,142.61515484507237,0.1177765116159507,0.6948814185341091
2020-02-12,Capsicum,Clay,5.544705077449784,27.767371517421857,65.96011684568172,9.42937121734436,15.909160928272268,12.248968057304072,194.5844409062715,0.3695864979530004,2.180560337922703
2020-02-13,Capsicum,Loamy,6.682116522702417,25.908832913899666,68.33342825946256,10.992935663104788,19.89216683420586,15.58134158128215,121.77290342470246,0.7922966412008464,4.674550183084994
2020-02-14,Capsicum,Loamy,5.8364139760800215,21.708837711757432,68.11689782979954,9.763382934943662,11.668297049502629,17.640930002129814,125.67416013415493,0.1347747194589718,0.7951708448079341
2020-02-15,Capsicum,Clay,6.361278969660177,24.901022477337687,68.01234585228633,14.328462213602991,10.466848198992738,16.19351305936299,110.0888802105859,0.443143247213534,2.614545158559851
2020-02-16,Capsicum,Sandy,5.905224398916234,21.62119467737284,67.4489293399412,5.760847267655072,17.79531681823933,12.321339128001561,160.55702738939303,0.709760618340866,4.187587648211109
2020-02-17,Capsicum,Loamy,6.176088427531154,24.260344248259447,67.64328301994638,10.011197008253482,12.525860066847242,10.009430425274903,167.9872873947175,0.8625460775287083,5.089021857419379
2020-02-18,Capsicum,Sandy,6.210723363146263,24.256851913005022,66.67221263559053,11.869524413854382,18.296438053529286,17.57150580307439,164.293120816076,0.8883803192035459,5.241443883300921
2020-02-19,Capsicum,Sandy,5.740310792183185,21.52807875312193,67.59656346321151,12.91906538422237,17.039366670345153,19.852073259110938,186.11302430447813,0.4375755044869933,2.5816954764732607
2020-02-20,Capsicum,Sandy,6.760460016093926,23.790564271755834,65.9877795283924,10.830186474441364,19.456735370508046,18.099131203060907,148.64258350260718,0.860307435503294,5.075813869469435
2020-02-21,Capsicum,Loamy,6.507672670369448,21.88798479033052,69.02587198680189,14.08917744121454,14.08927235756672,14.602066181566153,113.44570407670645,0.128335178624691,0.7571775538856771
2020-02-22,Capsicum,Sandy,6.721348624033446,27.465881680073778,65.92888477349354,14.419914468838718,16.619698394506344,19.037672613991067,128.94051307044126,0.696733550398845,4.110727947353186
2020-02-23,Capsicum,Loamy,6.663275555555943,28.581504207715767,65.42483144944734,5.643192231935835,14.648547808132708,14.0984767311835,166.2429973421352,0.6141968277068903,3.623761283470653
2020-02-24,Capsicum,Sandy,6.277269972454411,21.57853180206351,67.18123013178578,9.023705395413744,16.305886973085435,15.249340842434675,161.31219737415597,0.2996174860689218,1.767743167806639
2020-02-25,Capsicum,Clay,6.698436505530052,28.64092165833361,68.2915371975303,5.234590217211545,14.495989060077374,14.771297673956832,153.10031297429626,0.5058548005437191,2.984543323207943
2020-02-26,Capsicum,Clay,5.615040252667495,25.18061279469396,67.18858412466771,8.29416657374443,11.886322464240749,14.47623872665525,168.29644186886873,0.2036429902083965,1.2014936422295397
2020-02-27,Capsicum,Loamy,5.7547777211448885,23.39652542363099,66.38377065975655,10.36868217970602,15.078974160033809,17.751907692939056,163.73908503732994,0.7972777207612488,4.703938552491368
2020-02-28,Capsicum,Clay,5.5587954755836995,21.614896602209306,67.7908559194522,14.107949305099488,15.285842014374424,15.267689072694921,188.1324889464952,0.3863184684365184,2.2792789637754587
2020-02-29,Capsicum,Clay,5.9229294299922435,25.00499414456334,66.735011677061,13.465543224654027,18.106038482601612,13.167171220252161,158.60163774782967,0.6008355763725732,3.5449299005981825
2020-03-01,Capsicum,Sandy,6.005280476596327,27.35612435592599,69.66433845063317,6.274997266719858,17.35520705793581,12.581581676584783,177.86013587005564,0.2270210290298098,1.339424071275878
2020-03-02,Capsicum,Loamy,5.852753741306064,26.656691818133584,69.61322569801786,5.930303747408957,16.63791623941444,10.377473169674333,124.87071559664679,0.2649318757049657,1.5630980666592975
2020-03-03,Capsicum,Sandy,6.577358761897508,21.40180809171179,67.51185909986047,10.89267338756667,11.133870955525726,15.831951618830459,167.8182584589068,0.8935650966425216,5.272034070190878
2020-03-04,Capsicum,Sandy,5.963779324701666,21.58321468294323,66.6394199700913,10.321179724587829,17.20616290663715,12.299614154010342,190.21941183826758,0.7024691155530635,4.144567781763075
2020-03-05,Capsicum,Sandy,5.865214862593595,24.222986261061095,68.68566206978319,7.663776414300239,15.003051563545148,11.48133922016383,138.5732327899833,0.8695774958192567,5.130507225333615
2020-03-06,Capsicum,Sandy,6.2055049081057225,23.362323952383548,65.18356471741534,13.994530845538351,18.940995361061592,16.538299638276776,177.91041873386467,0.3366809321696353,1.9864174998008488
2020-03-07,Capsicum,Sandy,5.683201492467191,22.859074584448383,67.37384503021826,14.273664094615537,19.198709341305428,16.812092578215488,172.47893011954352,0.2316503012958563,1.3667367776455523
2020-03-08,Capsicum,Sandy,6.542856074980252,23.24803599126971,66.68161697135167,9.026114383401628,10.551565906017855,17.52154892257666,105.95261968718225,0.5024547707830648,2.9644831476200824
2020-03-09,Capsicum,Sandy,5.596915836783702,27.427861946375078,69.60267942551278,13.903025571135204,18.206415603544787,15.035768963385916,158.1508309624072,0.4957346257818747,2.924834292113061
2020-03-10,Capsicum,Loamy,6.782953017580672,28.43382442905483,65.06001513636342,8.839488942629727,10.376973904226706,18.940546052038865,113.01893492008024,0.2399572110063903,1.4157475449377028
2020-03-11,Capsicum,Clay,6.503918200085654,24.24082155622053,67.76407437859174,12.368168318297002,13.671696256950227,19.36342753398228,196.7319172230591,0.6865756556651281,4.0507963684242565
2020-03-12,Capsicum,Sandy,5.758330385994424,28.248888017059976,68.70331790533314,9.75942217547724,15.42299975621079,18.073709397924894,181.1407502700656,0.3894220275509873,2.297589962550825
2020-03-13,Capsicum,Sandy,5.507178752260683,23.571965609983057,67.4250899376202,6.22583156507183,11.481007986271274,16.35593482008187,110.972380124712,0.2490921847444138,1.4696438899920417
2020-03-14,Capsicum,Sandy,6.560099856991284,24.811495890750333,65.4270151508136,14.279342012370217,17.46313812569077,13.037209535911886,112.17519976476784,0.3655867156346307,2.1569616222443213
2020-03-15,Capsicum,Sandy,6.4189145470019024,22.808231982528,69.86230695013951,9.540965933775366,10.083547041721385,19.829449216202214,159.4473854912619,0.5509269597080121,3.250469062277272
2020-03-16,Capsicum,Sandy,6.447709318453283,26.12380833740675,67.59005215688049,12.344870403224036,11.685990484340369,12.741361671919384,134.48891741731833,0.6811767457443546,4.0189427998916925
2020-03-17,Capsicum,Sandy,6.5026514506917295,28.83184892139847,68.07093122159506,8.671738144312922,15.807968298534757,12.02656921990431,103.49058590731093,0.4855127088459876,2.8645249821913272
2020-03-18,Capsicum,Clay,5.5962580472543175,25.82794476834703,66.18304891353753,5.188808785762347,17.143875620372924,14.421541137865827,154.1641507833053,0.5204759918626988,3.070808351989923
2020-03-19,Capsicum,Clay,5.9660054471075545,23.86251267290839,67.41749042553401,6.005303586918359,19.16643102693916,10.568405707123885,138.7845099685847,0.2111567487541987,1.2458248176497726
2020-03-20,Capsicum,Sandy,5.650629777382669,26.182539567924227,67.14574745979161,9.962194794899244,17.054966519346237,19.784944646717907,110.10764923717426,0.8317527397665857,4.907341164622856
2020-03-21,Capsicum,Clay,6.622034453638271,21.9833654277231,65.37447921000992,11.899643571263624,16.71779270254866,15.884335564164248,180.19203922559825,0.8429793583936356,4.97357821452245
2020-03-22,Capsicum,Loamy,6.310287564875825,28.109272642123187,65.53080176773733,8.34735326579279,13.943411463506642,15.569520916641753,191.50767652788062,0.6467412723344029,3.8157735067729774
2020-03-23,Capsicum,Sandy,5.930167432308444,25.02467160623869,69.18736259809387,11.954884591776503,10.012844255268014,16.5579627989972,175.659393401413,0.1141051271472197,0.6732202501685967
2020-03-24,Capsicum,Loamy,5.58262585537183,24.594797936317136,66.19909976103295,11.98635589431956,11.20159258735622,14.970236477772065,182.24223100162772,0.5296593727226608,3.124990299063699
2020-03-25,Capsicum,Loamy,5.904277018230361,25.686918307628154,65.97479135749315,12.039359073278307,15.345545447560392,10.320635170945415,121.64905672661173,0.6033751776708909,3.5599135482582565
2020-03-26,Capsicum,Sandy,5.922738318634771,25.99827090231522,67.5245572562507,9.925218540205083,16.751298858444198,16.123112888403966,126.3572950918601,0.8957233783664881,5.28476793236228
2020-03-27,Capsicum,Clay,6.448488031839483,21.574206449812102,68.84373565681257,14.14886150121504,14.174482838964625,17.161738769564305,120.85275402991877,0.8968535641558375,5.291436028519442
2020-03-28,Capsicum,Loamy,6.328824712761777,26.46093776978722,65.30973259289495,9.891965179806157,17.306790115283903,14.16749060624053,176.50634313655638,0.7860889882604459,4.637925030736631
2020-03-29,Capsicum,Sandy,6.653376565349224,22.935453442524235,67.88403959819128,9.502651934966382,15.218622953321788,17.57295572071193,194.7917078934497,0.1510647936208908,0.891282282363256
2020-03-30,Capsicum,Loamy,6.113879402710534,26.711621060052718,65.59605221420287,6.99380819010627,10.741761955943122,12.270012993384206,171.68372067339027,0.862621112622984,5.089464564475606
2020-03-31,Capsicum,Loamy,5.655472519719792,27.580278355073574,65.1823052541281,8.076550873563365,11.92016250967949,12.21276591066184,188.1466764879556,0.5901289977215993,3.4817610865574364
2020-04-01,Capsicum,Loamy,6.427218223389893,27.43166806042016,65.26371976081109,5.4233449251830335,18.399982232439427,11.614169876875739,163.86990948831726,0.7407094163833435,4.370185556661727
2020-04-02,Capsicum,Loamy,6.489020563201967,25.420007739263113,69.1708205410422,11.3353529361617,17.249127466244396,13.719947597891618,138.7659900558799,0.4257542797486828,2.511950250517229
2020-04-03,Capsicum,Clay,6.229660356840345,25.16135913848601,65.58986241814031,7.485357439270929,18.94761987012495,18.470120353890835,142.57616149303053,0.3557355769876719,2.098839904227264
2020-04-04,Capsicum,Loamy,6.502257333940929,22.143007690715294,65.22575682206146,8.041552544854651,11.175572491209365,18.27912062149064,107.53214321674048,0.4705953163870464,2.776512366683574
2020-04-05,Capsicum,Loamy,6.141934275273708,27.202769203225085,67.18949943571457,12.708145216643212,19.90222534615074,13.828242079635038,103.14571952460261,0.2174996103750615,1.2832477012128631
2020-04-06,Capsicum,Loamy,6.179552678196592,23.171275043573715,69.21996735971013,8.272211831614538,12.094067139499336,15.891187359802366,169.54756041890772,0.3856529110026448,2.275352174915605
2020-04-07,Capsicum,Clay,6.055803323866114,24.973563382543574,66.31204188244651,7.421958920131422,10.11779876286642,17.208163164749156,143.84288920111806,0.7860939998146229,4.637954598906275
2020-04-08,Capsicum,Loamy,5.533044864767324,23.274192743420134,67.10856308762958,6.6905774913370575,19.97422939053554,12.41206774628023,155.22150680546295,0.1303603890087052,0.7691262951513607
2020-04-09,Capsicum,Loamy,5.640258855091296,22.070626903997546,65.19961266281875,12.74858402181956,12.810738854451131,11.681410858947471,155.76612476224165,0.2207024374596836,1.3021443810121334
2020-04-10,Capsicum,Clay,5.540857941392755,26.03646157513389,67.24539257067438,6.297062579900269,16.6801945251256,19.720959932123108,127.73758133333014,0.2000929277195884,1.1805482735455717
2020-04-11,Capsicum,Clay,6.327333534642914,21.43465627858323,67.88806540318566,9.537537602503535,11.766823141763052,16.175573132096183,147.58925108294906,0.4224604341601824,2.4925165615450764
2020-04-12,Capsicum,Clay,5.9086627753992245,26.9891618730096,67.85453526876073,10.069301160771944,15.802285321991416,19.81415721833664,147.07602216677023,0.8975895207126894,5.295778172204868
2020-04-13,Capsicum,Loamy,6.1611418985141135,23.540694362088935,66.66213346087183,11.873899126857149,19.040349864545593,13.37755987132229,138.8427221227857,0.2386863441691061,1.4082494305977264
2020-04-14,Capsicum,Clay,6.679836416103921,21.001077544035883,66.57766590331568,11.332834823329954,13.201811674284386,17.030316999741316,182.06753834010703,0.2163861196794081,1.276678106108508
2020-04-15,Capsicum,Clay,5.8240798978935375,25.089033113897838,65.53311809468299,13.107206729451748,16.702539760443592,12.226036365412376,145.1164003687596,0.8320445838209236,4.9090630445434495
2020-04-16,Capsicum,Loamy,6.033497799946319,21.374815268220825,66.83399160323134,5.447514339262382,11.879035887984164,12.61200171273913,160.36445245059878,0.8056404135727726,4.753278440079359
2020-04-17,Capsicum,Clay,6.482216480105963,23.209356462567197,65.49747334436482,7.964407247793972,16.247953987187252,15.11902121269624,189.5520120380826,0.1257922959972435,0.742174546383737
2020-04-18,Capsicum,Loamy,5.797437615139109,26.65581189964573,68.83297972356026,7.801341187753797,13.364503518175102,13.196181255080713,186.62336228589226,0.701364768143452,4.138052132046368
2020-04-19,Capsicum,Sandy,5.600073882777431,21.501516972974926,69.83137148874093,6.4601690559210825,12.112082585879516,11.676215638405845,189.04222037791652,0.6243725611811437,3.683798110968748
2020-04-20,Capsicum,Clay,5.876676888787898,27.71470793884802,69.85037228333354,7.891782538564431,13.131820507036352,12.62880701989326,127.0004996465014,0.7141926478821672,4.213736622504786
2020-04-21,Capsicum,Sandy,5.709587673430206,21.030559381268667,69.32535549687697,8.097653141429035,11.788410685077993,10.357483944658647,103.49824883080629,0.4956019638367377,2.9240515866367525
2020-04-22,Capsicum,Loamy,6.708606948045345,22.97459095361522,68.0039607466981,10.218844619274783,19.01916107837883,17.044236214774866,126.10667998953292,0.8931033747586364,5.269309911075955
2020-04-23,Capsicum,Clay,6.550556493433742,26.92723244921657,68.50432848621939,11.63704478926256,13.971868863171288,14.921166570858617,127.87073456207087,0.1350776149687705,0.7969579283157464
2020-04-24,Capsicum,Loamy,6.3234248834635505,23.530161197834452,66.42602901340207,8.81100513611814,12.452793049743674,10.942430664045256,190.93603267249682,0.2874972691230446,1.6962338878259635
2020-04-25,Capsicum,Sandy,6.632898767244033,21.815139104528107,68.1538521008631,12.194702313133812,14.484078410159329,11.716939931284912,164.92427328379705,0.4172367895788921,2.461697058515464
2020-04-26,Capsicum,Loamy,6.544773699968848,23.881871350403422,67.27824774719939,8.3616533857958,13.205361668064956,11.02534538112644,108.17039596022288,0.4598223532525626,2.71295188419012
2020-04-27,Capsicum,Clay,5.742541076551847,23.163146291076202,67.41008669888467,7.9028367731476035,17.444192538133258,16.125928082758765,113.53785960111011,0.837093922159615,4.938854140741729
2020-04-28,Capsicum,Clay,6.660326698036971,27.741695217284438,68.78888280187579,10.411880558570244,19.712199118854944,10.942103636124937,115.56761255419754,0.5480034912618071,3.2332205984446625
2020-04-29,Capsicum,Sandy,6.201144914490346,23.506783340681146,66.40959177798626,5.2371636030579065,14.380336566976467,17.54282333035216,163.04217481689233,0.1360887964163151,0.8029238988562591
2020-04-30,Capsicum,Loamy,6.549672201713281,27.311459774208057,66.5901980584726,5.797891236340004,18.610333999722403,10.205109193203912,173.5414025507003,0.4262903707405295,2.5151131873691246
2020-05-01,Capsicum,Clay,6.664918689900541,28.134977158485878,69.62320895564318,9.17969543586527,15.658630735596194,12.49375787995892,185.96439105653963,0.4331923298952559,2.55583474638201
2020-05-02,Capsicum,Sandy,5.913404517463423,24.470539356612235,65.28112147425486,14.429127113917565,11.572356650942336,18.906666758919073,194.0636550806243,0.8723927507502278,5.147117229426344
2020-05-03,Capsicum,Clay,5.64306750188598,28.279545150835137,67.4281714920667,12.215117798434235,16.906227420813416,17.18531318122246,120.17045573864418,0.5793576728168865,3.418210269619631
2020-05-04,Capsicum,Clay,5.7963157113045245,24.018544431705543,69.56400400203931,5.8812656950055775,15.134344971258201,10.729683329256877,130.9772484724049,0.6085208569271511,3.5902730558701914
2020-05-05,Capsicum,Loamy,6.055240125214133,28.712627331920864,68.05181503909078,13.463180127808736,16.506065232521035,18.211261044851796,124.03228807448306,0.6706024250010166,3.956554307505999
2020-05-06,Capsicum,Clay,6.563419195699241,21.714316196204585,67.73203537106066,12.32300770608181,18.89687412571665,14.930351215402048,135.8761567466138,0.7160314525456987,4.224585570019622
2020-05-07,Capsicum,Loamy,6.618949758233247,26.496154132025943,66.24872089614678,11.109465257026532,14.404345706560461,18.467830271688292,191.46651074237494,0.6080408561619913,3.587441051355749
2020-05-08,Capsicum,Clay,5.509037769690548,24.95051232365543,66.71637744532224,13.202929606091772,19.011776232173556,16.007397744503933,157.51125669393616,0.2897554809071484,1.7095573373521755
2020-05-09,Capsicum,Sandy,6.163971493350836,24.101190443645176,69.26024207902347,9.041098477429571,17.50669014281655,16.818330320328588,173.8191897324499,0.7992367314729314,4.715496715690295
2020-05-10,Capsicum,Clay,6.042634304093412,26.061695029988808,67.79609065884229,7.215010508538527,14.886049258779847,19.935015603957083,149.0119236126782,0.6856958403285042,4.045605457938175
2020-05-11,Capsicum,Loamy,5.78874015361195,26.63085673307465,67.5737109687839,10.120233891087594,16.032221356579637,12.323355459240181,102.88579133361246,0.6934963880775646,4.091628689657632
2020-05-12,Capsicum,Loamy,5.655824977533787,21.03490615720247,65.49789856770015,10.488417555934738,13.255811325190114,16.23945574761388,106.41954859978144,0.8972453913877994,5.293747809188017
2020-05-13,Capsicum,Sandy,5.938899722824717,22.33562470997759,65.08014078227562,10.38326372009912,19.835972997387742,14.603213900573984,153.79230312678857,0.7420212278906527,4.377925244554851
2020-05-14,Capsicum,Clay,6.725782615086275,26.70436840507455,69.81842594343524,10.650737914801052,16.67351163050396,10.394519529226914,171.87890348200256,0.7633211225241227,4.503594622892324
2020-05-15,Capsicum,Clay,5.920163811626982,26.33108330862565,66.88493083643421,14.487049182391807,10.438468524966298,10.14470641502865,121.53305275287315,0.8611244125681268,5.080634034151949
2020-05-16,Capsicum,Sandy,6.174427808266376,28.728380041029418,68.01606531049752,14.022456230962314,13.266219057480088,11.192285778178586,172.1909573992304,0.2209071998791151,1.3033524792867792
2020-05-17,Capsicum,Clay,6.413924646563731,27.088302322006264,65.39857536593642,13.757170365589394,16.233144337590574,16.49091740538548,181.06657734835125,0.4981819011824543,2.939273216976481
2020-05-18,Capsicum,Clay,5.972718483093082,28.606181661850705,68.41557142861524,13.014168109086272,10.563332777992398,15.671630879133922,141.18974783621113,0.5644536188726301,3.330276351348518
2020-05-19,Capsicum,Loamy,6.763316707537249,26.620324012278456,69.6628335435298,14.434281072652851,10.238841913191427,15.534295611637274,174.6419232844105,0.3634205833779661,2.1441814419300003
2020-05-20,Capsicum,Clay,6.751181483424745,23.384417669115546,67.8783262649871,5.984946416794033,14.500242395278025,10.3185676252826,140.40299503284598,0.7715226751156045,4.551983783182067
2020-05-21,Capsicum,Clay,5.827316984572973,21.84291937800685,65.63057661187705,7.651232614457395,13.3269017969267,14.69302996360007,167.835062945502,0.7099356973165788,4.188620614167816
2020-05-22,Capsicum,Sandy,6.146423057660101,27.254590906759486,67.90860763736738,9.950559456545848,14.382986080331658,19.246228178425284,176.39970493195432,0.6767064596064992,3.9925681116783456
2020-05-23,Capsicum,Sandy,5.8911418027618,26.153193771807327,68.83173606552326,13.465344931234052,12.626933098800052,13.975918693106467,199.19266183081106,0.8977195518065335,5.296545355658548
2020-05-24,Capsicum,Loamy,5.870292642690708,21.38548809914637,67.0320826828701,10.051657115227323,11.64717746942981,16.249224697884564,134.5396662063596,0.3075050987267124,1.8142800824876035
2020-05-25,Capsicum,Clay,5.547953031560892,23.880403727207828,69.39918873970734,12.480347393415888,16.891433569803375,17.798186756231438,141.10407805746115,0.6883658013403371,4.061358227907989
2020-05-26,Capsicum,Clay,6.292433634173866,28.65439852387429,68.24341476678683,6.389599052489162,15.145711162678005,17.839252791418875,116.56200594101713,0.5411235799247205,3.192629121555851
2020-05-27,Capsicum,Clay,6.15348273019752,25.00320916568161,69.49624459144601,7.524138129765602,12.001542112493668,15.192800823952712,120.4073058401807,0.3503913459951009,2.0673089413710954
2020-05-28,Capsicum,Loamy,5.566922376624986,24.461833088157636,68.11752655623668,12.317760950376725,13.195894262599984,18.579519454023362,169.3395002598378,0.2284694965785006,1.347970029813154
2020-05-29,Capsicum,Loamy,5.862240403507595,24.661596841274353,65.65643986002412,6.6473400888772405,15.918079076633258,13.913780933637469,191.70455901544761,0.8167070696540377,4.818571710958823
2020-05-30,Capsicum,Sandy,6.6807456517566495,22.67106179204131,66.54845855552594,8.513559346549268,10.722293482724778,18.886932147847983,139.46049516612405,0.5763643861662763,3.4005498783810304
2020-05-31,Capsicum,Loamy,5.811430457867064,23.949657366918363,66.00897474126228,7.648662578135714,11.474530092661796,12.402271663955453,117.98444468355413,0.7599470701126357,4.483687713664551
2020-06-01,Capsicum,Clay,5.68836333371859,23.958506047897412,69.54413248858431,8.498616942224785,10.7324560410739,12.80216406990571,128.5099499382994,0.5362759872012359,3.164028324487292
2020-06-02,Capsicum,Clay,6.136288588360832,21.41884016149978,68.80200033643742,12.083240490779705,18.12317332714119,10.531206241990011,145.50517048081386,0.2759816645232156,1.6282918206869723
2020-06-03,Capsicum,Loamy,6.781345590343781,27.140541028143346,68.38199184455003,8.678471811428011,17.52409233212009,17.95581836542283,129.06503293653685,0.3700390504802602,2.1832303978335355
2020-06-04,Capsicum,Clay,5.814671852964951,24.332035455231033,66.5048315981581,10.552633226079402,17.53312931879257,14.170552362327056,123.35790831218662,0.4052310739788373,2.39086333647514
2020-06-05,Capsicum,Clay,6.373776211627642,27.577439094531385,65.92022386025107,5.999318770544097,17.16325343476028,12.29116613911399,173.59844887570796,0.8783478500029619,5.182252315017475
2020-06-06,Capsicum,Loamy,6.490105499927333,27.802784008959165,68.78225543994456,13.05017693234628,16.69385423669869,12.317902776165797,100.78449212406233,0.104506622705106,0.6165890739601255
2020-06-07,Capsicum,Loamy,5.808928807190119,22.695952437589263,67.3707897293954,8.698886256481249,14.76991915378175,19.013999412292332,153.92305273364832,0.8885328184196056,5.242343628675673
2020-06-08,Capsicum,Clay,6.446681253195417,26.258827857361027,66.12894776075315,11.485341590333425,16.42278163507115,18.33916600461037,179.3766807029754,0.8843693080878645,5.217778917718401
2020-06-09,Capsicum,Clay,5.978118072535029,24.778254433303854,68.08310989082638,12.253896016618327,10.383615547879746,15.535308853571834,126.62282863174681,0.8969206324241092,5.291831731302245
2020-06-10,Capsicum,Clay,6.321997579771653,28.04125390337188,65.20166926069226,7.096609221117004,16.214644226567845,16.16110800415721,160.32915106120174,0.4812705431357077,2.8394962045006755
2020-06-11,Capsicum,Sandy,6.323588623989163,22.725925433411632,66.63085127064127,13.8467498495335,17.77877705536877,14.74325570550291,166.8900105618618,0.8710471756967997,5.139178336611119
2020-06-12,Capsicum,Sandy,6.196507089297186,26.422505602480353,67.34278497295567,11.16224251606953,15.003583603843902,13.91666542878809,165.502469640509,0.4164793454798619,2.4572281383311854
2020-06-13,Capsicum,Sandy,5.6173767010707305,25.86201697802178,65.73979167054704,9.287251417514817,13.575133284272368,19.154768812183313,144.58496341987177,0.1210355525347093,0.7141097599547854
2020-06-14,Capsicum,Loamy,6.585893244266009,23.362411820574664,69.9232723879542,6.823351835782195,12.774267348009792,11.25612703520302,134.65779878757792,0.2794777490974116,1.6489187196747288
2020-06-15,Capsicum,Sandy,5.917014084463257,22.09280722920938,66.04548682294808,14.423009379012068,16.428020501620825,14.184467897162278,183.59240730278134,0.8562369959499078,5.051798276104456
2020-06-16,Capsicum,Loamy,5.74247406351981,26.213118083818213,65.65176565021633,12.55068204131625,16.928011986299087,13.445619079878753,175.84459569998643,0.1110117546683199,0.654969352543088
2020-06-17,Capsicum,Loamy,5.5530076840211935,26.908779665058645,66.01767436943449,7.080245627332489,18.709675998625425,14.981507202511484,132.12551734139126,0.5367953083383801,3.1670923191964424
2020-06-18,Capsicum,Sandy,6.268160826144714,23.5250187501068,68.84530566579862,8.377107747242245,13.423340824609907,14.57631874545175,110.3019194442206,0.1604812711157432,0.9468394995828852
2020-06-19,Capsicum,Sandy,6.380833670394967,26.158660832178512,67.12752829635922,13.096742580880733,17.697723073855855,15.188895316510814,107.18075454454691,0.3291172627420627,1.9417918501781704
2020-06-20,Capsicum,Sandy,5.521564177606213,24.161047260892026,67.82707969876269,11.956776632153389,15.61355824189338,11.39918977226994,109.42759778989361,0.1704742805695093,1.005798255360105
2020-06-21,Capsicum,Clay,6.165720975789065,26.70565506626094,65.1050457849318,12.657842927157244,18.82836490678079,15.13141501513277,158.28693611920428,0.7876228968904452,4.646975091653627
2020-06-22,Capsicum,Sandy,5.794444507757319,22.593722199152424,65.17215654286657,9.412011022129324,15.278121082956208,12.424188138872108,105.16621758289897,0.5728565677181646,3.379853749537172
2020-06-23,Capsicum,Clay,6.338724627532285,28.121720021089395,67.22912774913507,12.16476262642167,15.176298283979673,11.843313489881913,133.69268749640383,0.8216851725746503,4.847942518190437
2020-06-24,Capsicum,Loamy,5.726676357706489,23.29927677172464,69.08327621600812,8.864937228639137,15.778770814409091,10.648342187861912,175.31997019142295,0.6506825596321827,3.839027101829878
2020-06-25,Capsicum,Clay,6.398219059533206,23.942287902049223,69.42619439353783,7.1126291693819645,17.493153551424342,17.62652558756141,129.4348166515378,0.8768233049960797,5.173257499476871
2020-06-26,Capsicum,Sandy,6.002755950190698,21.4647356166428,65.4335328379782,11.3267703484136,19.64690478828461,14.2744192085656,176.33080771801298,0.5079021238083253,2.99662253046912
2020-06-27,Capsicum,Loamy,6.717748985357755,21.89209769857021,67.69181551050511,14.760139255987944,10.735633542157657,16.266436833117584,174.54670382070555,0.6109684654102996,3.604713945920768
2020-06-28,Capsicum,Loamy,5.678777227389792,25.126895221698625,69.56614843139636,8.106009713953295,10.534346023910171,17.275933433047435,124.58271326332164,0.5610470559112453,3.3101776298763474
2020-06-29,Capsicum,Loamy,5.943386256365336,23.140741413823772,66.93986377198944,9.609695922125397,19.375503374073386,16.793166653135536,172.88221800927454,0.4874083435572902,2.8757092269880125
2020-06-30,Capsicum,Clay,5.647515577612766,27.683841805937554,69.14782915714184,11.740013710698536,15.298756255182061,14.705007190896822,174.77766382721006,0.7767674923384101,4.58292820479662
2020-07-01,Capsicum,Sandy,6.702101703762132,21.11754710923963,65.66847827199719,10.41506282122488,16.14903014566936,13.8789852895173,139.7453925667027,0.6156201085362881,3.6321586403641
2020-07-02,Capsicum,Loamy,6.6405411593952755,24.03275238937549,69.676972448339,13.434277957090492,14.824236015947289,13.759599096406637,121.04204837415182,0.7410498118843782,4.372193890117832
2020-07-03,Capsicum,Loamy,5.835324116029702,23.69876437415274,68.75711658765651,12.61742706469516,10.936574526074745,16.400487969300563,152.12708068918693,0.7290911492819306,4.301637780763391
2020-07-04,Capsicum,Loamy,6.3579792598444325,21.154621047340807,69.70667196393451,5.58297203862357,17.680893784186665,14.947943549418735,192.13975880001965,0.2528361285242362,1.491733158292994
2020-07-05,Capsicum,Clay,6.5623888602615805,21.994947192004084,68.38308616776253,14.98421233923774,17.47224645088587,18.491322479885106,163.9616732432062,0.620130826014115,3.6587718734832784
2020-07-06,Capsicum,Clay,6.221761055079301,24.30914139934908,66.81701965999713,12.524024537194672,13.11703321492812,18.747019843267122,117.29224976272612,0.2597184153450673,1.5323386505358974
2020-07-07,Capsicum,Sandy,6.188545751862808,24.942916675579575,69.69090586262361,13.639033162941132,13.062392452284005,11.705603780065184,168.275692473352,0.5666563825950167,3.343272657310598
2020-07-08,Capsicum,Clay,5.814407978170587,24.234317978038952,66.3778338815459,11.511977120953464,18.378413809055186,11.362336515457256,142.72030272818347,0.6419477475570404,3.787491710586538
2020-07-09,Capsicum,Loamy,5.621033598147669,25.24750142729675,66.66086261030867,13.562851280467624,10.723572577413266,16.304009260359997,159.15287973553728,0.8977880572700695,5.29694953789341
2020-07-10,Capsicum,Sandy,6.6663804853393245,25.76105339924545,68.5040420900087,6.123829749287094,18.811051483565656,13.012257480622793,173.4064035023108,0.1244335825197907,0.7341581368667651
2020-07-11,Capsicum,Loamy,6.670543474312329,21.079390569022685,68.82658149762693,8.477378355593157,12.566616898959143,10.185707187650989,151.49473515144447,0.1729939152909767,1.020664100216763
2020-07-12,Capsicum,Loamy,6.323031894455248,24.712761275628033,69.64701741924577,13.764209436044927,15.92984747755494,18.886426693629552,181.39839745733087,0.1616213570969852,0.9535660068722128
2020-07-13,Capsicum,Clay,5.940738728363311,28.707993927100706,66.02401204528105,7.016552112668922,19.35994179001778,12.269007672438082,172.21555793166277,0.4186890290133921,2.4702652711790134
2020-07-14,Capsicum,Sandy,5.953972446996459,25.15225824103639,68.98999017609611,5.782420985800227,16.781225015366466,19.292806516858093,161.50733400185106,0.757270689188651,4.467897066213041
2020-07-15,Capsicum,Clay,6.443742382531311,26.420338139671625,68.69273026698482,12.88118939945219,14.144298124670366,17.174344508782536,115.07928158323514,0.7752450662297086,4.573945890755281
2020-07-16,Capsicum,Clay,6.66624333793835,23.494910863335065,65.31897278126799,13.354861556432962,16.895342089054154,17.626534899114844,183.59491109115683,0.6895836765769213,4.0685436918038365
2020-07-17,Capsicum,Sandy,6.653212351544653,27.1919310252221,66.93611570605104,6.626522181899006,13.439796363163701,12.014614957931604,193.5905585319816,0.8175025934639581,4.823265301437353
2020-07-18,Capsicum,Loamy,6.513838209614911,27.18337185500892,66.4138272853005,13.543459827827157,12.77258416349186,12.34194425616813,113.69651238092948,0.358287955335562,2.113898936479816
2020-07-19,Capsicum,Loamy,6.334641140000574,25.17036838123311,66.52245212177016,11.867677955971695,19.966832779346795,15.212677538240658,148.82411294334304,0.1705237154018393,1.006089920870852
2020-07-20,Capsicum,Sandy,5.609381954493563,28.80811058623371,69.9147343977735,10.20082683216584,17.507902311797878,11.720998526498622,125.88887419705046,0.1465224223918801,0.8644822921120926
2020-07-21,Capsicum,Loamy,5.710117328322998,22.004401718101228,68.21388706739964,13.30250192781385,16.447199773818177,13.054316926830323,175.45233074255646,0.781706175695509,4.612066436603504
2020-07-22,Capsicum,Sandy,6.6681204450852025,21.135581319116646,68.5883807889675,9.192492493189658,13.552896432193187,13.214624779478044,172.16296360047,0.684349035482953,4.037659309349423
2020-07-23,Capsicum,Sandy,6.288357777557467,27.161265694056766,69.88308818657505,6.939939562233972,10.491608291550481,11.596299332527641,114.08851205703988,0.6588922448088967,3.887464244372491
2020-07-24,Capsicum,Clay,5.511956167101618,27.45724429891906,66.88600891228819,7.848526766106136,10.310568760351556,12.051828333951608,187.70272712616372,0.371741070836535,2.193272317935557
2020-07-25,Capsicum,Sandy,5.631913005725842,21.96165783296461,69.00920084226404,10.051640182933149,15.541812554487988,17.885518420082565,118.09730639780022,0.403924150894581,2.383152490278028
2020-07-26,Capsicum,Clay,6.362552299840472,23.12466266366885,67.17265481652248,10.313307926731756,17.62032721039051,11.671958545472684,179.72590256481075,0.8664908231194554,5.112295856404787
2020-07-27,Capsicum,Loamy,5.506580059000084,21.140418906933032,69.3476683590749,13.055808264412336,15.373791904438551,10.284573918439225,145.69803596280047,0.151043795278348,0.8911583921422533
2020-07-28,Capsicum,Loamy,5.709050466842748,23.346468886244516,65.90328770655651,12.913527236523343,18.407850719391146,16.293549426289385,132.82722935581512,0.7189853895502342,4.242013798346382
2020-07-29,Capsicum,Loamy,6.213353926176562,27.185134991349372,69.73843088532139,10.81366557204575,10.334265330932217,19.759831193924498,115.82392626742136,0.3477066589667145,2.051469287903616
2020-07-30,Capsicum,Loamy,6.399463757000501,25.14368422170063,66.09385854205439,12.807854833654764,13.6675207642594,13.312138146231213,116.76142561466294,0.1312436947300448,0.7743377989072648
2020-07-31,Capsicum,Clay,6.347549637353381,23.784764745346305,66.63110253490466,6.91773458293671,12.370703911741781,11.186557031962522,166.18905547009,0.6940560885939648,4.094930922704393
2020-08-01,Capsicum,Loamy,5.791550102298728,23.973914359250642,68.7809611705339,5.500645270932943,14.47272968157122,15.703873253675308,155.04303879471206,0.3647295085426997,2.151904100401928
2020-08-02,Capsicum,Sandy,6.425832987751797,21.010829005723746,66.96877570782704,13.736338226347002,10.723763931941225,19.063542110956462,112.20854216512328,0.6777180149942372,3.998536288466
2020-08-03,Capsicum,Sandy,5.80842381374584,23.398404220521886,68.04105688383223,5.755544937627696,19.541316415710725,17.84061779828479,111.26978604383253,0.6661235064944961,3.9301286883175273
2020-08-04,Capsicum,Sandy,5.923019607607048,26.171669933103445,67.22286750534714,7.466884297439973,12.232554010693608,16.22515868412716,107.23105747727915,0.5278295003464921,3.114194052044304
2020-08-05,Capsicum,Clay,6.470438826653432,28.793555550530858,68.71184968544891,11.953189496243846,19.22307775483585,13.150564966075994,174.3767347373544,0.7218985033684391,4.259201169873791
2020-08-06,Capsicum,Loamy,6.344522768761379,27.776486615871196,66.14165626184305,9.094479376273092,14.258931550366817,15.4188017327622,171.1882085229289,0.5648306593369948,3.3325008900882698
2020-08-07,Capsicum,Loamy,6.603990433642431,21.18875971716423,65.29228993618439,13.763139699155088,19.855241332552183,10.912448413042554,105.84309908545751,0.3293094822786085,1.9429259454437904
2020-08-08,Capsicum,Loamy,6.354896759990446,28.188484837398715,66.49964698736534,7.979797946622695,15.540583834602106,16.7894542428067,156.0270075596973,0.6872922408515352,4.055024221024058
2020-08-09,Capsicum,Clay,6.238801184336113,27.26558730638901,67.37154332434216,5.118713466693593,19.308328641758074,17.250960188976507,108.467615524269,0.5713118527021789,3.370739930942856
2020-08-10,Capsicum,Sandy,5.62177719817652,27.243008988567844,65.8401002609634,8.00655640560744,10.053489886942229,19.65031622909919,190.37457706089418,0.1101818253519364,0.650072769576425
2020-08-11,Capsicum,Sandy,5.978030543977264,24.663966072028572,66.77398644828195,10.780750491848316,17.482388061809,12.603973587450717,190.71174191801325,0.8213153422162475,4.84576051907586
2020-08-12,Capsicum,Loamy,5.844763077986243,24.184042343636023,66.99991509146784,8.759383754032934,19.030506531025154,10.184564190430226,169.823298981313,0.5365148946594508,3.16543787849076
2020-08-13,Capsicum,Sandy,5.817186536392809,23.42332583066554,65.28695921844137,10.348727557587551,11.39720566978954,15.456084644271506,192.618892143945,0.7949018123836255,4.689920693063391
2020-08-14,Capsicum,Sandy,6.764913721178179,21.525558871634928,67.91653624092102,13.765981188350189,10.961258517321514,17.067905043968146,181.14530304136906,0.8061894711857958,4.756517879996196
2020-08-15,Capsicum,Clay,6.011027042066789,22.82588290794959,69.42171713985644,14.124850542303683,14.245726071859556,17.90407475882988,182.85385759270494,0.4559733253880708,2.690242619789618
2020-08-16,Capsicum,Clay,6.659660521730247,22.972829079824198,65.75871456476526,7.659740646541121,19.336789061329352,11.937389330248106,156.97078505699332,0.5061279971609848,2.9861551832498106
2020-08-17,Capsicum,Clay,6.320480213796442,24.872616557681614,67.98904006700756,9.621404732699007,15.423865601904387,12.617528690370236,130.6059198216176,0.4326035101404816,2.5523607098288417
2020-08-18,Capsicum,Clay,6.5332546946041425,26.97955525277355,68.32369602455424,10.491440152414512,15.27456463721732,15.125909252672963,121.77991151164215,0.4595494202464364,2.711341579453975
2020-08-19,Capsicum,Loamy,6.15342822103675,24.790478627183575,67.09667340209644,14.491124568882473,11.411261182993218,13.30600809970002,132.72000220389293,0.8161177271773823,4.815094590346556
2020-08-20,Capsicum,Clay,6.249975050014267,21.462755595577285,68.50548793682135,14.986173191643848,10.007895110932187,18.605114865874448,162.8495430089062,0.7305152111743288,4.31003974592854
2020-08-21,Capsicum,Sandy,6.140273001964523,28.66231840790563,67.05365771745505,7.354072488415266,18.10140090745461,14.737601537387203,117.2656535832399,0.2012205410524624,1.1872011922095282
2020-08-22,Capsicum,Loamy,5.753815884137458,28.541794552752897,67.52318643988717,12.269798713458156,10.875745629862383,17.99578644102003,125.86402366373216,0.5882462252320767,3.470652728869253
2020-08-23,Capsicum,Sandy,6.439187749839957,27.281516345187267,65.03676522277213,8.780310622331951,16.338498187353238,15.806197604823538,146.80608627954643,0.8967253123090738,5.290679342623536
2020-08-24,Capsicum,Sandy,5.865004071173113,28.930623212513765,68.45860057067344,5.081081968862132,19.146164545151915,17.730901416171122,123.30500985246155,0.5764405609859886,3.400999309817333
2020-08-25,Capsicum,Sandy,5.53161075636089,25.355858662402103,68.30671339472362,5.092525224359024,12.08651913158431,13.326729865303239,158.86436697160616,0.7286973004744844,4.299314072799459
2020-08-26,Capsicum,Clay,6.339113984679318,28.70214680202565,65.19200438663172,9.605660075622556,16.652728362369107,18.31416621930311,192.317602845633,0.7152491787049368,4.219970154359127
2020-08-27,Capsicum,Clay,5.730243883229163,21.604840324934006,66.84125053697566,9.883349130043346,10.786985767075095,12.745723155510216,174.80893657031265,0.3802540206978628,2.243498722117391
2020-08-28,Capsicum,Loamy,6.722596159658789,23.92544598609097,69.89515920395834,5.225696965734427,16.03755143837613,15.460988080032909,166.6426614148913,0.3974794421631671,2.345128708762686
2020-08-29,Capsicum,Loamy,6.740107150103364,22.803050144054126,67.10368281284309,11.869274167743026,11.639317209532027,12.140071131738743,158.27214759837787,0.6792611374323225,4.007640710850703
2020-08-30,Capsicum,Clay,6.689323707286583,22.56666467307416,67.5097270256592,7.940033885949531,17.35953560515178,14.755265216261932,148.79479092570648,0.499986825283868,2.949922269174822
2020-08-31,Capsicum,Sandy,5.981206310332078,22.12642359114141,69.5496507907986,10.598931015359494,13.012312947939082,13.181752095087031,118.65638596346597,0.5564565673043104,3.283093747095432
2020-09-01,Capsicum,Loamy,5.5200936014875275,25.979309132527973,68.58630937932878,8.009190731654188,14.633910088046463,12.667034306372143,189.47104554268657,0.6703246322918701,3.954915330522034
2020-09-02,Capsicum,Clay,6.706814131364043,27.25057484597844,67.91035065562112,6.671343148693072,15.994305420276216,19.669850180280374,124.85360020128363,0.7220600216312402,4.260154127624317
2020-09-03,Capsicum,Clay,6.056639392812508,25.626387195362884,68.98902340670536,9.071737385988753,11.712734106662396,11.600741054867306,109.13088775781608,0.317213262186457,1.8715582469000969
2020-09-04,Capsicum,Clay,6.75665126475677,22.17570167670568,69.32183133227987,7.322733647905007,17.41637818617621,17.87325837457395,175.00151792286954,0.2174350075495703,1.2828665445424652
2020-09-05,Capsicum,Sandy,6.752705970216029,27.488990159467768,67.28444035868634,10.34800976919168,13.026403406368146,19.84164959483215,117.56155343311664,0.3334357173789802,1.9672707325359835
2020-09-06,Capsicum,Clay,6.6089122921075685,26.087637657309827,67.37554182465918,6.988285302864799,16.623718599127535,10.199014837400778,137.1895999541176,0.5060306600736605,2.985580894434597
2020-09-07,Capsicum,Clay,5.882783559690461,24.105325649015963,66.93025467825917,10.08405976644627,11.582830506993737,16.99027414042095,102.82849282909797,0.3737130538376313,2.2049070176420247
2020-09-08,Capsicum,Clay,6.000627047182503,26.393042364288505,69.8335307000923,6.573785148688676,16.881176592063504,12.529118055562872,113.70679425404481,0.554690207078075,3.2726722217606428
2020-09-09,Capsicum,Clay,6.606477672971914,23.079239833942662,68.48583127145176,11.70974709485785,11.281880728104618,10.404878243283044,117.32036307599121,0.1427725793005027,0.8423582178729664
2020-09-10,Capsicum,Loamy,5.911998606703161,23.761537667953682,65.41611533104036,12.53937684441424,14.253564962699837,14.028895789566308,105.4410127750178,0.5078003292910138,2.9960219428169816
2020-09-11,Capsicum,Loamy,5.720340570691921,28.33988674505592,69.31479811656509,6.103942342499337,12.472060737388768,19.352178101708752,165.66569566228452,0.3943879255501663,2.3268887607459816
2020-09-12,Capsicum,Clay,6.223841641195855,23.324036045371365,67.40279970418133,9.678024120373392,17.483752494281823,10.117650943669977,183.70077958031172,0.5277334039143059,3.113627083094405
2020-09-13,Capsicum,Sandy,6.717001206409015,24.759906145263493,65.34376953211243,5.708717006548736,12.620350045068745,15.878856919297817,137.3315406365941,0.4380266839079815,2.584357435057091
2020-09-14,Capsicum,Loamy,6.4048387356774645,28.121129099168115,67.74858627581655,10.981824455420025,18.817173063953962,15.013964785953243,187.45764767182007,0.327380680510034,1.9315460150092008
2020-09-15,Capsicum,Clay,6.241079521116174,26.661770802140218,67.08582139487851,7.644042979296453,18.918202114066126,18.733841643710477,121.33465745601265,0.8232863243661086,4.8573893137600415
2020-09-16,Capsicum,Loamy,5.626329441901999,21.497625809317622,69.38874702431312,10.276244568387078,11.96441315222786,10.840017145206257,132.53904235612396,0.2478119907370855,1.4620907453488048
2020-09-17,Capsicum,Loamy,6.29950939470892,22.178424354231762,66.01997301804694,10.174610093842912,16.138459450077242,16.815260298866505,115.07369930311684,0.6450924604644477,3.8060455167402414
2020-09-18,Capsicum,Sandy,6.787070005135542,21.062732726175334,69.13232304746091,14.243543461938003,10.877176417199642,16.801096984332773,162.05591954189987,0.8397157700659313,4.954323043388995
2020-09-19,Capsicum,Clay,5.682109219807481,26.047374321833306,67.78844345592726,10.490832225687228,13.915370996016293,16.690800168622832,141.9869590870307,0.5309359677483465,3.1325222097152445
2020-09-20,Capsicum,Clay,6.173828548072858,24.581387403283347,65.27305151606734,10.829984797183156,17.133217295012724,19.42334494935037,161.32833468418988,0.8011267908635856,4.726648066095155
2020-09-21,Capsicum,Sandy,6.640584993506342,22.074198807218202,69.85922650662742,9.016531257643802,16.594232468499165,18.230875290068802,176.16749053941834,0.1998811827466275,1.1792989782051024
2020-09-22,Capsicum,Sandy,6.462999203080465,28.663472968454165,67.563076220516,14.490796031828168,16.24700669406608,10.41972726243506,154.57030160329484,0.4950310162051264,2.9206829956102465
2020-09-23,Capsicum,Clay,6.406120463293848,25.23727779156496,66.4543842711579,12.771859094396095,12.825408636624436,14.710828507045132,162.7630354901788,0.4656202243847515,2.747159323870034
2020-09-24,Capsicum,Clay,6.413229309183242,22.935146352903114,67.34703420994629,7.854052903028416,13.78024949434402,13.979530562013334,193.5250314394333,0.1064950456295958,0.6283207692146158
2020-09-25,Capsicum,Sandy,5.967338496585682,25.00482856923766,69.28928891758744,13.44209585776232,11.029461447002863,13.101472210908021,129.9064309608843,0.4546058730874676,2.6821746512160587
2020-09-26,Capsicum,Loamy,5.881669397543841,26.436962661880862,66.52451562192532,9.3239636018509,17.19022820433601,14.513367251540974,135.9163938633953,0.3952238051060782,2.331820450125862
2020-09-27,Capsicum,Loamy,6.552169502122068,21.609913743788518,65.9633819824335,13.28667143533594,15.038887967912736,13.841941849259776,171.7703361709337,0.6358389822196923,3.7514499950961846
2020-09-28,Capsicum,Sandy,6.553147413082935,23.197630520383136,65.6453562346544,13.22888068293502,17.087656323456546,14.323338998786653,161.13055170553866,0.8506638228612149,5.0189165548811685
2020-09-29,Capsicum,Loamy,6.627194014154135,27.45572392707195,66.48929699195105,6.888701867628544,12.489435247968729,19.792618656086425,117.85329045397148,0.1686328706096292,0.9949339365968124
2020-09-30,Capsicum,Sandy,6.687212718323412,24.67731896322129,68.90024043520022,12.011411313835769,13.244382286350662,10.886329747495807,137.61473100104902,0.3619811093716985,2.135688545293021
2020-10-01,Capsicum,Loamy,6.164745118519219,25.37261713625836,67.35813182597632,7.906429693065311,13.342153372601146,19.222308698387298,146.7838013124715,0.4552517899154015,2.685985560500869
2020-10-02,Capsicum,Loamy,6.15197118309336,24.462528017675755,66.1374080184677,7.974926699926682,10.257424097472162,14.802367134710266,141.93898379683893,0.4641483024275067,2.738474984322289
2020-10-03,Capsicum,Clay,6.537783732656807,21.35119954114404,65.83092499804874,7.963480768805807,13.410478728306234,16.23742245499541,117.82748083220407,0.7198477766738031,4.247101882375438
2020-10-04,Capsicum,Clay,6.344953110011095,22.325998238561247,66.6636473825519,12.255682475599482,18.033045735180337,18.30182966617694,192.44300917842622,0.4547165326667527,2.682827542733841
2020-10-05,Capsicum,Loamy,6.412556940435014,24.564333109935127,69.69962186442855,7.298260417925361,18.972984957497385,13.604630291492555,176.2318761693976,0.1217290411629227,0.7182013428612439
2020-10-06,Capsicum,Loamy,6.534530470266931,22.673483723263423,66.71513356295011,5.009058352460903,15.182183156359274,14.304219080879669,148.13558321078523,0.6680832756742651,3.941691326478164
2020-10-07,Capsicum,Clay,6.657006944362836,21.39983222927743,69.94062037977318,12.15236853482633,14.555016952192203,14.09518480278714,168.00610283068366,0.8078637561165374,4.766396161087571
2020-10-08,Capsicum,Clay,5.939393703906997,27.74919731241459,67.42615227882678,6.711847438351253,10.308246186993703,13.747310225357598,189.7282672135522,0.5111237700397383,3.015630243234456
2020-10-09,Capsicum,Clay,5.988257838431927,28.849540233312926,65.89581959145076,6.044823953078346,18.792043375853826,19.25529321646895,113.61741423615712,0.5648868173588043,3.332832222416945
2020-10-10,Capsicum,Sandy,5.62217652179313,27.345142991973916,69.45570045896754,7.375161205940602,10.130102134258728,18.28929891193012,125.03730507069777,0.2303491511752368,1.3590599919338977
2020-10-11,Capsicum,Loamy,6.251764183295026,27.830279373637335,67.30177686567413,8.79900522322704,19.44750080210212,11.089999898629761,154.27012472566452,0.2765167557431656,1.6314488588846774
2020-10-12,Capsicum,Clay,5.5467249559357645,22.935817042536364,68.54835671752262,9.759063274732007,14.892162486880906,11.08123352477096,179.90103713523587,0.2881361912996894,1.7000035286681676
2020-10-13,Capsicum,Loamy,6.105277423572198,28.685015804105596,69.91855791604576,5.445700407126308,13.419344935747265,14.278695148529913,103.62548954415274,0.4445935799050362,2.623102121439714
2020-10-14,Capsicum,Sandy,6.205438025119849,22.575405635627426,65.25087675159988,14.705733326273604,19.2421843484266,10.98657376732809,198.40181501963605,0.8425161767165137,4.970845442627431
2020-10-15,Capsicum,Sandy,5.872503627766769,28.61143848289466,65.48347279893784,12.16063053419558,10.243909931100967,16.1909309527112,145.49066028823972,0.5174278133719089,3.0528240988942628
2020-10-16,Capsicum,Clay,6.268083238739714,28.958554351727607,68.60228370731377,8.231940653243361,15.81424894869087,11.43691607261734,135.92311406217232,0.2536781161610821,1.496700885350385
2020-10-17,Capsicum,Sandy,5.539650324920764,26.693782445968388,66.40912501647736,8.186972572853973,15.489325244993376,15.223732639668011,129.2724437839772,0.3128701886951597,1.8459341133014424
2020-10-18,Capsicum,Loamy,5.548552645373979,28.849149854334577,65.9215069847505,9.485425493684597,12.19320401211382,10.072199470037177,117.43567076508717,0.4072120237817475,2.4025509403123104
2020-10-19,Capsicum,Clay,6.569380728857555,25.55631823653683,65.19680939909864,11.26244822763033,14.288874313502106,13.165963484126468,179.1573908930028,0.5986071805542396,3.531782365270013
2020-10-20,Capsicum,Loamy,5.968247833834642,23.076334265408722,65.10923355993101,6.463730665889678,16.522640059437702,16.771907236726555,195.54141647460966,0.4520265224032043,2.6669564821789056
2020-10-21,Capsicum,Loamy,5.66517866644745,24.495967085324967,68.87242801559896,6.889298137649523,17.271311968819276,14.840389402278484,141.3644754845398,0.41395587534154,2.442339664515086
2020-10-22,Capsicum,Sandy,6.1789162380712455,25.74848748303029,65.67216713684775,13.59434582833551,10.007168587065799,19.78269485998988,195.24206947534563,0.5517828803191959,3.255518993883256
2020-10-23,Capsicum,Sandy,6.500991619028194,21.58465249621612,67.33860307985576,7.562549238890726,19.368534300910152,18.74103796066211,182.37976154350343,0.2934679959635724,1.731461176185077
2020-10-24,Capsicum,Sandy,5.780567335745896,25.97874611693797,68.02948407589741,8.801949979751775,11.645253723928125,13.590707790431512,148.10511274763184,0.1631226180676657,0.962423446599228
2020-10-25,Capsicum,Sandy,6.3097576185647,28.849422694098358,67.14175900284422,13.71271850950117,12.335804342223593,10.454865414722747,167.40261791261327,0.1195314518577776,0.7052355659608884
2020-10-26,Capsicum,Sandy,5.610951704491899,22.52086119826982,65.13553326168116,11.631478293998224,12.634734456938482,18.456263001150187,143.4984179170463,0.3010073307737017,1.77594325156484
2020-10-27,Capsicum,Clay,5.56718623751919,27.340760930307066,68.91750751293955,8.417118793416883,10.378201365520352,19.112343103146713,155.87234082125525,0.1732736273155749,1.0223144011618923
2020-10-28,Capsicum,Loamy,6.190761021038592,28.263190350236954,65.05256612270827,11.836995457246209,11.230521235903248,18.206273934190367,105.80463370185038,0.3690725108166134,2.177527813818019
2020-10-29,Capsicum,Loamy,6.202825658093138,28.549612742561767,68.80944947188742,5.196832153814137,19.863499229441622,11.279499409197648,169.6263475300533,0.7183468322878045,4.238246310498047
2020-10-30,Capsicum,Loamy,6.328658871947669,28.681084835243578,69.46652246894061,12.356426600113652,13.15216737377286,19.979151344122876,105.28246444841368,0.6730354643894707,3.970909239897877
2020-10-31,Capsicum,Loamy,6.44391873383946,25.171677109771775,67.16419960528586,9.870160405162396,11.153010903390493,12.585842215527737,181.70849469196494,0.5887420982304231,3.473578379559497
2020-11-01,Capsicum,Sandy,6.768607703301295,28.81846326393203,67.67771236548899,13.131821472844612,11.069912611746233,17.2420491280837,182.49469294605575,0.782000195103583,4.61380115111114
2020-11-02,Capsicum,Loamy,6.171190452791554,27.05848165707551,67.38491696308827,14.546376520064683,17.194599676699717,19.080348763357215,123.70772875562146,0.3256540996354213,1.9213591878489864
2020-11-03,Capsicum,Clay,5.91984341482362,22.293371489895694,66.9460430931172,14.257885494945684,18.54568664032641,12.356871143307094,132.36627810358004,0.8080430024239725,4.767453714301438
2020-11-04,Capsicum,Clay,6.5337420531993144,24.81520085174376,69.4371226768518,14.092650434553407,12.569522995084698,19.08258554677066,148.13103785582933,0.4193913357353434,2.474408880838526
2020-11-05,Capsicum,Loamy,5.852081926640697,26.746649402976033,69.46966755334995,10.121699559338872,10.20909512335235,13.094815791948669,159.66629069324816,0.4207146546133012,2.482216462218477
2020-11-06,Capsicum,Loamy,6.070662846917327,22.978722526552666,66.67908182320767,8.60142114138938,12.230900184453558,19.764132223840562,128.73536617419967,0.4242812909004172,2.503259616312462
2020-11-07,Capsicum,Clay,5.601993295744946,26.1249214683911,68.07534877007349,9.650353247306729,10.565156907967573,12.812600203804745,159.2486404631925,0.1784754929927851,1.0530054086574323
2020-11-08,Capsicum,Clay,5.5329559664400945,26.332803832372953,69.63453781072933,11.898960033133609,11.033949366300416,19.534358247578353,129.77870732292988,0.8803923986648446,5.194315152122583
2020-11-09,Capsicum,Sandy,6.751442939081302,22.301597950468526,69.81029249470676,13.839977768711869,14.315081198476424,10.53544650892675,105.54907210710607,0.2108054222601273,1.2437519913347514
2020-11-10,Capsicum,Clay,6.586774156665868,25.52068249962205,67.54479520211024,7.069863030001196,12.299183708616326,17.092720116698132,100.2527549831909,0.3727085795753476,2.198980619494552
2020-11-11,Capsicum,Sandy,6.4047664679218075,27.17301528782886,67.26412402642164,14.18193158461703,15.159458785254234,15.321111338370038,110.11510579184286,0.3554402562614057,2.097097511942294
2020-11-12,Capsicum,Sandy,6.031638827738551,24.991165316287535,66.39347157964264,13.151802319698891,12.534937532571904,14.778770771227308,179.22507001640182,0.1597435462533677,0.9424869228948696
2020-11-13,Capsicum,Sandy,5.725282616092099,21.09682493420886,69.79435936595205,14.788560151782344,19.405373011029475,12.2349431425584,196.1431312383337,0.2218081040895013,1.308667814128058
2020-11-14,Capsicum,Sandy,5.703368155472412,21.072307752634337,65.71407152236434,13.802517732816872,19.059439679262645,17.05595789776492,142.69661992812192,0.1358866689483086,0.8017313467950212
2020-11-15,Capsicum,Sandy,5.825315767613974,23.8562347517601,67.89914788023863,7.799373296919066,15.66806105010466,11.90809491446307,151.26839534499427,0.3339235948484108,1.970149209605624
2020-11-16,Capsicum,Loamy,6.213994664117957,28.409552547454254,66.41275133759319,6.059559113440477,13.544239919873862,15.528417959847683,114.68481690734261,0.7933255392231252,4.680620681416439
2020-11-17,Capsicum,Clay,6.428974699510081,22.82941423682887,66.39504145173899,6.122410719915886,13.811468820347356,12.532453630402507,155.1031352680157,0.3715537645899076,2.1921672110804558
2020-11-18,Capsicum,Sandy,6.358256589733051,26.074909510973498,67.02484293688094,7.912233185782761,14.11852283144497,19.556213797813562,114.46549020069769,0.1989534656539033,1.17382544735803
2020-11-19,Capsicum,Clay,5.863914066029726,22.776606965546563,69.99396467907827,11.141837239845392,17.27579322134944,10.286311938356528,161.12143311988302,0.6165550947071343,3.6376750587720927
2020-11-20,Capsicum,Clay,6.741324864862152,23.573359917276388,65.27483153419911,13.043203260971726,14.51638995518838,11.997282801112366,193.3258667580854,0.8972807296439285,5.2939563048991785
2020-11-21,Capsicum,Sandy,6.459265991704499,27.784336716811872,67.89270909101765,13.992503069815648,18.567299465058973,12.423106063874478,119.56985393030396,0.285859031625542,1.686568286590698
2020-11-22,Capsicum,Loamy,6.220660268264821,26.830891538159577,65.41286079017638,11.237533843692328,19.440947859303645,14.140678257678164,176.4563718057102,0.3236568042964556,1.909575145349088
2020-11-23,Capsicum,Sandy,6.295236970104658,21.763194218505685,65.7726041499526,5.0563131274805375,13.35946153378934,12.327302418700535,102.35024228183241,0.8774776434246309,5.177118096205322
2020-11-24,Capsicum,Loamy,6.045480081156127,24.429616167891467,67.1978147088645,6.863167765185335,15.606944813756801,14.913490902687853,137.5497241321621,0.2430210300403897,1.4338240772382995
2020-11-25,Capsicum,Clay,5.822050286351505,21.233358109162115,67.5523006567322,5.99726203853368,10.950565368325645,18.72465523258539,111.0748507830509,0.5089712539673311,3.002930398407254
2020-11-26,Capsicum,Loamy,5.96276448224664,24.84712117282407,66.29396204182262,8.6332447556901,12.00469047766359,17.12063421409171,135.24754415956994,0.2917217064128759,1.721158067835968
2020-11-27,Capsicum,Loamy,6.485199943603679,26.299472093608543,66.58228565437209,10.01350993633746,14.134657667101601,15.79961980535111,117.35369196388835,0.8458815183209951,4.990700958093871
2020-11-28,Capsicum,Loamy,5.518711535218682,21.948020988785213,65.43483510127966,5.433971785785609,12.062027159017788,10.890031779826796,137.33049901228873,0.8852168116610353,5.222779188800108
2020-11-29,Capsicum,Clay,5.650894432658991,23.311079511273327,66.51609891922125,8.484779757956552,18.765604907887173,16.939921083892756,141.75228061075302,0.7517582768960124,4.435373833686473
2020-11-30,Capsicum,Clay,5.559803434628279,24.182693004017256,69.83279219690272,6.791796746253226,11.58286256059098,11.6641428431094,130.05911227809185,0.3518270526502485,2.075779610636466
2020-12-01,Capsicum,Loamy,5.552947443014661,28.356248197248398,69.7235369083624,11.47070166258874,14.55660821553092,17.86367385961698,165.6621949473129,0.422789980224404,2.4944608833239843
2020-12-02,Capsicum,Loamy,6.612098759214309,28.94604012338371,66.67439145068492,9.6427236932434,16.056992404598756,12.500567585101532,191.88520512589096,0.2938445469331371,1.7336828269055091
2020-12-03,Capsicum,Sandy,6.41475521719403,21.359290391964926,67.8542696813938,9.953176469339088,16.918639081608443,14.17048728320901,140.05953741052724,0.8126063736071932,4.79437760428244
2020-12-04,Capsicum,Loamy,6.116425977813523,27.088063387963135,69.54797695555472,9.276917880334612,13.830693697265067,13.504702023179279,119.23431564750214,0.8316466221505265,4.906715070688107
2020-12-05,Capsicum,Sandy,5.627184408846302,23.973792531218745,65.03091911320449,14.56019710486567,18.690990687247286,18.588139146748567,127.07227581959833,0.4350965297968377,2.567069525801343
2020-12-06,Capsicum,Loamy,6.139100637651882,24.139665489835842,69.05341785168795,7.147351251215632,15.683191510779256,11.26544458713408,185.4000823496369,0.6252264559224014,3.6888360899421686
2020-12-07,Capsicum,Sandy,6.115513302014735,27.03411978677618,69.74184776394459,10.166642598438743,14.395077804475518,15.656448823847885,157.1639723270148,0.2324425438197551,1.3714110085365552
2020-12-08,Capsicum,Clay,5.72516243088302,28.34741145716327,65.45662867166779,12.36017368365336,10.672406340520366,11.420616094430622,145.50110323069572,0.4479487202907272,2.6428974497152904
2020-12-09,Capsicum,Loamy,6.064007144009365,28.607428756020386,65.8072384301646,10.568444131345624,14.64689468445165,17.047958361321868,114.96367215089268,0.6051992853387981,3.570675783498909
2020-12-10,Capsicum,Loamy,6.018056154716586,25.616980688306565,69.80373151385677,14.290208857168013,18.207358408157305,19.05078127794481,144.9727308323782,0.4083224948144156,2.4091027194050523
2020-12-11,Capsicum,Loamy,6.300605127467882,23.856969274404022,67.68770071820173,8.779683556412841,16.145410182213155,14.346076538672534,127.84920033573866,0.386079620549168,2.2778697612400918
2020-12-12,Capsicum,Loamy,6.325621746127937,27.300392686870232,65.07098317235862,9.63675805773178,18.321624537291186,14.880922602649758,194.3163127853349,0.1007991938135541,0.5947152434999694
2020-12-13,Capsicum,Sandy,5.558895212703658,23.0080110660984,66.28815999381764,5.885223152147284,14.940116705993056,19.27422836482762,188.40701094157313,0.7434347710216913,4.386265149027979
2020-12-14,Capsicum,Loamy,5.986996399014412,25.51259223066814,67.2497183713443,11.089991110519286,11.18461705094482,15.20991388649357,108.3902541828198,0.8114700896171586,4.787673528741236
2020-12-15,Capsicum,Clay,6.313617890428507,23.868627692198984,68.46454455512384,7.882119684481061,10.13639845835881,14.87598438049561,151.6653489261243,0.8755708236366657,5.165867859456328
2020-12-16,Capsicum,Clay,6.154077136154114,26.25304858966301,68.665801890684,6.6030903951556885,13.032195467185911,15.783291027043042,122.5058345514672,0.6754171080553724,3.984960937526697
2020-12-17,Capsicum,Loamy,6.613436793544819,22.923191303148055,69.97710756462727,10.44531292904508,16.979904714977927,16.89229736362952,141.07770895242908,0.5390338498959076,3.180299714385855
2020-12-18,Capsicum,Clay,6.356301721104629,22.532743565878604,66.43755599691879,10.323102633799106,17.902599039416938,11.068833750870313,187.68479982514566,0.3154276158469675,1.861022933497109
2020-12-19,Capsicum,Loamy,5.711814755205858,28.3459126934035,67.69110050934238,5.758716412240475,12.957528346203294,18.21110527741516,152.75145198885448,0.8994395807707988,5.306693526547713
2020-12-20,Capsicum,Loamy,5.591739371620559,21.814429463596294,67.66661773929802,11.982154534944728,14.95653920883247,14.355050274532593,133.42152933707598,0.5718022836256845,3.3736334733915387
2020-12-21,Capsicum,Clay,6.33514506166821,25.047663261879453,67.02822629723619,11.23772190650853,14.211189044340816,10.723485098974855,120.7888354104997,0.644923257864357,3.805047221399706
2020-12-22,Capsicum,Loamy,5.534464703704108,22.76682226370407,65.8458094692121,6.890172827464972,14.105227843514278,17.86182669198213,180.03248594064894,0.6459249295642542,3.8109570844291
2020-12-23,Capsicum,Clay,6.261508255655502,21.31143970660534,69.8872828159192,9.694348621540438,12.313487132001505,13.769499716862722,162.45180153643471,0.7762014366057451,4.579588475973897
2020-12-24,Capsicum,Sandy,6.722299313852445,21.288150546331412,69.26658593333293,12.2032291647856,11.363711050294583,11.00367495095054,146.80654604262313,0.1077380310775353,0.6356543833574587
2020-12-25,Capsicum,Loamy,6.248116431238643,22.40177417684662,67.49166514147119,10.294357405412764,11.96688558231213,16.337790395432506,121.7484353862978,0.2761975523450974,1.6295655588360751
2020-12-26,Capsicum,Sandy,6.004620904068478,27.934162836048003,68.01622711342014,8.954890761835703,10.553323871633461,18.801313534336416,133.42463741571314,0.6324272001360112,3.731320480802466
2020-12-27,Capsicum,Clay,6.336274683975059,23.259829951816215,66.1363052677983,8.223384580809437,11.98130741823577,18.877535094139866,195.98434267385187,0.8161165894596543,4.81508787781196
2020-12-28,Capsicum,Sandy,6.095728757638971,28.603673364602365,67.71893535195873,11.103938666440536,10.092008976253794,19.57663474808973,152.00899376058345,0.6482710255370849,3.824799050668801
2020-12-29,Capsicum,Sandy,6.209301826110716,25.65297834391355,68.47485066560738,14.391086983102406,16.272584006359782,18.67705459766688,140.0699281243253,0.4307930331949441,2.5416788958501706
2020-12-30,Capsicum,Clay,6.723904251409483,24.49291351815013,67.57583514193294,11.717448404774837,13.163754073876829,10.021409193454753,152.14220423483238,0.3892443966962092,2.296541940507635
2020-12-31,Capsicum,Sandy,6.0019334291410065,25.640710677355635,69.9514258529247,5.747459036363155,19.731447114269088,13.802411664133903,177.8988505899609,0.6903584066266564,4.073114599097273
2021-01-01,Capsicum,Sandy,6.749547732971088,25.13358708181014,68.05670828123863,9.606849734821338,11.937170507762978,18.185425799055032,134.01089365028687,0.6929901577097548,4.088641930487554
2021-01-02,Capsicum,Clay,6.676955834542882,27.0702100300586,66.85486856296085,13.908241315106276,13.458285703095939,13.662530059984743,117.87061209326089,0.5856463940045523,3.455313724626859
2021-01-03,Capsicum,Sandy,5.754528475226086,23.259968527782817,68.86076013807919,5.944624258010869,13.578411586415331,16.015485063797062,158.49361183390477,0.3331736192778696,1.965724353739431
2021-01-04,Capsicum,Clay,5.5901696911377154,23.82440313280242,65.8523125579082,14.888757121375434,10.084514960624606,16.06316947374532,166.52041034810674,0.8401238547124349,4.956730742803366
2021-01-05,Capsicum,Sandy,5.631011401790655,28.152754420266007,66.92257906853133,14.490693936454214,18.39207953039459,13.65025304038823,171.27180029585497,0.5415039536949113,3.194873326799977
2021-01-06,Capsicum,Clay,5.523688373347015,28.571652105203242,66.73479475188793,5.782744807298759,10.319944601443247,19.044739272812876,188.19875907661296,0.7323938849986645,4.321123921492121
2021-01-07,Capsicum,Clay,5.622775848982707,28.140465819891794,67.15903547553889,14.334133204495547,19.401798347292413,15.032283453861176,137.1174120689113,0.2714466097294653,1.6015349974038455
2021-01-08,Capsicum,Sandy,6.387908805441263,24.35558395165851,68.90889912964363,8.631325902594622,18.920743510936205,14.647842059375009,107.53548962288917,0.3752326308917822,2.213872522261516
2021-01-09,Capsicum,Sandy,5.592545242998297,27.242924024055053,67.42086516081704,13.447091670758626,15.355219160859637,19.97513745661896,195.8348583630942,0.799663613109874,4.718015317348256
2021-01-10,Capsicum,Sandy,5.91466831938189,24.81068586640879,68.97007225132981,9.183833377132714,15.435955749112921,14.935003640726165,143.5011927437475,0.1400856239519747,0.8265051813166511
2021-01-11,Capsicum,Loamy,6.5983379042602905,24.98031881716882,67.88244451569933,9.40855112702516,16.537779229561565,11.78398251928581,162.32575096731313,0.5098522490053297,3.0081282691314453
2021-01-12,Capsicum,Loamy,5.530253516456574,22.63744087245827,66.71034717328777,11.342430909775429,13.87050011934887,15.13069422863438,166.63053231282925,0.4853643838752072,2.8636498648637225
2021-01-13,Capsicum,Loamy,6.5588090273656166,25.729042426068133,69.04989371841737,12.744774192759834,16.472222833978556,18.140167355199303,154.65137087012036,0.7009841511264657,4.135806491646148
2021-01-14,Capsicum,Clay,5.86641120720542,22.489087182026783,66.19144835276546,5.337891509482486,10.44768388688487,17.768603268982815,120.52575297362701,0.3255150164794659,1.920538597228849
2021-01-15,Capsicum,Sandy,5.653614275908153,23.65251759253755,66.12191489899898,10.931559955271345,10.540476273497266,17.88581765108471,175.51430501161414,0.2752534574876796,1.6239953991773095
2021-01-16,Capsicum,Clay,6.405758314973395,27.84024161295948,67.52251462027418,6.867329940973709,14.572304196195443,17.08023783997912,180.37519743040815,0.840906271018587,4.961346999009663
2021-01-17,Capsicum,Loamy,6.317625700813849,22.656606473686843,66.30424622981045,8.459495178632029,15.49622301106035,12.542178290666882,155.297558601744,0.5573677215667718,3.288469557243954
2021-01-18,Capsicum,Sandy,6.640713617585169,21.569266281387463,65.04543517475608,8.479686661552165,18.87817640335819,18.620840858402314,148.85611605848416,0.1837516546269236,1.0841347622988493
2021-01-19,Capsicum,Clay,6.4555923569450515,21.55206074090253,68.24148763649401,9.690603402211536,11.046606339078963,18.93443465376265,111.39381831279853,0.2544289297714568,1.5011306856515956
2021-01-20,Capsicum,Sandy,6.5445252095003035,28.526276164024864,67.55546910736199,8.341364118761733,18.226479271938892,11.94152696618549,108.39516614997838,0.8990608476113987,5.3044590009072525
2021-01-21,Capsicum,Clay,5.866644944342698,25.05536350369468,67.2275890724658,6.073611184506678,12.100473372920696,11.304556365513939,133.95648455635288,0.2564871970017539,1.5132744623103482
2021-01-22,Capsicum,Sandy,5.73067140691364,24.275296574536146,69.83484257309158,6.456287385254514,13.940836485100318,19.75604968589112,131.08461555173932,0.588380409082943,3.471444413589364
2021-01-23,Capsicum,Loamy,6.475799177133116,27.487028648063347,67.85599591981457,5.334379855610977,13.166024348274128,18.68323963650368,195.3656450963271,0.4361024631964945,2.5730045328593176
2021-01-24,Capsicum,Loamy,6.548885161047443,27.68660742328413,69.31715788894692,9.702490853287545,14.00155272865399,18.932361472099466,178.36227424434298,0.8084792758798683,4.770027727691224
2021-01-25,Capsicum,Sandy,6.787656684600875,23.657528264924835,65.6972511810258,14.544476948529883,11.504954980725856,18.863763846243952,165.992429525906,0.7041348738362622,4.154395755633947
2021-01-26,Capsicum,Clay,6.036402979984854,26.548944459790363,67.84603231564714,6.156752236481165,15.03570074403555,15.416868240337283,151.7648089017605,0.5775611170094527,3.407610590355771
2021-01-27,Capsicum,Loamy,5.983623511530618,27.168982526815093,69.33989813365451,14.46264493003082,18.01642589831367,16.464017366658,116.73675307266514,0.108591185438386,0.6406879940864775
2021-01-28,Capsicum,Loamy,6.509336848964596,26.237205494927636,67.91552878639949,12.333615147320936,14.415340103788969,15.453628521336416,197.8456672184284,0.8038361659947677,4.7426333793691295
2021-01-29,Capsicum,Loamy,5.943044602328923,22.212760598400795,68.590070890635,11.374988029341631,14.906135758981991,10.512063491903291,137.504069824021,0.455733976670973,2.688830462358741
2021-01-30,Capsicum,Sandy,6.709984523284634,28.007064668136458,66.86021783906104,11.452777553235627,18.48767585281314,17.455030853527727,110.69256024472448,0.8452621224148612,4.987046522247682
2021-01-31,Capsicum,Sandy,6.615936577395916,25.312756421888068,65.46224758518534,13.26727648396282,17.060581146380308,15.053320333358803,149.3798895715746,0.496431210283361,2.92894414067183
2021-02-01,Capsicum,Clay,6.057692235587524,23.25977941096003,67.28950147563536,6.069198643798214,14.904544085197848,16.4770907479023,187.39980116130832,0.6553795913461804,3.866739588942465
2021-02-02,Capsicum,Clay,6.4761323881289465,24.40182548350155,66.97239695419428,10.047543235655418,12.576956481891797,15.026398049755354,188.72910017773296,0.1554341195733137,0.9170613054825512
2021-02-03,Capsicum,Clay,6.480905736310087,21.300568723191258,69.33530091189473,11.970911382607586,18.849267468449668,14.918113223224559,101.09659160564473,0.6961213228214287,4.10711580464643
2021-02-04,Capsicum,Sandy,5.634061029486713,22.02293440977934,66.21997651176235,10.868204450735636,15.770204016905584,11.717891094777668,188.62957447513998,0.3703968250495383,2.185341267792276
2021-02-05,Capsicum,Sandy,6.673318778683436,27.124374004126885,69.83367113767554,13.327790710232946,12.211476101106934,12.787137151411489,127.14842174998586,0.3810872114654247,2.248414547646006
2021-02-06,Capsicum,Clay,6.156828084182214,21.00009307804293,69.79069059902248,5.722717090113515,12.691197526380105,11.588526919439557,103.8972363968423,0.1949246757675119,1.150055587028321
2021-02-07,Capsicum,Clay,6.574394705940064,24.332526627858336,66.23815821535719,11.90701039499166,18.031330889362458,11.956662956253425,184.77902703628743,0.2174857189121618,1.283165741581755
2021-02-08,Capsicum,Sandy,5.916064481339795,25.180081448684707,66.7402597773866,10.340277303847175,10.441455620874555,19.72977380420305,186.38667559882083,0.2486072449649681,1.466782745293312
2021-02-09,Capsicum,Clay,6.66418019704506,21.43707536000778,69.47777870436943,8.791608639799435,19.9209218702882,11.531134457721985,159.623107984235,0.3625649348571379,2.139133115657114
2021-02-10,Capsicum,Loamy,6.005962182354412,28.78462530377866,69.83311110448054,8.402749822340308,11.303516797147918,12.692704243052077,157.44337572963585,0.8135759302204844,4.800097988300858
2021-02-11,Capsicum,Sandy,5.514088946924388,22.809002649997375,67.21719551418022,11.20832632774193,17.960685253969373,15.90589657738585,181.31202726214195,0.3946081905840644,2.32818832444598
2021-02-12,Capsicum,Clay,6.676996569345043,23.433589757090246,66.60498522820448,13.909953746442648,13.94775316771683,16.10178576236642,178.63095527102797,0.6794901652505747,4.008991974978391
2021-02-13,Capsicum,Sandy,5.618672679821974,23.43154009804022,67.63047006625771,9.961759261011151,14.922161832874668,11.53974129743829,189.0105473442704,0.1661980031118971,0.9805682183601931
2021-02-14,Capsicum,Loamy,5.9151077288675395,22.8433332969388,68.43884603182867,13.2472316407692,18.806505774645778,17.937174257852124,155.27474475967034,0.5728790394175941,3.379986332563805
2021-02-15,Capsicum,Sandy,6.735080557166047,21.01179057669049,66.3673725768749,9.021563818439676,14.129111895892132,17.85202867912825,196.76470927328086,0.4855129850163516,2.864526611596475
2021-02-16,Capsicum,Sandy,6.735789291018823,26.83475835270397,68.68236587309536,6.023944627931765,15.374937536732345,12.373177042038911,199.61468309333384,0.8823663575636037,5.205961509625262
2021-02-17,Capsicum,Sandy,6.2454692545602715,28.734763998394282,65.2582867855732,5.615057364586385,10.492996624091699,12.886663026754604,111.65446099986326,0.7769662159031704,4.584100673828705
2021-02-18,Capsicum,Sandy,6.321388375820739,22.79434786628036,65.24647246382209,5.513343713236775,10.023474738674532,19.379878654594968,184.95437595541222,0.4638638179509198,2.7367965259104268
2021-02-19,Capsicum,Loamy,6.082979178571816,26.30437753442738,66.93143852572773,8.801501419576699,12.44799873001726,18.25671445979478,149.9822257748589,0.7201142112362711,4.248673846294
2021-02-20,Capsicum,Sandy,5.881174003207484,26.93517061566972,66.76736596030361,8.37237750835842,16.80583092918767,16.97797033062524,138.7566338299832,0.254430993035022,1.50114285890663
2021-02-21,Capsicum,Sandy,5.9272639089808905,27.7874030327242,66.57816607683576,12.179370236225695,11.212648933591367,10.822332215106005,161.3072309882715,0.5498690619134224,3.2442274652891925
2021-02-22,Capsicum,Clay,6.37427399290015,24.381033576108873,67.45509881334455,12.428215015848656,11.137619588045494,14.182640809025758,105.5965557262007,0.1596952444549665,0.9422019422843028
2021-02-23,Capsicum,Sandy,6.478086888268984,23.423447245123434,66.60366791155785,5.508539688337399,14.109606080359033,15.59301872076827,150.646111876708,0.3784712258013465,2.2329802322279444
2021-02-24,Capsicum,Clay,6.529052756843603,23.602361072184248,65.96128959234046,7.21123262889015,16.478370386082265,11.874112879837769,187.08905700266666,0.2806897452977362,1.656069497256644
2021-02-25,Capsicum,Loamy,6.52650358563292,26.7009706647881,66.547347745443,7.742618501588997,17.120719922479303,14.482265821082246,121.34615161389688,0.6751278522601687,3.983254328334996
2021-02-26,Capsicum,Loamy,5.6185679339632975,27.53423573204509,69.87452136405118,10.476119841428094,11.784506740983748,16.0102587748869,142.63898947694253,0.4920725529714892,2.903228062531787
2021-02-27,Capsicum,Loamy,6.142746396113356,22.45291174205282,67.05556708497424,6.445152239069502,10.795881473720424,13.273766801153993,193.94808877148756,0.7008563830784084,4.13505266016261
2021-02-28,Capsicum,Loamy,5.574826388021638,23.967528065262123,67.22356388429168,6.339412194000004,19.40397033945544,17.80944818950487,142.85638378056973,0.5122363501051564,3.022194465620424
2021-03-01,Capsicum,Clay,6.214387547020856,28.2155215739932,67.8827249497557,14.43788889207958,12.606663825621016,18.404495816388057,135.83676323323982,0.1691875537213108,0.998206566955734
2021-03-02,Capsicum,Sandy,6.07398965178539,27.453548157557915,69.91670384207113,13.04202907297781,18.533464976087238,13.236094694340707,144.05366481233781,0.6882941197860214,4.060935306737527
2021-03-03,Capsicum,Loamy,6.654015437585789,28.878867222099807,66.20800638217881,6.806549020911703,18.634914504628185,18.38657154492457,151.94527665175565,0.7665834111902445,4.522842126022443
2021-03-04,Capsicum,Sandy,5.9561895163177025,27.033986077456646,68.40641055266217,9.065678079054909,17.725225917625444,11.035765661030151,163.19913441314688,0.822824980730234,4.854667386308381
2021-03-05,Capsicum,Clay,5.652187121355888,24.145561608223378,68.57992346770862,8.556219992575656,11.6883360665257,18.377290986226562,180.0692800916731,0.5575935562453666,3.289801981847663
2021-03-06,Capsicum,Clay,5.685889186668686,25.725102671957103,68.03662208396533,12.910040740654072,18.218014592542005,11.527504316676167,145.21022057643142,0.702868287199596,4.146922894477617
2021-03-07,Capsicum,Clay,6.489963821232713,26.288114033978562,65.44289169818322,10.10212916478122,17.692505592415866,10.82927152509726,181.74809350901404,0.7016354695061017,4.139649270086
2021-03-08,Capsicum,Loamy,6.303683482311139,21.627646530536992,68.38436137913789,6.27849736993467,15.967229901062172,16.417754044410113,153.37206613520806,0.2245998078391554,1.3251388662510175
2021-03-09,Capsicum,Sandy,5.631459478959627,25.355975672830922,65.32047355518088,12.38992063156244,13.372020351689528,14.719373657552943,133.84805103679776,0.2313765499676566,1.365121644809174
2021-03-10,Capsicum,Sandy,5.6093388479494966,26.674566627780877,67.98071324774949,8.96887978224919,12.62508604266544,19.078906004128328,165.79508281194143,0.1567084046473009,0.9245795874190754
2021-03-11,Capsicum,Sandy,6.411259870896856,22.33857043200848,68.69790588610871,7.629242476321471,11.21889212080359,13.631891960908492,171.77222547434914,0.3559309081122411,2.099992357862223
2021-03-12,Capsicum,Clay,5.594591908273451,27.245053739404458,66.05484945309975,8.7549862202072,15.097570669008714,12.871522634376287,155.80489756294875,0.4788068701928516,2.824960534137825
2021-03-13,Capsicum,Loamy,6.568418077077463,25.670182244112894,69.20811003771387,9.977565636068965,15.852608755098466,15.007349061441984,105.66149731347234,0.8983182822033736,5.3000778649999045
2021-03-14,Capsicum,Clay,6.418114895303445,28.617774285580758,65.15176902766503,8.431155164170095,13.593389905157872,14.559461857686614,116.9882875160825,0.4447946736545356,2.6242885745617603
2021-03-15,Capsicum,Clay,5.60575341483447,21.339378385655134,69.21906431829153,7.419057725917578,14.753590676808685,13.444280462171882,128.52977208902283,0.6809940708058967,4.017865017754791
2021-03-16,Capsicum,Sandy,5.610289028310749,23.122609100443736,67.30164525321382,8.985020288039802,13.635144573692667,16.937412986983286,128.2625605951493,0.6547176210180277,3.8628339640063634
2021-03-17,Capsicum,Clay,6.782631452051528,25.812431034398593,66.08793969965822,5.191729107498983,16.410060573207012,17.595618339139083,167.34208002468705,0.2635855602004636,1.5551548051827355
2021-03-18,Capsicum,Sandy,5.986552034482957,23.372479297647445,65.66889072496984,12.72497846096314,19.012592077965635,18.529839690301365,101.83486616736326,0.1468057211595491,0.86615375484134
2021-03-19,Capsicum,Loamy,5.981834791186958,26.715393312569937,69.76653583791186,6.709448935675858,11.63920262046945,19.728566047103428,175.568177704952,0.53680540122687,3.167151867238533
2021-03-20,Capsicum,Sandy,6.556639437434753,27.072042260175447,65.36332793790578,5.439046136306373,13.814088099031235,12.666561921325044,126.53424748069332,0.6602444738515809,3.895442395724328
2021-03-21,Capsicum,Loamy,6.731423150599016,21.820127712531797,65.99546709967963,11.536986929050792,11.408686039508613,17.160934824899616,131.00218462161024,0.8986014321490048,5.3017484496791285
2021-03-22,Capsicum,Sandy,6.781801382969732,25.11083571365414,66.73911173716523,12.739361288236722,16.249437704078318,13.942582354957452,152.79098279439242,0.3868888418249366,2.2826441667671262
2021-03-23,Capsicum,Clay,6.479391640836624,25.071124444728447,68.1011742448056,13.138291315928432,17.28870509488596,16.77081971951108,121.59256009389576,0.8170916496648774,4.820840733022776
2021-03-24,Capsicum,Clay,5.98913746119019,23.954246161724328,67.72400542638049,9.935091826606,19.31912732597456,14.759816903492204,188.44713135755273,0.4055459646953492,2.3927211917025604
2021-03-25,Capsicum,Loamy,5.60855093170827,28.463398900557376,65.62821746206157,7.053681846899853,12.78871926260965,19.937731027679316,108.53687793265652,0.6515293667444102,3.84402326379202
2021-03-26,Capsicum,Loamy,6.510290990705668,27.62005055898577,66.44863991869107,12.372276772498267,19.5021120586543,17.2890213579075,144.4382362301065,0.5786023444136416,3.413753832040485
2021-03-27,Capsicum,Loamy,6.225925524656547,26.577675055277094,66.19375885543012,11.997130771543372,10.632626718206748,19.524913004343247,184.94222694548898,0.1423830346420775,0.8400599043882576
2021-03-28,Capsicum,Sandy,6.051488612021069,26.714613085879982,66.06771427245171,7.462707341031733,16.030138633645883,18.349695494811858,161.58438944212358,0.1627107415762068,0.95999337529962
2021-03-29,Capsicum,Sandy,6.678260700623157,24.693729150504954,67.05572168239993,14.03407755862793,10.5713271934333,19.02901011163371,129.23295158426333,0.1166112717795687,0.6880065034994559
2021-03-30,Capsicum,Loamy,5.644556726997997,28.367956168772608,68.52015726295828,6.04371458082829,18.937741877619448,18.14419197214675,142.07602077764608,0.3966672676751915,2.3403368792836305
2021-03-31,Capsicum,Clay,6.140412635578117,26.556763418026282,66.08726466108618,14.826882395913255,15.298090570700541,14.591591303759113,170.66943803425147,0.6966408390128086,4.110180950175571
2021-04-01,Capsicum,Sandy,5.514759738197645,26.831848493246532,66.83339439851491,13.602478109774646,16.69348350762796,12.517884533468845,197.32607433638992,0.2382043151925781,1.405405459636211
2021-04-02,Capsicum,Sandy,6.109258834592364,27.893527230298762,66.95458713420581,11.878986454790752,18.315739259104525,13.703201754505223,189.31387183794334,0.5846823747071167,3.449626010771989
2021-04-03,Capsicum,Sandy,5.573194258386389,23.19257271473753,69.88228264717705,14.38749888279833,11.503106224839687,10.202362326399504,134.2432808382377,0.3310622240248623,1.953267121746688
2021-04-04,Capsicum,Loamy,5.6544632911484936,27.456567230933622,69.77333178439534,12.22311168323708,10.385915619381338,15.239931674646671,199.81978792878576,0.7375940991832577,4.35180518518122
2021-04-05,Capsicum,Loamy,5.652784120810236,22.561924823651935,69.00068791376037,6.904569970300459,18.78881145912852,15.050578002704087,100.35046635310583,0.7387169192023928,4.358429823294117
2021-04-06,Capsicum,Loamy,6.343973392750883,23.762735617959102,66.20829460409593,9.421561381128118,13.149332274589325,15.252504648304882,102.76297558084151,0.7203316119731389,4.249956510641519
2021-04-07,Capsicum,Loamy,6.4698583430450505,23.68488363415874,65.34018657045834,5.715030243316353,11.289789079271653,19.74031224972064,182.3840515171194,0.5198668110411014,3.0672141851424986
2021-04-08,Capsicum,Loamy,6.258379394626307,28.828203747113125,66.58452068860312,8.896574222881153,14.684612370870866,19.11454003454839,119.9462686833052,0.3276533680638813,1.9331548715769
2021-04-09,Capsicum,Clay,6.7508243130169046,27.852297789983414,66.33397274716916,12.416030197372088,15.983060756960189,11.617127783301079,106.0769268396241,0.7475552351029077,4.410575887107155
2021-04-10,Capsicum,Clay,5.987331753380815,26.609358892722078,67.52962900073197,8.864433509308174,10.309706034225101,13.688825215558893,123.71480732365022,0.2488804495513932,1.46839465235322
2021-04-11,Capsicum,Loamy,5.871425712166419,26.81645409292312,68.88863955033897,8.302941754681342,12.748956582570877,14.23956179463262,142.61001539808603,0.3318076816229248,1.9576653215752569
2021-04-12,Capsicum,Sandy,6.629178866646298,25.496582355220568,69.2916146943943,10.953557225103118,10.32799874276896,13.605329178516477,173.05662704334048,0.2471581649284973,1.4582331730781342
2021-04-13,Capsicum,Loamy,5.790674590075288,28.57672533686815,69.22432042705255,13.72204528998895,14.20335389195499,17.98495963603913,162.43355265512054,0.6393681283101181,3.772271957029697
2021-04-14,Capsicum,Clay,6.752189301272795,24.97007002305889,66.79837780611534,5.475831925461124,18.951000290662442,15.24037669867587,123.76212175604203,0.6489888224926544,3.829034052706661
2021-04-15,Capsicum,Clay,5.515800817096761,24.044141678959157,68.43617171730341,8.854704346997355,19.826524114935694,15.72099816971625,150.32704481005845,0.6220079942294024,3.669847165953475
2021-04-16,Capsicum,Sandy,6.76084247471993,22.304282695452727,66.5641709876211,6.582407418152627,16.370475535036277,18.530135589879254,192.62141053985687,0.4324811734917343,2.5516389236012325
2021-04-17,Capsicum,Clay,5.556107885535749,27.289645218088463,65.30452771617591,11.953542507318696,11.616376937845917,18.059281534153584,181.50077769837577,0.1801368057611466,1.062807153990765
2021-04-18,Capsicum,Loamy,6.658486047807492,26.875551456604732,68.50782632801472,6.0572456043113485,19.05849389999306,11.322115228202996,132.31897848317934,0.828935667612017,4.8907204389109005
2021-04-19,Capsicum,Sandy,6.18601144181219,24.074840308193078,65.04913776284894,11.648077585802444,15.162478232000606,17.139145840836342,198.22645613556963,0.5061847712097906,2.9864901501377643
2021-04-20,Capsicum,Loamy,6.79085423495509,21.201547311673835,67.04591293729244,7.8618087079790735,11.537493121029181,14.354361289020355,170.8620400435131,0.4255777559288732,2.510908759980353
2021-04-21,Capsicum,Loamy,5.595935534156019,27.711978621744088,66.64689634651037,6.989168137372247,19.217266694516614,12.946489030625004,106.24493556667818,0.5710599145986346,3.3692534961319445
2021-04-22,Capsicum,Sandy,6.220010569721717,21.091343867632588,68.46688769259426,14.363525578249854,17.57469050723103,10.500188209021864,103.51607132886387,0.2542323486552846,1.4999708570661796
2021-04-23,Capsicum,Loamy,6.760093296304829,26.629598237032408,68.8312273638019,5.185245767459559,17.317052727231516,14.87249560345451,116.840794901003,0.2060390232838995,1.2156302373750072
2021-04-24,Capsicum,Clay,6.180027197421193,28.762056877808455,66.52047317985642,9.37777271889569,17.091807037944047,13.554366807245314,172.78558680501467,0.4244201771663548,2.5040790452814936
2021-04-25,Capsicum,Loamy,6.318218229575841,24.50129062518563,69.05813507222427,5.216269924617938,12.003398210964423,12.515130396764008,118.37389258424278,0.2817765552799284,1.6624816761515775
2021-04-26,Capsicum,Sandy,6.404473295680003,22.879787239967623,66.46958380252467,9.83593048104329,12.110066917075262,16.946717295969577,151.14867692088336,0.2954322356297316,1.7430501902154167
2021-04-27,Capsicum,Sandy,6.090903384198105,26.638968080347055,67.23163179993281,10.01047377794418,16.88292998427255,17.69485387315587,109.32601201808318,0.8140091902228236,4.80265422231466
2021-04-28,Capsicum,Sandy,6.315825504109283,27.537025136124683,68.63509263507066,8.216624713947471,12.197227501103969,12.447895190294247,192.08861578301952,0.52460734174866,3.095183316317094
2021-04-29,Capsicum,Loamy,6.259608605500031,25.37144252862278,68.46460114612394,6.321617775250237,14.386716968030488,10.494474366793472,134.39606135835675,0.4867752514586809,2.871973983606218
2021-04-30,Capsicum,Sandy,6.671505413638285,28.736282202049168,69.936842361561,8.763875377344753,17.820018255939413,18.48752700565235,190.81320565606308,0.6515836749828778,3.8443436823989794
2021-05-01,Capsicum,Sandy,5.559080294443895,21.41334977326369,66.12580512107967,11.72262939932566,17.83952518097841,10.099597412043034,194.48756419105445,0.8612384909413917,5.081307096554212
2021-05-02,Capsicum,Loamy,5.865252146469899,25.038364786436226,68.31158956769791,12.823958086444591,14.532617725258596,19.37112493921472,100.61286473136808,0.1897588515764512,1.1195772243010629
2021-05-03,Capsicum,Clay,6.735534929299526,26.7476315785804,68.04840954137889,10.307506023881423,17.92189938275245,16.27619873982706,146.4135187198732,0.7668276536874058,4.524283156755694
2021-05-04,Capsicum,Loamy,6.657342919058191,27.901123769193433,69.57549227245015,10.898343944397556,18.38621796198057,13.218466352013202,102.46560557068929,0.5672153438942767,3.346570528976233
2021-05-05,Capsicum,Sandy,6.092353778621427,22.43404489526232,65.78181070822437,7.006163711246527,16.5477575128426,12.464779095767362,190.86927663029059,0.2169322830494698,1.279900469991872
2021-05-06,Capsicum,Sandy,6.306172377141998,27.400027854109453,68.75899081793466,7.873303332276494,12.284258523084201,10.090056642644752,151.8407544734576,0.3377194549511933,1.9925447842120407
2021-05-07,Capsicum,Loamy,5.860595537875472,25.42165660574836,67.84134308134384,6.618956100523584,12.740117803855476,12.354714170108771,107.49440126984967,0.4858891331717916,2.866745885713571
2021-05-08,Capsicum,Clay,5.74455750764089,24.172429455919705,66.37332934893952,7.492953500046113,13.148411554087353,11.377283015171411,111.02767282765669,0.6529417156619384,3.852356122405437
2021-05-09,Capsicum,Sandy,6.102807926421977,22.05372022863275,67.37217457073587,7.248867802255318,11.16804107733952,16.121662207231456,138.35090244927392,0.2940856135627617,1.7351051200202945
2021-05-10,Capsicum,Sandy,5.959357896433868,27.9223660712713,66.66888298534899,10.194487863912377,12.731596203699452,11.665455885938012,194.02341928728896,0.5279030523740719,3.114628009007024
2021-05-11,Capsicum,Sandy,6.258752945406133,22.258185665437722,67.8965670139423,10.626887557907294,12.095192243125322,15.286298375366194,169.29091515680807,0.6477373019326894,3.821650081402868
2021-05-12,Capsicum,Loamy,5.60105502805448,23.478302873672796,69.44500305407333,14.449474208215046,14.553287498086021,15.901164223444708,186.76188661891325,0.4589926006780049,2.708056344000229
2021-05-13,Capsicum,Sandy,6.766713249966016,23.320364255699495,67.84652492206101,6.955706471015231,19.08437547872265,12.980416983469144,136.64566463399797,0.7904207688961407,4.66348253648723
2021-05-14,Capsicum,Clay,6.782073967823484,27.971312273526834,68.15861209163292,11.41675710161496,11.04480316753958,10.350649490187187,104.32136995499984,0.7955672822723235,4.693846965406709
2021-05-15,Capsicum,Sandy,6.407610228225669,26.381623953671184,67.59373923557355,13.172592689875229,17.202679239473955,10.37253880614196,197.4317637204414,0.4765529741123566,2.8116625472629044
2021-05-16,Capsicum,Sandy,6.196925276247357,27.373451177530978,65.25582753222739,10.602414637830524,16.872830044131277,10.263473321939177,101.71729906623696,0.8783405683271197,5.182209353130006
2021-05-17,Capsicum,Clay,5.902385901172226,23.003743190339993,66.16429278438048,7.550036525010757,10.957541986633576,17.39124667136546,194.76516530810892,0.1604680739243578,0.9467616361537114
2021-05-18,Capsicum,Sandy,6.557933525619033,25.99899279685599,67.46000864716041,7.625502300200003,19.225724049058,13.180097048142981,136.86774238491446,0.1026899026583493,0.605870425684261
2021-05-19,Capsicum,Loamy,6.390150524320043,25.57396786514999,66.55117641872353,5.392530530709999,15.684722021568195,17.963001859676638,101.00904050218816,0.4045346110431352,2.386754205154498
2021-05-20,Capsicum,Loamy,5.711402021148358,27.66264301430617,65.90881798880596,8.054442265484816,13.637255211356843,14.317328238428491,168.91572317245084,0.5808776490980074,3.427178129678244
2021-05-21,Capsicum,Loamy,6.684205339841995,28.248696483850082,67.5206642095922,12.4460367900338,17.565385834953066,14.52998100829964,198.0540304031354,0.6033601259597287,3.5598247431623995
2021-05-22,Capsicum,Clay,6.5692984158001195,21.097254171819095,66.61404896723926,5.475177572071104,12.57365458401634,15.128826025095737,196.56257228375927,0.4811565890350628,2.838823875306871
2021-05-23,Capsicum,Sandy,6.734739887279501,26.39215935247034,66.29053821586707,7.192952825048307,16.935098370463205,17.13031456375104,116.09370112024185,0.1999066505925169,1.17944923849585
2021-05-24,Capsicum,Loamy,6.443435360904868,21.414686392957833,67.3199270872019,12.06232498531782,10.397112075722472,12.735028658297072,118.1247806066155,0.2363980174303154,1.394748302838861
2021-05-25,Capsicum,Clay,6.297439754716526,25.390869320618847,65.66642129041087,12.826515628228766,18.39408037609272,11.21587349533527,156.553891461966,0.7817183870816073,4.612138483781484
2021-05-26,Capsicum,Sandy,6.043715947177804,23.301061832349426,69.63872866537703,9.553184100619283,14.481708470213185,15.560573351914615,163.73048264283244,0.794328905391409,4.686540541809313
2021-05-27,Capsicum,Clay,6.712547028360217,23.45421279617713,69.33851048959619,11.98074338478649,16.36692914357942,13.269776232427393,173.94179136658656,0.6391188302885762,3.7708010987026
2021-05-28,Capsicum,Loamy,6.62588305635053,23.82366802761885,68.53810292870267,8.87952168654892,12.212378198066837,14.424913136680374,118.10503604721475,0.6313743778231059,3.725108829156325
2021-05-29,Capsicum,Loamy,5.558784271138046,25.970339592396883,65.53106913794228,6.599132450241275,16.77073712658448,16.469467083373054,195.90070867644346,0.578145702422246,3.411059644291252
2021-05-30,Capsicum,Loamy,5.534277066846427,23.672399725350154,68.87938627234847,8.981494935229065,17.722402758932766,14.941257411412707,163.87392562892379,0.2623407085615906,1.5478101805133846
2021-05-31,Capsicum,Clay,5.989402376941465,26.861592404722245,69.03978664054509,10.799678202031428,14.732131868843988,16.20278817100843,184.7046918870555,0.4426005602079226,2.611343305226744
2021-06-01,Capsicum,Clay,6.553719330016382,24.236219084590957,68.83882308857169,14.480532818528904,16.177269240617942,15.442000021136279,154.00657152841717,0.656715721170703,3.874622754907148
2021-06-02,Capsicum,Loamy,6.783458968109428,21.546825602479668,65.5698294355962,5.687509520886773,14.563259238223985,17.39796371936099,141.42768475898825,0.529801817602671,3.125830723855759
2021-06-03,Capsicum,Clay,5.695541958434586,27.270078739872858,68.21953978533882,10.073940938449606,18.940913692578455,17.0593661771162,197.7182906594996,0.1148642672440793,0.6776991767400682
2021-06-04,Capsicum,Loamy,6.272369929957776,23.286066596741648,69.171623978747,8.289197782107244,14.978691805143193,15.341898918086192,158.2121370819836,0.8628454453760787,5.090788127718865
2021-06-05,Capsicum,Loamy,5.995158113620328,24.462135036794102,67.88676700609834,10.083116942766946,18.41808709028819,16.78903020859707,186.68735827991787,0.7758528420577148,4.577531768140517
2021-06-06,Capsicum,Sandy,6.760888717158984,26.483551065775213,68.23203687614044,5.239754473765316,18.013520582702483,18.735596022726128,195.32923963662898,0.3084360112877903,1.8197724665979629
2021-06-07,Capsicum,Clay,6.5947546000764214,23.659649257189695,67.29181739713152,8.130253547015814,14.105048213483565,14.322712877881685,167.53546270086593,0.593167148133037,3.499686173984918
2021-06-08,Capsicum,Loamy,6.589827316124479,21.452685249173726,67.64353659942026,13.19868147527005,12.30084491857475,14.127630727487936,154.8938678518675,0.8385915069825501,4.947689891197046
2021-06-09,Capsicum,Loamy,6.109301107733462,23.991368376102507,65.17188429175863,10.539417338546375,14.06082132559771,17.6424562085238,100.35108509106506,0.1768088096909211,1.0431719771764345
2021-06-10,Capsicum,Clay,6.039265353038965,28.555588661554427,68.19481510986643,9.505824928161177,18.2621737577522,15.82553837041994,104.0019640739006,0.5024235846373605,2.964299149360427
2021-06-11,Capsicum,Sandy,5.855429193509918,26.133875178388465,65.4072360644558,7.855250717153396,12.276325358193922,10.710067802225886,120.08512160511164,0.4649944206770356,2.7434670819945106
2021-06-12,Capsicum,Sandy,5.573288145646205,26.371833189337657,67.17507297170111,7.980425227913559,15.244363458577492,18.921120156910813,118.60084318559953,0.4281640042268259,2.5261676249382727
2021-06-13,Capsicum,Loamy,6.624139089131569,26.05825722910112,66.46327548833703,8.831014335905845,18.060967479607477,10.307831022376401,125.47587951998453,0.76847088711434,4.533978233974606
2021-06-14,Capsicum,Clay,6.556771311869101,22.591937111675495,67.72713975105856,13.355707099645604,13.534774751283788,17.48396356209743,130.4934637697661,0.4045169173579659,2.386649812411999
2021-06-15,Capsicum,Sandy,6.79963297527197,24.34667091281824,65.66708167761604,14.672132068082684,16.422096370026974,17.587941427043127,136.00654935507282,0.150930666592806,0.8904909328975559
2021-06-16,Capsicum,Clay,6.795627888196076,27.007518386906547,68.45821700986659,9.386553813503744,12.456315740488145,19.531110852819303,142.05376900688765,0.152670193731442,0.9007541430155078
2021-06-17,Capsicum,Clay,6.222061217283415,21.810983180425275,68.97505768464235,8.933528387477619,11.092794453681599,10.541344084023208,109.88663384560147,0.1341956852196872,0.7917545427961545
2021-06-18,Capsicum,Loamy,6.499683639734664,23.222822208717698,65.81677224871578,13.465507758198628,17.94384225092856,15.96856860784491,104.2361931952782,0.4273163374992298,2.521166391245456
2021-06-19,Capsicum,Sandy,6.728195448847156,23.21055286772683,65.52156543675942,9.269053206363036,10.989686234087069,14.27840570627053,167.39444490730233,0.674725022158688,3.98087763073626
2021-06-20,Capsicum,Loamy,6.604541607880635,24.456151420756047,65.7275774139368,10.520181722956512,12.713813950795846,13.306329548595421,153.73348248430779,0.2629779695444124,1.551570020312033
2021-06-21,Capsicum,Sandy,5.821552532266157,28.842949927537482,69.38563780949251,7.309416645987445,18.551094219974402,10.90318560299073,144.41442022201196,0.6171748163452395,3.6413314164369135
2021-06-22,Capsicum,Sandy,6.085707375903121,21.540020373470576,67.64094630878178,12.435025357790751,13.464692870786672,15.626541196713092,163.44399411683523,0.6496707776829633,3.833057588329484
2021-06-23,Capsicum,Sandy,5.667907239696944,25.14960795504476,67.33630498003751,10.31988318270782,19.73045349514161,14.790407256746136,182.76794072035403,0.3041616992124784,1.7945540253536223
2021-06-24,Capsicum,Sandy,6.740266335436339,22.434917456097683,65.53355909551178,13.090345502403416,19.797343347738597,11.045544581510242,142.76929091162046,0.5804461248485034,3.4246321366061707
2021-06-25,Capsicum,Sandy,6.288027024786144,28.765412363277953,68.2477800337848,12.807327300286698,12.682760204535567,16.124895070970833,164.11194650519792,0.6478946720214779,3.82257856492672
2021-06-26,Capsicum,Clay,5.797235647154501,21.906428037819715,69.33999795947545,7.1500476827002855,10.409782222498905,17.379531202529385,195.35722238351588,0.4732908982417005,2.792416299626033
2021-06-27,Capsicum,Loamy,6.373210889727614,24.228808018892728,69.14092934661727,12.156355505577624,17.05063284205379,17.672783010536484,183.96244958615608,0.369373277824076,2.1793023391620485
2021-06-28,Capsicum,Clay,6.303566712595265,26.90307987867685,68.130273544904,13.000544079513714,14.509865026483437,19.053731882624273,142.60008105024093,0.5953212412594618,3.512395323430825
2021-06-29,Capsicum,Sandy,5.965611533442693,26.636435424219563,65.37639358325836,8.46107240782395,11.007528439595763,14.094707418887772,164.4716837814743,0.8822776698624456,5.205438252188429
2021-06-30,Capsicum,Loamy,5.647624869859517,24.38182909515146,65.56198513588006,6.726091129022746,17.07522818978043,19.53072768622137,117.70709219159397,0.4414731274951825,2.604691452221577
2021-07-01,Capsicum,Sandy,6.373045154270639,23.772193343621744,65.24654493554912,5.026321555795882,10.311749091119212,18.654294050826863,156.052218489509,0.4133880770280969,2.438989654465772
2021-07-02,Capsicum,Loamy,6.176400011174931,24.180899028422964,66.28739608246235,9.509036530931482,18.701966904922422,12.96501571023939,198.13282911384428,0.4714135219408907,2.781339779451255
2021-07-03,Capsicum,Clay,6.504013909256331,23.114210105269116,65.67830733580189,8.524327315388415,11.386525291133037,11.592830373494586,151.83151152025223,0.1609747147560385,0.9497508170606276
2021-07-04,Capsicum,Loamy,6.176212551445591,22.642663509654398,66.30024020126217,10.54909833825409,11.27311878746725,14.353893961280134,192.7638299190147,0.542530623737112,3.200930680048961
2021-07-05,Capsicum,Loamy,6.607835950414102,24.86431758047112,66.92529027859482,6.880410925887857,11.756722979685845,14.018987079559666,140.73349205032608,0.3629579097738109,2.1414516676654847
2021-07-06,Capsicum,Loamy,6.217478890406831,23.14827004854086,69.71491392035568,13.596655476664752,19.602663584920666,15.757193053312044,199.88448271846312,0.19713769786501,1.1631124174035592
2021-07-07,Capsicum,Loamy,6.229219362996002,23.299693319178,68.05188029890846,7.577552156281096,16.93169360253846,15.83386232327748,157.92200352275577,0.4730053928938987,2.790731818074003
2021-07-08,Capsicum,Loamy,6.639649683455849,26.254048507796455,69.17486892841481,7.264296050876499,18.013715354636368,17.49986984379975,104.22689942359345,0.1027071892591819,0.6059724166291736
2021-07-09,Capsicum,Sandy,6.024527726076116,28.748298653599136,68.55175750356166,9.80714056484356,13.97634985732753,15.098899482056101,158.6754796691388,0.4214281961302072,2.486426357168223
2021-07-10,Capsicum,Loamy,5.674219796985833,25.829097604475002,65.56251565263315,9.988510237442744,13.363127275049555,11.048226409407656,127.45726956795966,0.1845882143411604,1.0890704646128464
2021-07-11,Capsicum,Loamy,5.537417479207341,21.61583573651973,68.67960203186975,7.150852287850928,12.344840067831699,18.582913355531062,103.24813220358948,0.1194341627198242,0.704661560046963
2021-07-12,Capsicum,Clay,6.481678432375705,21.604668910832537,66.37549440779563,7.718607267259157,14.806480283124088,13.097645831851871,182.08533046946633,0.7595800369956017,4.48152221827405
2021-07-13,Capsicum,Loamy,6.306402416759504,28.611385766764528,68.19553923497354,6.697052391552449,15.518287335341686,19.71297460306592,127.5729636980756,0.8329990426261079,4.914694351494037
2021-07-14,Capsicum,Clay,6.415303698528991,23.37832632245867,66.70480986821494,12.184601783231669,16.317748436527552,11.178601086797702,179.65485540464985,0.2661397186872853,1.5702243402549838
2021-07-15,Capsicum,Sandy,5.776853409961584,21.7365358886598,69.98836131632329,12.70089031254082,12.571185039986945,19.58251172232503,128.8217582955867,0.5314386110674091,3.1354878052977138
2021-07-16,Capsicum,Loamy,5.677282918262801,25.792356697203054,66.31775739748389,9.623284974592826,19.486540809029904,10.91011806882517,119.43263538737743,0.3223665257047879,1.901962501658249
2021-07-17,Capsicum,Clay,5.5189080653682465,25.98919022632213,66.39565235387136,12.140870226850176,11.697584982071358,12.310361379470596,197.39355741044272,0.4948619509377457,2.9196855105327
2021-07-18,Capsicum,Clay,5.955763826448576,26.188038560949504,69.653361277812,12.359353919374456,19.656531747664125,10.465799420865416,136.16453277550195,0.4493050567153281,2.650899834620436
2021-07-19,Capsicum,Sandy,6.266892992911023,23.13921622286033,65.12322202318161,6.382755276778086,10.148561225075039,17.05113146638995,160.13762114431603,0.3152408440643885,1.8599209799798928
2021-07-20,Capsicum,Loamy,6.009917258629652,21.120885473715802,68.48344493936598,14.661780248345368,14.811256918168457,18.502987365717917,160.99814928144716,0.6603148637082381,3.895857695878605
2021-07-21,Capsicum,Loamy,6.068717398630848,28.720122955635773,68.6266319536794,13.21031947096431,13.333678381165628,14.340710818159804,156.0473482173502,0.2011927674562034,1.1870373279916002
2021-07-22,Capsicum,Clay,6.675406302841873,23.00714436552882,69.181892887052,7.044834611958235,14.491234139302508,19.285220750424298,191.46957435212147,0.1424582257370937,0.840503531848853
2021-07-23,Capsicum,Loamy,5.9527321071302906,26.40821030442038,69.87219655319238,6.861650357460702,15.70664578980789,15.902990717555996,167.44410713668685,0.7141403464298234,4.213428043935958
2021-07-24,Capsicum,Clay,6.168186335907754,26.653038959029676,69.87800959578327,6.256611455795827,14.35589158012709,16.30007135446523,140.37330041049302,0.6327440249765439,3.73318974736161
2021-07-25,Capsicum,Loamy,6.518748916563486,25.880059336635885,65.32638378783231,6.383785625419184,14.14846850301595,18.4541920170077,186.23803845242742,0.4988208993171183,2.9430433059709986
2021-07-26,Capsicum,Clay,6.015505617017651,23.503259153709188,69.10919661376451,12.481617990286962,17.327234154133066,12.96800205051839,118.10628991159643,0.4742318163780332,2.797967716630396
2021-07-27,Capsicum,Loamy,6.308712710296236,23.168770030112526,68.2315496682869,9.696542569516236,16.858762750864646,13.542657213276257,154.42367576104175,0.497929103593141,2.9377817111995324
2021-07-28,Capsicum,Sandy,6.621072821370769,25.781346261621625,68.23671067186545,12.829341727398672,18.33271282035848,19.059519191946443,195.05503719437564,0.4496192608789383,2.6527536391857365
2021-07-29,Capsicum,Loamy,6.734376810754934,27.928765068893533,65.64174963307347,12.462548943502052,12.499589812394955,19.009634960387636,162.53976298804128,0.4143138366649433,2.444451636323166
2021-07-30,Capsicum,Loamy,5.69119552520775,28.573869831387164,68.25093583222827,11.046127135052217,16.095285097540636,19.764827762008707,181.6968450474876,0.4997524823088962,2.948539645622488
2021-07-31,Capsicum,Sandy,6.704563912709943,21.847246435230062,69.91241290300624,11.863666065786797,15.85194785392854,19.01838316441671,165.3560725545193,0.5228121369278084,3.0845916078740694
2021-08-01,Capsicum,Loamy,6.139751181003399,22.23862890078176,69.55909284769723,5.183557243791418,13.697378108726888,11.27372036033361,183.93708635378903,0.6535218512668968,3.8557789224746912
2021-08-02,Capsicum,Sandy,5.835717704788646,28.557890070264637,67.19565330402425,8.11777646805022,14.860575419026809,18.23724286136987,194.44878798452436,0.668965728587218,3.946897798664587
2021-08-03,Capsicum,Loamy,6.09687648310974,26.892281826678342,65.19973986643048,11.378221792594102,13.137821433057287,14.098384781095941,127.29217275327368,0.4021032641121157,2.372409258261483
2021-08-04,Capsicum,Clay,6.77404234787112,28.063950598638186,66.81146745000102,5.093449534862442,11.418443976169852,19.908013559459377,116.9661081256719,0.430832418194791,2.541911267349267
2021-08-05,Capsicum,Clay,6.140403522190731,22.621061073082746,69.13195155800278,5.329769436825934,12.138012106627329,14.722809643288011,148.399075033254,0.3989577357889784,2.3538506411549727
2021-08-06,Capsicum,Loamy,5.92737709337376,25.700686968875214,68.50749550732583,13.518879824703832,11.05513646401201,15.538360825022206,170.18624268242158,0.5292286189005683,3.122448851513353
2021-08-07,Capsicum,Loamy,6.3234211106117435,26.60911675533979,67.29671827796979,11.840248616920718,16.830695751901242,15.297749152567985,122.71912531822161,0.4626828303313562,2.7298286989550022
2021-08-08,Capsicum,Loamy,5.812189304411651,26.440895083575782,65.27550767579416,7.653697331203439,16.607273931091516,13.217370298582779,100.41014504301671,0.8116771705089548,4.788895306002834
2021-08-09,Capsicum,Clay,5.598622326541263,24.265213526933586,67.13447363911651,11.879628401187093,19.506063715798728,10.750220888929181,134.29351158367052,0.6570890135331781,3.876825179845751
2021-08-10,Capsicum,Loamy,5.667543638483844,21.123159133530468,67.34512469858942,12.924566691392632,17.29678413647241,18.956512304019185,196.88593354677886,0.8189251070035565,4.831658131320983
2021-08-11,Capsicum,Clay,5.666459590645104,25.663408454434105,69.64277766447069,8.067942831101012,10.520458387561314,18.026758125262866,169.49674606058466,0.6673095932475405,3.937126600160489
2021-08-12,Capsicum,Sandy,5.697473501565983,23.02481231343687,68.2054305179108,5.360373774991874,18.842451739289544,11.395267805596692,140.1325443941224,0.8767937188190513,5.173082941032403
2021-08-13,Capsicum,Clay,5.680475324444233,24.602033969143122,66.55826458327324,14.327791246877345,18.62675162945726,17.76768271350073,119.25760973468404,0.6085894226042152,3.59067759336487
2021-08-14,Capsicum,Clay,6.333137168244178,28.660648120670537,67.6265913222536,8.451798382956305,14.433203207726987,16.2584666605061,135.6089673754747,0.8708401105304437,5.137956652129619
2021-08-15,Capsicum,Sandy,5.736444109718888,24.192282541139477,65.3302765391108,6.064817632847063,15.858630505279216,14.091437879176222,116.98394333012479,0.2265359123275409,1.3365618827324914
2021-08-16,Capsicum,Clay,5.9493674683210225,27.718412853315414,69.86284117824869,9.918568713931474,19.76078332472519,12.540211490955627,110.63058213129514,0.1419821446635231,0.8376946535147863
2021-08-17,Capsicum,Loamy,6.665824932877815,22.50832484599401,66.80029950965363,12.684677956641336,15.323043638481662,18.597287835022325,190.67423725725538,0.5633001481630874,3.323470874162216
2021-08-18,Capsicum,Loamy,6.116150132341734,26.37968398420023,67.38933677456568,7.216473146175591,19.0532182837609,17.001882592940532,199.76503383754735,0.8867945646398199,5.232087931374938
2021-08-19,Capsicum,Clay,6.367825060077335,28.816055635511546,66.77641987118461,7.694900501333634,10.830387578101865,15.477399094691368,116.41144395957903,0.4340841978419174,2.561096767267313
2021-08-20,Capsicum,Loamy,5.724015832562118,21.815144806983493,68.412558650581,7.427149867985832,11.910518687086828,16.09568533898464,105.45225588782797,0.2696346897543676,1.5908446695507692
2021-08-21,Capsicum,Clay,5.749975724451272,21.066559537817536,68.31116079164796,14.916730528316782,14.407549434413179,10.91066182082181,132.97311071462124,0.5172331593548112,3.051675640193386
2021-08-22,Capsicum,Loamy,5.553129201146422,24.468662341060913,68.57661155264567,6.974037337305425,15.847568083373048,14.739197609111919,146.16591807614154,0.6190388996631109,3.6523295080123535
2021-08-23,Capsicum,Loamy,5.719615581993814,21.74100386441094,66.3407161480596,10.75520216966124,18.162278518628,11.93700292785702,120.48212470758546,0.3521429564127112,2.0776434428349964
2021-08-24,Capsicum,Clay,5.862167440741546,26.98707479740985,66.57834240582034,14.252646416569643,19.88262115143187,12.083836790088254,130.14249117985585,0.6718154867994076,3.963711372116505
2021-08-25,Capsicum,Loamy,5.730113629559771,28.316389310788473,65.62625615548104,6.468965688777793,13.888514964741164,16.61303962286867,120.08707356916577,0.8800916056365806,5.192540473255826
2021-08-26,Capsicum,Clay,5.6153132938841726,24.47216778167007,68.27754985923056,14.708541978677005,10.47415636140085,19.11256151834288,177.42605684324514,0.8175704973684935,4.823665934474112
2021-08-27,Capsicum,Loamy,5.656826632430781,23.069693137243526,65.19898563667826,14.474772343956246,18.011715032953248,14.037566104783465,171.2577943247261,0.3332682988097562,1.9662829629775616
2021-08-28,Capsicum,Loamy,6.099012398442543,24.475226552052877,67.9884116776173,13.845719870582624,16.043807190828083,12.077492730121904,163.49515157609818,0.3613789465156787,2.1321357844425046
2021-08-29,Capsicum,Sandy,5.76823383392753,26.78758254280001,69.34847942425817,7.145565213300023,11.985428588682016,16.48746937236654,138.72178570792047,0.3972329795596708,2.3436745794020584
2021-08-30,Capsicum,Sandy,5.973550819362498,21.07243329264297,69.45416074144816,11.340550560109833,14.948284566214202,18.71187046350318,190.9040941314236,0.4156422227149162,2.452289114018006
2021-08-31,Capsicum,Clay,6.154442452111314,25.715631915877577,67.2451888018498,12.6089147296124,17.423102455337244,17.483188011224907,196.953254153502,0.1802555993546235,1.0635080361922788
2021-09-01,Capsicum,Sandy,6.397513277218175,25.906333479099033,67.29651844106537,14.860279281964296,17.70411787068644,18.687572305365872,117.3639312625412,0.7095702711114314,4.186464599557445
2021-09-02,Capsicum,Clay,5.551105781793429,26.101505975167484,65.38484591504009,6.804238220813704,14.996184119987621,15.365546710107994,122.3012641411878,0.3922714108885604,2.3144013242425068
2021-09-03,Capsicum,Sandy,6.539233518581756,22.93617663984702,68.35382512721517,12.660258995192963,13.052145301288592,17.51876244369191,152.56310280003697,0.8038559813643618,4.742750290049735
2021-09-04,Capsicum,Loamy,6.31627050633818,26.712421787025015,69.10629710186423,8.388011699271129,19.737425820384935,11.400645593589365,109.12505692822452,0.841552498496087,4.9651597411269135
2021-09-05,Capsicum,Clay,5.606286741533533,21.73113189065421,66.22327527302356,6.756264655680023,16.63362610956493,13.482746153631915,143.6448398823113,0.1195450474461504,0.705315779932288
2021-09-06,Capsicum,Clay,6.63565221133881,22.594162691734407,67.10650440816683,9.21376941213855,14.082375193462987,13.895491644815223,158.179126477771,0.890802455942565,5.255734490061134
2021-09-07,Capsicum,Loamy,6.6971341206913575,28.019760373235854,69.19419668382635,12.938359121486164,12.804632242046523,15.112957462460345,152.2073571137333,0.6680181852001477,3.941307292680872
2021-09-08,Capsicum,Clay,5.579401347811323,26.909785205812533,69.38560233831144,9.648498037040522,17.311029830035622,19.290763602568237,133.0908583078026,0.5163137807943698,3.0462513066867825
2021-09-09,Capsicum,Clay,5.859940942591365,21.109964432090763,66.21589990132112,10.375231002030484,12.421834455937677,18.742965602221744,154.24458060772068,0.4116220866980427,2.428570311518452
2021-09-10,Capsicum,Sandy,6.54806166373098,22.987010082958403,67.75285317270682,14.951594102001213,11.717099889736883,11.345254922891845,195.88009542588478,0.5148145060877704,3.037405585917845
2021-09-11,Capsicum,Clay,6.472737597498756,22.715251863945316,65.96246575317913,8.99109299557426,15.298338889620702,11.727896518824632,120.6017404291376,0.3596997791827555,2.1222286971782576
2021-09-12,Capsicum,Loamy,5.739877325163291,23.16645062429578,65.50939382069778,11.154007547092398,12.899873926441419,13.576405495889112,165.48313583940035,0.5981502509572386,3.529086480647708
2021-09-13,Capsicum,Sandy,5.772154120337723,22.98047816223909,69.55560250695979,8.652442016153719,16.28905144923615,12.907438658906738,104.33966941560519,0.174384221155833,1.0288669048194148
2021-09-14,Capsicum,Sandy,5.981613733628796,21.500210365942767,69.10253752116054,8.92785646328705,11.179386748742335,16.147709531562622,106.64164044814349,0.5968980823294482,3.5216986857437447
2021-09-15,Capsicum,Loamy,6.1298798807483275,24.671524132774564,68.80017450901587,11.95640753445408,16.549411045673217,19.02776047764545,155.1828224223585,0.3202758801107553,1.8896276926534563
2021-09-16,Capsicum,Loamy,6.303731202989384,26.86186779828932,65.2438315940657,14.378869760948836,12.832965279977023,19.622915416725867,110.49391803279495,0.1141078632418771,0.673236393127075
2021-09-17,Capsicum,Sandy,5.979587731440704,25.85385379773949,69.21864396355129,10.423589504923214,10.002429344345128,16.536029525352266,102.23467884268574,0.542164612930302,3.1987712162887822
2021-09-18,Capsicum,Clay,6.101295130973092,26.38297334878464,67.19022037952692,12.683999289487796,11.269360576741764,18.381592014010867,117.15129976480222,0.5627582046821571,3.320273407624727
2021-09-19,Capsicum,Sandy,6.471712219573884,21.649193428289912,66.7119756164793,5.892065588169638,19.33615377835094,15.252022002307971,156.48491709995744,0.4412552037692289,2.6034057022384505
2021-09-20,Capsicum,Loamy,5.547688163757777,28.6119256814143,67.73238180512688,7.11158037431927,18.67354639115358,12.083269468600397,170.33409545189323,0.1578289860402535,0.9311910176374956
2021-09-21,Capsicum,Sandy,5.8281680276472265,27.707934670744198,65.45676621361778,10.021316409195324,12.336090320362368,15.246884120934773,120.247856414138,0.8146743622433532,4.806578737235784
2021-09-22,Capsicum,Loamy,6.427354461649918,27.4407225479653,68.783232746762,5.200117236287748,17.783719045454912,15.550826014376511,166.82594372081746,0.5891446457823112,3.475953410115636
2021-09-23,Capsicum,Sandy,6.663768888993359,27.583870440334138,67.91217538444148,7.528549787625588,16.085715931739742,17.424575642135565,118.24763310992293,0.1925706396551756,1.1361667739655366
2021-09-24,Capsicum,Clay,6.165180674750366,28.46168406506209,65.93295048436583,10.17401289824966,19.709047114498695,12.198829897073491,161.34574266312572,0.5087444612753181,3.0015923215243774
2021-09-25,Capsicum,Sandy,6.191747530844911,25.354031728909582,65.94116099884523,5.149611982563007,13.73605659534059,13.683103820867316,141.19596798957988,0.4978034527587772,2.937040371276786
2021-09-26,Capsicum,Sandy,5.639323614741709,22.60225614294101,65.92124325786337,7.645462862260417,16.814606125171714,13.640274692145663,165.37995093336167,0.1483214950343415,0.8750968207026154
2021-09-27,Capsicum,Loamy,6.081636076870491,25.93426886282033,65.28501193775968,10.140308194758695,10.635357224239186,19.59439595741165,199.50527524792471,0.585487762882358,3.4543778010059127
2021-09-28,Capsicum,Loamy,6.19240244639153,26.943051949343513,67.93899224685842,10.731492479812456,13.96247346816406,14.439449603267189,193.7816965232562,0.7466611191372515,4.405300602909784
2021-09-29,Capsicum,Loamy,5.8152116547251484,26.903339146832202,69.20174088794253,14.257516930553054,19.638176611881804,17.550939672981464,100.42817578361036,0.6992064433987826,4.125318016052818
2021-09-30,Capsicum,Sandy,5.8500162002341956,25.17159219333504,65.08749106993695,11.453456232506078,15.389808744501206,17.50811381374439,188.54387643623056,0.2623755313313467,1.548015634854946
2021-10-01,Capsicum,Clay,5.99046941203601,21.547669754668625,65.24502322485637,9.147358025299935,12.878795033348446,12.655441848032414,106.64907951747665,0.7898340236433692,4.660020739495878
2021-10-02,Capsicum,Loamy,5.526092557111045,23.968903507441023,67.86385138343473,14.303511771330678,11.20270963128607,15.718696893717322,195.3046586159845,0.3740337325274807,2.2067990219121363
2021-10-03,Capsicum,Loamy,5.918702915258132,28.36613286770686,69.09747842693027,12.848829833877945,17.035283401815306,18.943028933186483,128.18256790996847,0.8572067026335531,5.057519545537964
2021-10-04,Capsicum,Sandy,5.7748824090955075,25.675591278059407,66.63369445284317,7.000089211127476,16.448560434297267,14.751977194569495,138.2034830411271,0.157398371380571,0.928650391145369
2021-10-05,Capsicum,Loamy,5.925746557831289,25.306655546045707,66.74807199403861,6.3084236134881975,13.739387136037745,19.45117507342546,109.16382051757279,0.4889669508158741,2.8849050098136577
2021-10-06,Capsicum,Clay,5.655690771365027,23.15082811505755,67.98173248748388,11.75811635742733,19.50941351865834,12.144582293241616,111.22727583289097,0.5776995017420393,3.408427060278032
2021-10-07,Capsicum,Clay,6.6576854649618635,23.94759135933263,66.37106444562073,10.59883165576984,10.222028129878503,10.741591057740308,172.67405652293195,0.2981200787796838,1.7589084648001347
2021-10-08,Capsicum,Loamy,6.271670189620263,28.162768713225354,65.13304183038842,12.896736137927558,13.037238516318258,18.914538731447493,194.43322357482916,0.7171041509761822,4.230914490759475
2021-10-09,Capsicum,Loamy,6.3828330148878365,26.331704380214685,68.67614259050798,12.388050500786864,19.210694862995815,18.476811979622166,161.07484949543095,0.6015165438485737,3.5489476087065848
2021-10-10,Capsicum,Sandy,6.525922610189539,27.29909621401866,68.12824956470726,11.25211533857515,13.209354383194404,19.92589875933845,171.5850015526811,0.1144875498303644,0.6754765439991504
2021-10-11,Capsicum,Clay,6.147974858607775,24.63476338454124,67.9037799952783,14.86382171628892,12.522528338551703,16.79393488112426,176.19697445971536,0.5866948725569887,3.4614997480862337
2021-10-12,Capsicum,Clay,5.612996374513651,26.041977755649263,68.70842064495912,10.335897301104088,15.342204099312474,19.366879266671496,126.28142745529416,0.4931825875347572,2.9097772664550674
2021-10-13,Capsicum,Loamy,6.198238504364112,22.98706886994566,68.37615418781019,6.131057565017199,18.238017499205377,18.26949025084111,104.5229630920215,0.2568233613628061,1.5152578320405563
2021-10-14,Capsicum,Sandy,6.262893453427143,26.64368664226789,66.02940994089161,13.282735648159884,11.031467608783611,18.44426333120087,100.18727439191686,0.8965985816476237,5.289931631720981
2021-10-15,Capsicum,Clay,6.469071316439629,24.420810669626697,66.76240523471675,7.51853362345709,19.430207096457362,15.691415704542683,135.06492829540187,0.817729755862092,4.824605559586343
2021-10-16,Capsicum,Clay,6.061157410098583,24.540364118517964,65.63055070839313,12.773021481439184,17.95072881181164,13.823645979167107,124.14642281992161,0.3340061560232508,1.97063632053718
2021-10-17,Capsicum,Sandy,5.665854393634233,26.194578596615052,65.64928506708941,14.571070960000512,11.81250255551552,19.345580725432818,106.23177250491857,0.5328567366388931,3.143854746169469
2021-10-18,Capsicum,Sandy,5.868908677538342,28.490244971751412,68.38097873178269,11.967955139643411,17.120079611981627,14.321171756158945,117.95282924936667,0.3532017119282326,2.083890100376572
2021-10-19,Capsicum,Clay,5.972006985318226,21.512050772868967,69.2930005349125,10.96030160949801,13.849587226375572,15.38819367249669,112.44988982679479,0.7203966013088625,4.250339947722289
2021-10-20,Capsicum,Clay,6.339692413731082,27.59794589877606,69.8136629193057,9.603861756750405,14.022946780763187,14.461143071251877,191.48783806173702,0.8442651465571641,4.9811643646872685
2021-10-21,Capsicum,Sandy,6.242011796069585,23.339064883297546,68.14173558774722,8.644098659954032,17.832900924388664,15.648183139601972,114.0267213459169,0.3870628855315069,2.283671024635891
2021-10-22,Capsicum,Clay,5.9629257436672,24.55135563605102,65.92050661680479,8.530047509718361,19.627848079807322,14.705050789923272,153.76484639876793,0.744467399314902,4.392357655957922
2021-10-23,Capsicum,Loamy,6.782469823430874,21.175306630200073,65.52825172724465,11.363727057095906,11.266558728471939,10.479675585794759,159.31059551121646,0.4987260341705639,2.942483601606328
2021-10-24,Capsicum,Loamy,6.287507265163953,23.408368622674505,69.06425485768379,12.51273116937746,14.206302368788194,18.82048186007699,154.3489457708634,0.4172628490492619,2.4618508093906453
2021-10-25,Capsicum,Sandy,5.808394829256793,25.021049941041042,67.8937823818,11.785170694844144,14.809416080843036,14.443938189157699,109.9056434215988,0.8507374816790159,5.019351141906194
2021-10-26,Capsicum,Sandy,5.632317214406525,21.44940861877951,68.0914251050686,6.984101011935628,13.763118169549976,15.889436485073487,131.87983617505512,0.5083237509752252,2.999110130753829
2021-10-27,Capsicum,Sandy,5.698716880939632,24.92876583506532,68.90731044377354,9.939871801434911,13.63189123716225,11.391878027579871,105.12703324631532,0.4739284002059719,2.7961775612152344
2021-10-28,Capsicum,Loamy,5.81974504689986,28.41688503086742,68.51638613866226,12.91640072183063,10.522686675615965,10.033878479826392,139.5669914096316,0.6379475215698744,3.76389037726226
2021-10-29,Capsicum,Clay,5.708885785237422,21.84314574486244,69.17229126428049,9.757040781890565,16.855386205626232,12.452900936436428,118.8598931271592,0.3089873608146275,1.8230254288063024
2021-10-30,Capsicum,Loamy,5.7425371312666975,27.115525824604035,65.2810695272994,10.36623279735494,14.362144171200454,17.045860321333503,156.16325332843797,0.3598342966306526,2.1230223501208503
2021-10-31,Capsicum,Clay,5.870623719302001,24.277368427007943,68.73760318373252,12.711360481708224,11.947938026439267,10.991945301128785,169.28083938491005,0.8456366689908982,4.989256347046299
2021-11-01,Capsicum,Loamy,5.725385673883181,26.241389716194703,69.25426378661048,11.612653062650915,18.160335023020686,19.08887440386468,153.21198602047065,0.642823876349554,3.792660870462369
2021-11-02,Capsicum,Clay,6.665795052014353,23.081892783881834,66.43067521229158,9.093449208823928,18.02560748151628,12.150225693561847,143.42366966113957,0.7613097182168045,4.491727337479147
2021-11-03,Capsicum,Loamy,5.604303869360135,22.275938100330865,68.20223636996626,13.954127111942189,14.863916280888938,12.045936142917757,138.73334208566925,0.3168894095483437,1.869647516335228
2021-11-04,Capsicum,Sandy,6.181864806441331,22.283700914169813,66.57081031918486,6.625670686634786,12.984506611477606,11.815079616214955,184.1691768097004,0.5350321519438976,3.1566896964689963
2021-11-05,Capsicum,Loamy,6.03351587508656,21.563935565145158,69.78985533241227,14.955164485903246,16.380927257964522,10.139817129713647,121.936806506527,0.8771170135915985,5.174990380190431
2021-11-06,Capsicum,Clay,6.777092201981188,22.485173639209943,65.16711786217752,6.188525784762372,12.88152135777403,17.718054684782345,173.42183395288689,0.354963119222574,2.094282403413187
2021-11-07,Capsicum,Loamy,5.645650572818468,26.313755079911747,67.89896421916478,5.149499711042389,12.360079303237121,18.750345312452588,175.7482324740119,0.2283811810536335,1.3474489682164377
2021-11-08,Capsicum,Loamy,6.017212278759464,28.053524894748065,65.83251773524758,13.900189011487647,17.305146540263266,16.141627026161988,141.92000072707344,0.5087088065797313,3.001381958820415
2021-11-09,Capsicum,Loamy,6.7603115632579796,27.513005484729295,68.56110102588579,7.449535083659561,10.403252397209506,11.881999816798622,129.73005992256392,0.4102568709799009,2.4205155387814155
2021-11-10,Capsicum,Sandy,6.625159263662174,26.481074478995872,65.8794514170933,12.296996274467208,10.94768471034594,12.852779969408797,147.05414860459751,0.2276617862293708,1.343204538753288
2021-11-11,Capsicum,Loamy,6.562193692234064,21.883454907288822,66.17691630949179,13.110153749320691,10.067881740235897,14.759266973649634,109.32139258926985,0.8108411061626944,4.783962526359898
2021-11-12,Capsicum,Sandy,5.8352736751584215,23.313499570367597,67.47185405522879,13.589863910321167,11.529431864754262,19.543459516233007,104.593003222909,0.8925791284430223,5.266216857813832
2021-11-13,Capsicum,Sandy,5.722153863607086,23.47845500257975,69.5741747499844,14.915942356641668,10.689900087104595,12.47351371817743,111.16031994518917,0.5548657445519982,3.2737078928567898
2021-11-14,Capsicum,Loamy,6.3692361859017605,22.99965557118097,66.05857186073986,7.9403971003999905,19.958023677799186,17.316459039198882,118.71450314622261,0.7197414146987632,4.246474346722703
2021-11-15,Capsicum,Loamy,6.708188785865861,25.120045277677786,65.72120010559051,12.102433419272591,12.888099699540895,14.394482232929203,150.41768203380428,0.7872306956370396,4.644661104258534
2021-11-16,Capsicum,Loamy,6.223791760918108,25.28443051903738,68.79488415927015,6.153998582808282,11.492680126692473,12.978473483600219,184.91366361611222,0.6607856048174615,3.8986350684230233
2021-11-17,Capsicum,Clay,6.243096496310869,23.85508780136888,67.50309766166966,9.068092913568494,12.40996257995918,14.559159370221138,123.5642331999687,0.135324839289385,0.7984165518073715
2021-11-18,Capsicum,Loamy,5.863972821758369,23.830313269891487,69.55892556190885,13.479716933125903,19.36125571540135,10.712067175412326,193.5162010746778,0.2261073853734542,1.3340335737033802
2021-11-19,Capsicum,Sandy,6.500340813149518,27.62844478324865,65.73307278579921,8.676580460591083,15.201602230243957,17.986873709303623,195.49079089350033,0.1567913529211091,0.9250689822345444
2021-11-20,Capsicum,Loamy,5.74315687312478,27.314342786557486,68.2296394651152,10.91095380535614,13.64818096307857,12.433019279829672,195.89046048452053,0.1079036853136452,0.636631743350507
2021-11-21,Capsicum,Clay,5.920783007325516,23.462366653445965,66.16439573075908,10.03773443724634,18.733914579092193,17.254121231929705,183.75627346763238,0.3447971270057892,2.0343030493341567
2021-11-22,Capsicum,Loamy,6.053067370201342,28.310307550986074,65.7838021432582,11.459515311120452,13.949902705490324,10.683483714481948,136.38250407977205,0.4138847683852478,2.441920133472962
2021-11-23,Capsicum,Clay,6.159893492289791,28.62252013602005,68.41714707578635,14.728943893876949,13.350085699576958,19.55098556165686,107.2683911002623,0.2928237858687406,1.7276603366255696
2021-11-24,Capsicum,Clay,5.815132652139605,23.613940336240326,67.96842309954367,5.557355265014021,12.072825225497356,11.930149854056985,156.8818731766495,0.1516837184690567,0.8949339389674349
2021-11-25,Capsicum,Loamy,5.649287872160965,23.835399590344437,68.77413729181166,10.739615175016295,13.777968239094115,18.827420762070805,155.86814439372338,0.5238904726693421,3.0909537887491183
2021-11-26,Capsicum,Sandy,6.293806055174122,25.04507322737567,66.54731288223091,13.630287792502848,13.16684356016926,18.094732096154345,184.99757671095955,0.3186554559657133,1.8800671901977088
2021-11-27,Capsicum,Clay,5.875219719212333,28.528966500269387,67.23985828191095,9.813827117484276,16.773039592981412,19.678599240814158,199.59910509461054,0.7368297238908499,4.347295370956014
2021-11-28,Capsicum,Loamy,6.255609687849396,28.01055546513849,67.02735838165209,5.785271859415728,12.895827046707272,14.778906609457497,150.81573065601475,0.1064420973002249,0.6280083740713274
2021-11-29,Capsicum,Loamy,5.7006715298564625,21.82054370066872,69.92044731983258,10.60539352416771,15.771997464225613,17.273972938459515,134.52040310397842,0.7740216410300883,4.566727682077521
2021-11-30,Capsicum,Sandy,6.125482132411262,24.14184594617133,66.46124478369694,8.320738908238205,10.658921650319726,13.70710657037784,118.5901711556267,0.8638029431567656,5.096437364624918
2021-12-01,Capsicum,Clay,6.192366262317061,25.426969517998174,66.47408619173383,6.549417853379359,11.912891566965143,11.843682380196938,100.47998248173707,0.6729080505228556,3.970157498084848
2021-12-02,Capsicum,Clay,5.567370597869155,25.02505978041232,66.77274104414303,13.49034513283473,14.074052716113489,14.430759329334489,150.91136924888792,0.6869152522100532,4.052799988039315
2021-12-03,Capsicum,Loamy,5.937585561652097,22.550904543495143,67.8229704064516,10.215995129911215,19.369492539086956,11.657490153884549,155.55186667025959,0.8468498492821865,4.996414110764901
2021-12-04,Capsicum,Loamy,5.674739080020666,27.870534169345238,66.26161372131872,14.332764123790668,13.772519857156954,19.82044622786384,182.49384798173975,0.2672570282402793,1.576816466617648
2021-12-05,Capsicum,Sandy,5.582387461614598,26.415526263974698,69.57644970189637,13.06016504603069,16.64074121199834,10.962464911407164,150.45769678928005,0.8956524545668614,5.284349481944482
2021-12-06,Capsicum,Sandy,6.786948302106929,27.703266998814428,66.32842782433131,11.929717937736672,12.550872224213983,15.892117234526204,191.64683486660567,0.7187849627028335,4.240831279946718
2021-12-07,Capsicum,Clay,5.91905999846714,27.87011423479578,69.47907865780097,5.050255033653119,11.270335759732317,16.26463855254056,162.80834765714354,0.681256566662235,4.019413743307187
2021-12-08,Capsicum,Clay,6.552836779611026,26.98684682932592,65.51737531823292,9.2782345663825,10.585366000800501,15.380795428740543,184.03362382210832,0.3888724631962342,2.294347532857782
2021-12-09,Capsicum,Loamy,5.831032851192893,24.513684809997738,68.28281351199826,6.974862816520323,13.054134985427513,16.621858857118337,114.8301734807747,0.5366219883244885,3.166069731114482
2021-12-10,Capsicum,Clay,6.385953538891108,25.884374040123397,69.53492759219122,14.107979110488678,11.57661026796908,11.161807750118909,185.53361303023146,0.6231342306186776,3.676491960650198
2021-12-11,Capsicum,Sandy,6.488296217856592,22.282923248957946,65.84374719199114,6.7458398467636025,11.740104480161243,15.550185242052912,167.51438544438486,0.5962742890537728,3.51801830541726
2021-12-12,Capsicum,Sandy,6.274330362790197,26.38916333979926,69.84163480049628,7.860600516592855,17.6075930838695,12.872125711273615,117.02330324383306,0.6639877107820646,3.9175274936141817
2021-12-13,Capsicum,Loamy,6.113049045115206,22.434026045914244,67.26441680207756,10.168367677344992,10.158380709448743,19.401760633010568,118.97635581460108,0.1659053912627285,0.9788418084500984
2021-12-14,Capsicum,Sandy,6.035393188391449,26.551596724081254,69.72857554220512,7.633636189980793,15.578101257354344,17.620716534397257,192.65006190442213,0.3845187462653574,2.268660602965609
2021-12-15,Capsicum,Sandy,5.953528746505894,22.83678528603175,68.38410021815024,7.098646772791212,13.794613805934649,19.725144821597425,103.22153604503728,0.4472000132763817,2.638480078330652
2021-12-16,Capsicum,Sandy,6.708387887522173,21.94041040120176,66.50793434936776,10.990993251027524,15.065499999085471,10.375560697401895,146.2534943295706,0.3085034382999732,1.8201702859698417
2021-12-17,Capsicum,Sandy,6.579805230124048,22.32227592114366,65.94151262458553,5.889295227550239,15.62830237214603,12.851331751807088,131.34752899341015,0.238101816215379,1.4048007156707365
2021-12-18,Capsicum,Loamy,6.754534983866466,21.01593708175256,66.5186752311255,5.581677587209248,13.133676944572782,11.95422586638349,166.5077439998428,0.2111419839302902,1.2457377051887126
2021-12-19,Capsicum,Loamy,5.661586390531208,26.749916942828243,65.46508704631337,8.722452951860713,12.951088601842853,10.111545873118304,183.96293875689918,0.393106713805268,2.319329611451082
2021-12-20,Capsicum,Clay,6.450127717764738,26.859208392467032,65.71933983171665,12.206644545078625,17.334018493349056,12.423257302463213,136.03781215565695,0.4947533604500527,2.919044826655311
2021-12-21,Capsicum,Sandy,6.719842593867349,25.119466799306075,65.5233022017324,10.54806758273948,18.71276988121157,16.78775983520429,142.69020873228374,0.1503811521173285,0.8872487974922387
2021-12-22,Capsicum,Clay,5.735602986015358,22.29090240844307,67.1147177187078,9.228764684667787,11.925816324585279,12.310889221345686,198.1917784501414,0.8571664756724396,5.057282206467394
2021-12-23,Capsicum,Loamy,5.586445147576811,21.66843470008552,68.97789188128793,10.657515642245825,10.97618760535149,15.090034454826181,178.39165096792027,0.7121946582886067,4.20194848390278
2021-12-24,Capsicum,Loamy,6.4634568440770765,21.153031731498295,65.7069177710817,8.654514846532736,18.97795806392026,18.878181149649986,189.72041309317916,0.6846814185483733,4.0396203694354025
2021-12-25,Capsicum,Loamy,6.246815047133885,22.325985415721767,65.65160216586168,14.36146335432113,13.498954636473986,16.937579203490753,143.87622206516298,0.2382884199909815,1.4059016779467914
2021-12-26,Capsicum,Loamy,6.5943774097857535,28.126844279865175,68.21714474758666,5.549048909107743,15.513173906628142,13.94629069906032,123.40762039841152,0.5830406144097512,3.4399396250175323
2021-12-27,Capsicum,Loamy,5.681704089614176,22.932294733613453,65.98591490984033,11.733914790298352,13.595431445200035,13.724689389121083,141.18634653864518,0.523779957446934,3.0903017489369105
2021-12-28,Capsicum,Loamy,6.533847505417857,23.834170617737726,65.48805019054495,13.912826648277504,11.258023363460513,14.557358140084848,171.60919178315135,0.885975076629355,5.227252952113195
2021-12-29,Capsicum,Loamy,5.762115516062067,21.842763875850665,65.83424289102788,13.038847087352536,15.89331644947728,11.770414410599063,110.94304048359794,0.6981374160641264,4.119010754778346
2021-12-30,Capsicum,Sandy,5.712752725725416,22.77889043798536,69.61865697938389,6.840410348214467,15.251408517696296,16.34000767415988,127.04691056165089,0.560609506972985,3.3075960911406117
2021-12-31,Capsicum,Clay,5.71354553731029,25.153796566241642,69.10735626388096,7.959263489802884,12.029935591911972,13.641528191046055,104.66359004615904,0.7806501331760978,4.605835785738977
2022-01-01,Capsicum,Loamy,6.558947136300796,25.86202146476522,66.77032281177547,12.170479387071047,14.518690446522779,18.523653492620436,143.23477383381316,0.2240754166885676,1.3220449584625489
2022-01-02,Capsicum,Sandy,6.36475638690506,22.962818513329687,68.27910383663696,5.842705591807656,17.96947504015646,17.565526600578163,182.74457359796133,0.1121732237527817,0.6618220201414124
2022-01-03,Capsicum,Sandy,6.179985052199855,21.461857273800938,67.68637836834019,13.11861699832584,15.904261031078914,16.1051316409216,102.46636882980108,0.6521866667316185,3.847901333716549
2022-01-04,Capsicum,Clay,5.9664796293605535,24.12826295301919,68.38562131741281,12.189069446047904,10.969173270669948,13.642022226495161,167.5323526807166,0.17864916818979,1.054030092319761
2022-01-05,Capsicum,Loamy,6.64036070305704,22.873626967410672,68.4133557623138,12.296066492353424,15.48021497229135,12.099318316734845,193.24958745137394,0.1923469119868073,1.1348467807221636
2022-01-06,Capsicum,Clay,6.010178639649426,22.756431385838415,68.14367007529997,6.002413702675914,17.02738299289587,17.761518641056227,123.69278615111823,0.6957445811396245,4.104893028723785
2022-01-07,Capsicum,Loamy,6.56157927131305,28.67890242170764,66.33050684268655,12.177605448162309,17.927034057807514,14.864090989910865,169.36348407276483,0.3164278753071913,1.8669244643124288
2022-01-08,Capsicum,Sandy,6.070875381141284,25.93040388740579,65.19503210381409,11.7981812521997,16.291175786342666,12.247500381773575,197.51019011002003,0.6029049724551143,3.5571393374851747
2022-01-09,Capsicum,Sandy,5.9900277582523795,25.455027545376765,67.27783390995054,13.309224908218503,11.526581645407838,11.951746150400062,196.2278060152463,0.8339255408741988,4.920160691157773
2022-01-10,Capsicum,Sandy,6.101483721370489,24.326200828186575,69.45486942345352,5.415959562564695,17.101732665901608,11.65400904501359,123.49291930291433,0.3531796253102867,2.083759789330692
2022-01-11,Capsicum,Sandy,5.891791236413384,24.431554667441155,67.84748629259288,5.231106684677922,16.773418460815165,17.77161196205595,110.03310532120688,0.273715326271935,1.614920425004417
2022-01-12,Capsicum,Clay,6.4718921942291265,25.327240030704647,69.16195520850954,8.730070998785607,10.244268829406332,12.289871853003117,114.8282537895916,0.1852503069928414,1.0929768112577642
2022-01-13,Capsicum,Loamy,6.153536507120223,26.57143845628886,69.95812171480614,6.487882838491529,14.11747667590243,15.266422635251974,170.20356684821422,0.2043698891357809,1.2057823459011074
2022-01-14,Capsicum,Loamy,5.801876503690862,26.617168769454636,65.81808102069138,10.583844775702218,13.329502469623733,14.515463609730563,172.57588754532756,0.1497781563030742,0.8836911221881378
2022-01-15,Capsicum,Clay,6.669446945256939,22.3735512616436,68.45888819570992,14.173489015067489,16.694120642536433,15.79610899228284,167.4236561628199,0.1701139030637921,1.0036720280763731
2022-01-16,Capsicum,Loamy,5.999058587785175,25.000902016613015,68.37146786850012,8.914797303340158,12.161358123109206,18.771549003711943,133.6078387742238,0.4456036710473231,2.6290616591792064
2022-01-17,Capsicum,Sandy,6.206618719448185,24.295664760272814,69.8997772367914,13.44950377272604,15.908719229742585,18.677473900817304,116.97769397581222,0.3566920360191757,2.1044830125131373
2022-01-18,Capsicum,Loamy,6.678413744253911,27.964215730155075,69.928003669764,5.0024087451786645,19.132059618141724,14.510760718248596,158.0761091952253,0.6652486514583984,3.924967043604551
2022-01-19,Capsicum,Sandy,6.31150939468819,26.05135136974701,68.43339305862065,6.685146434591842,17.97802372208608,10.153662507347233,148.36804457578666,0.7961933265976014,4.697540626925849
2022-01-20,Capsicum,Clay,5.651967452920873,25.260032531327855,66.21807395991097,5.304235396540856,19.214577362165304,14.264438057143032,172.88341471223035,0.7278185625139074,4.294129518832054
2022-01-21,Capsicum,Loamy,6.721781760697517,21.92315713743134,68.992779190653,8.281471805150687,19.7850596693269,16.061935374241404,144.13600786856216,0.5245098053325218,3.0946078514618787
2022-01-22,Capsicum,Clay,6.316020468992843,25.845103114587292,65.53514567105519,14.081895956965027,10.106701270061627,15.577647590980618,133.86396946864684,0.1819536929861227,1.073526788618124
2022-01-23,Capsicum,Loamy,5.9353772990542115,21.937631245441867,68.90349652085814,5.969521235989878,16.227412763774776,16.513361058002054,129.34785773590144,0.6678138271532428,3.9401015802041326
2022-01-24,Capsicum,Sandy,5.6810536944624035,23.697652604526017,69.55098062072348,11.064097767438003,14.128393977589065,11.540757324730835,121.14703200497465,0.3902629797814988,2.302551580710843
2022-01-25,Capsicum,Clay,6.532232746051385,22.142735718514654,66.91416697384217,9.51495939119444,18.59854490335122,16.465350987807327,126.57463761866615,0.1685203151323281,0.9942698592807362
2022-01-26,Capsicum,Loamy,6.306094582707067,26.53658917619495,68.1531764749154,14.384682123658123,12.518147020091316,11.826516187437722,109.48304388441014,0.7739731257701006,4.566441442043594
2022-01-27,Capsicum,Sandy,6.193499419569218,22.65001691068922,67.15071366048413,6.225191425370938,19.81029489115076,17.505239806967488,134.68570109288896,0.3705732137460045,2.186381961101427
2022-01-28,Capsicum,Clay,6.6620603579662445,24.134874985504208,67.18882527494064,7.12027850502229,16.13707969543747,13.3908761326268,103.65698123629582,0.2745990660092571,1.620134489454617
2022-01-29,Capsicum,Clay,6.52517637459189,28.16539822095023,66.5518544455406,5.295419686114933,17.935374022288308,17.098954333814536,118.64138471663267,0.7971616516950746,4.70325374500094
2022-01-30,Capsicum,Loamy,5.6971773436525766,22.634531067191762,68.81064810225162,9.339352496313737,10.855995528227684,10.478655989061071,174.6770444619429,0.821707094757604,4.848071859069863
2022-01-31,Capsicum,Loamy,5.9052386881342125,25.062440511670232,69.68088282083252,7.778328995646543,11.83457884758865,14.078600255909134,132.54689886766226,0.3711766697532479,2.189942351544163
2022-02-01,Capsicum,Loamy,5.8230358817588055,24.354173289328177,69.7037542961723,13.69905933890321,17.58403673034203,17.050345222633325,166.82370169773438,0.3838411354250988,2.264662699008083
2022-02-02,Capsicum,Sandy,6.46713018034448,21.144992328365838,65.87390642437467,11.04940813197755,10.219865220393237,12.26870516331494,171.68841755972772,0.5637028220665153,3.3258466501924406
2022-02-03,Capsicum,Loamy,5.543592165156513,27.3420649085825,69.37371824828283,11.140907379757016,18.168779858937828,17.952870447972224,158.11853427321137,0.6867531950485265,4.051843850786306
2022-02-04,Capsicum,Clay,6.240856590332712,21.5523672505168,68.68715720713561,10.319106968813024,10.139490186919115,16.30779733104932,195.86977413653983,0.1505193615254907,0.8880642330003956
2022-02-05,Capsicum,Clay,6.491196291462898,24.79404016781563,66.26418700345144,5.91850337229201,16.571188390612733,15.875617721497983,102.14398666231132,0.5746749257507774,3.390582061929587
2022-02-06,Capsicum,Loamy,6.639795327790274,25.4854263595116,65.33642306460757,9.450186837253552,13.650939202318058,13.535488542043371,173.8652650588142,0.8622560494268653,5.087310691618505
2022-02-07,Capsicum,Loamy,5.94470627333068,26.027411652916697,66.3399863344219,14.995051897085164,16.11494852719199,14.824514703811175,195.8786643940408,0.3096751177439629,1.8270831946893813
2022-02-08,Capsicum,Clay,6.567634496073617,26.509053034463005,69.56104118390763,13.352292908460148,16.960314069891137,15.973493009778531,186.22717293529394,0.8270617712775471,4.879664450537528
2022-02-09,Capsicum,Sandy,5.643821258041769,23.02617906818172,68.16589337447886,13.93459054167116,13.424752191863043,14.724621139148905,116.78926918050134,0.8601346726104749,5.074794568401803
2022-02-10,Capsicum,Loamy,6.600387979254873,21.079830213267595,68.60527330448936,13.232263592464994,11.079624481108356,16.983133239405603,132.6820306251732,0.3153229127768718,1.860405185383544
2022-02-11,Capsicum,Loamy,5.665735261031577,26.787549298839295,66.28576175554548,6.030416934309827,10.696458677482656,14.336969331069596,117.24518398764654,0.7033614927082804,4.149832806978854
2022-02-12,Capsicum,Clay,6.016473477728478,25.28525279478063,68.5969407778741,7.2744825406479965,15.889360225625477,12.022731817420304,160.1308363814704,0.291020006655648,1.7170180392683232
2022-02-13,Capsicum,Loamy,6.53648397551342,27.68894162565799,65.14060753138962,5.031216513564097,15.206553537341115,12.139337828010472,171.21879819794924,0.6900889293857062,4.071524683375667
2022-02-14,Capsicum,Sandy,5.694892655553406,27.571106903205553,66.87660672886507,8.035101248781114,17.422010091211327,10.058037688429412,131.70737693630582,0.7379359770310607,4.3538222644832585
2022-02-15,Capsicum,Clay,5.798026813802434,27.746609342303067,68.13376674271166,6.086074023464926,15.09735510003937,13.009577155586724,153.95065739842954,0.2977645629685195,1.7568109215142655
2022-02-16,Capsicum,Loamy,6.438928338910986,24.88075727983632,65.7304828277066,9.72793345301583,14.224457900308792,17.489176404785198,169.0920570071195,0.672695634866588,3.968904245712869
2022-02-17,Capsicum,Clay,6.436047497509897,23.669027166694924,69.11501787223467,11.771274885739018,13.980871782362309,17.941627088376094,142.13398166110483,0.7496836310912719,4.423133423438505
2022-02-18,Capsicum,Loamy,6.333491922750886,27.33246562073096,66.17515649405959,13.74505295038077,10.264469025976675,12.0246754209575,185.40155304554594,0.3868630976855294,2.282492276344624
2022-02-19,Capsicum,Loamy,6.40213297780723,24.61035290423404,68.26140556409223,12.492171650908984,13.355572016966573,19.59043996871408,177.15499352878172,0.2341622207917815,1.3815571026715112
2022-02-20,Capsicum,Loamy,6.205541776351875,22.467537571227474,67.02598571287665,14.385855957785052,19.760201575244942,15.024027934801268,106.46655438505707,0.1735716538540108,1.024072757738664
2022-02-21,Capsicum,Sandy,5.8273387765790385,27.839792156491797,67.98021797738824,5.538982903937888,18.735555762270888,19.169787490185026,162.1125299090829,0.5603053628879535,3.305801641038926
2022-02-22,Capsicum,Sandy,5.949404791555096,28.060479014178778,65.53725276314454,5.121798354165414,13.293780670342176,17.06765281861631,123.53255509597496,0.8824784954525706,5.206623123170167
2022-02-23,Capsicum,Clay,5.7360770318418535,24.73047804912136,65.08456399960804,11.613381138362126,15.877954050663721,17.22433423022413,155.75182646672752,0.7583602560177729,4.47432551050486
2022-02-24,Capsicum,Loamy,6.680985729733717,21.6055978184783,69.5478221369015,7.893524102222463,18.47296745535494,10.85043621306071,195.68884426329663,0.4486717111476422,2.6471630957710897
2022-02-25,Capsicum,Loamy,6.2584093331959565,24.10260871933545,66.34815004383591,7.535010161057731,14.412743367500687,12.199911268969306,187.90620045522502,0.5292967222839668,3.122850661475405
2022-02-26,Capsicum,Sandy,6.021106841792732,27.428301275700825,69.0983850139023,8.308870876937942,10.17957863750151,10.088148332944726,140.4516403115132,0.3236223083294551,1.9093716191437853
2022-02-27,Capsicum,Loamy,6.100607544737373,28.21419222836983,69.99675150236101,7.697960578923642,10.745104618186401,17.161276404767374,129.15138583443533,0.2304526938880508,1.3596708939395
2022-02-28,Capsicum,Sandy,6.7314683414953596,22.627781939980768,66.05715628999455,10.114364063015874,15.103927213487065,13.4443828842851,123.4405744408259,0.4856649265858186,2.86542306685633
2022-03-01,Capsicum,Loamy,5.699356824050904,21.53578889620217,66.32585370591678,9.401484472241323,19.694393756758785,17.866525160763466,153.251486975652,0.4708012529337482,2.7777273923091146
2022-03-02,Capsicum,Clay,6.2620987816218365,28.01880362506271,68.31429893817332,10.124285513766562,16.932095422188677,13.389362199370263,111.42484532580563,0.5175439622430081,3.0535093772337483
2022-03-03,Capsicum,Loamy,6.157655282549806,24.115239511831003,69.82724317300311,11.72713611500436,10.709161914385696,18.19333752298861,154.92750081282486,0.8622436684511526,5.087237643861801
2022-03-04,Capsicum,Loamy,6.294890506065042,25.334087714140505,69.57907174095372,8.871305089711484,11.893608757918628,11.30698253748313,100.1333639490792,0.5831162401158178,3.440385816683325
2022-03-05,Capsicum,Sandy,5.523543238967092,28.74452649640607,67.51437760032792,7.513076871421568,17.7132314321685,11.733731567575083,132.38496307458448,0.584617469297899,3.449243068857605
2022-03-06,Capsicum,Loamy,6.633761081627397,21.532517823313782,68.97555141263362,6.662005368087455,18.41439759956245,13.408765395839364,121.99343138305812,0.2024198102888614,1.1942768807042825
2022-03-07,Capsicum,Loamy,6.711753767228696,26.186544059616764,65.6787292654995,8.494741195326256,16.17694586188591,14.084873888822733,197.1218789960782,0.8971910929414564,5.293427448354593
2022-03-08,Capsicum,Sandy,6.234673138665972,21.592843380598936,69.88719092102006,12.41806475246172,16.444231696298168,13.487028108429783,172.7242319569979,0.7182759553877348,4.237828136787636
2022-03-09,Capsicum,Clay,6.40564607103996,24.003751427732002,69.82176617017993,12.567049101114696,10.283374503833846,17.6364703252322,134.96533804622376,0.8017626752752038,4.730399784123703
2022-03-10,Capsicum,Clay,6.699249195530484,27.430516361547575,65.81864478939586,11.669053866842102,18.285302595815086,10.969513926267147,109.28450865306205,0.4314403294647952,2.5454979438422924
2022-03-11,Capsicum,Sandy,6.419410224607418,24.467777862045075,66.49711562401554,7.340281753068746,17.882752081708297,13.512170196384881,151.6800594690624,0.5017024766285,2.9600446121081503
2022-03-12,Capsicum,Sandy,5.69830075578854,28.977458831223604,65.50077498753383,10.880862458546977,12.590351441033471,18.372399995154595,121.34478813260424,0.5176670473298212,3.054235579245945
2022-03-13,Capsicum,Sandy,6.249174868216857,25.47247427957282,66.3585879944909,10.70689661576848,17.08676719965507,10.66797077262172,153.64295458983577,0.2552756314316842,1.5061262254469368
2022-03-14,Capsicum,Sandy,6.288729560297712,23.569297221087627,69.07977894707604,9.842661981097256,12.148546064249981,19.423435076713574,183.53623541788926,0.6515913250615657,3.844388817863238
2022-03-15,Capsicum,Sandy,6.051369872693102,22.760890607238025,66.8915780358263,10.499789863838645,10.403301610515129,19.86316842272013,161.57925521013854,0.8223813788939653,4.852050135474396
2022-03-16,Capsicum,Clay,6.45737750631214,23.804164274289295,65.44198483573379,9.91790632623668,12.011365425903772,10.8856817382508,163.37884195450022,0.2309646545107352,1.362691461613338
2022-03-17,Capsicum,Clay,6.714677119199719,23.980266190076406,66.71112762389453,10.654563660741085,11.786288767542995,12.91272522255737,154.10302890628114,0.1690546187889316,0.9974222508546964
2022-03-18,Capsicum,Sandy,6.703239066778809,21.54970942179169,69.9069166712064,12.155059546211287,13.377479967348473,13.724006660353561,192.72656326314092,0.6905751244322738,4.074393234150415
2022-03-19,Capsicum,Loamy,6.086091182825371,23.956593595414184,68.14841797629602,6.096281944034398,14.184494971754582,17.76391368652726,193.19026844206033,0.3185614653383857,1.879512645496476
2022-03-20,Capsicum,Sandy,5.647209459592982,24.7139081579138,67.08080473203078,12.496257521490238,15.085388914977079,15.959268121167337,151.27232010735523,0.5990900332938635,3.534631196433794
2022-03-21,Capsicum,Loamy,6.780293558651035,26.781902017910436,65.83269256748635,6.358861501275942,14.767538755083281,16.443657004925676,130.57594871435043,0.6566066703937445,3.873979355323093
2022-03-22,Capsicum,Sandy,6.590567512379714,26.253835877772865,69.93088398641848,5.666279984103747,12.706746059652893,17.57509822818506,145.9587005879444,0.3575286108654575,2.1094188041062
2022-03-23,Capsicum,Sandy,5.662061485564247,26.670125241833233,69.10424504631564,14.760796862214676,10.291706685740746,11.179789994370257,118.65579121956156,0.7521156779406275,4.437482499849702
2022-03-24,Capsicum,Clay,6.697094447402584,21.06690945501486,66.4073865122546,14.569917688704416,16.05101622237151,18.332094569102622,163.63443153180893,0.5399911856913735,3.185947995579104
2022-03-25,Capsicum,Loamy,6.630865270680767,22.74133919664429,65.35034347860595,5.60436544940564,13.957448298473544,17.05619804180144,150.00923357822333,0.7951995263614422,4.6916772055325096
2022-03-26,Capsicum,Loamy,6.174489474263893,26.293474307198853,65.28312778688779,9.432534414749622,12.986721573875498,15.773417251963703,110.33004778132799,0.710634842047158,4.192745568078232
2022-03-27,Capsicum,Clay,6.268658066468408,24.87191494543798,65.60189074752768,6.862449382997747,18.669410428305124,18.897353347830567,119.76477811196153,0.794860505629963,4.689676983216782
2022-03-28,Capsicum,Clay,6.018703515031169,21.042507805346766,67.90384291807212,9.85344897134418,17.467433077981596,17.00306353883807,147.96319561995267,0.1161291056943152,0.6851617235964602
2022-03-29,Capsicum,Clay,5.571190130468641,27.43595713945458,69.64381710602746,13.301772429995872,18.57765548372442,12.016999626310254,188.75889907188582,0.2948050085908758,1.7393495506861671
2022-03-30,Capsicum,Clay,5.9357564141396715,27.1824765863227,67.48371714002992,14.506117747428902,14.94982794712461,14.297453810756668,156.63907206310975,0.1720063523567509,1.0148374789048304
2022-03-31,Capsicum,Loamy,6.543709483177414,25.3873533039485,69.21472741228098,11.342526534515374,11.309312521267774,14.940428669357333,168.15350002084708,0.4536664137514793,2.676631841133728
2022-04-01,Capsicum,Loamy,5.506021629905984,21.53170660621018,67.22943309929904,8.539056672118171,16.962214361212723,10.552176267504056,133.90285497439098,0.8119680972922546,4.790611774024303
2022-04-02,Capsicum,Sandy,5.9335489231984875,27.132120396260678,68.54291772883913,11.033255656445984,12.060737799371752,19.546375133600556,157.14113930442343,0.4740322098134953,2.7967900378996227
2022-04-03,Capsicum,Sandy,6.017619301668226,25.66970870185091,68.6593636864325,8.120013061084503,14.412296690917168,11.285772607968784,144.73798226380674,0.7797704356643153,4.60064557041946
2022-04-04,Capsicum,Clay,6.1986142838193,27.255679817263673,65.86981852951669,14.098236408320604,10.650007889488885,16.97461267226727,165.91299126231607,0.3617425904154543,2.1342812834511804
2022-04-05,Capsicum,Clay,6.695812301336589,27.013975939166723,66.80608029487905,13.70400463105837,18.253084024229825,15.062310360908802,105.05755660790103,0.371656058244202,2.192770743640792
2022-04-06,Capsicum,Clay,5.950249792675749,27.424016575662698,68.18651078269012,10.58231750279661,11.259406410475005,10.256322498844225,149.3300216238959,0.816449384261502,4.817051367142862
2022-04-07,Capsicum,Sandy,5.951039162465096,25.144064531237,65.35348304092183,8.247989153803605,19.0309750704931,19.247474758643616,129.59926251439668,0.4406537172093613,2.599856931535232
2022-04-08,Capsicum,Sandy,6.458751622542673,22.12259614554812,66.80770093881478,7.933896755829783,18.64230602261557,18.518368088189334,132.6185061277909,0.7318123902357331,4.317693102390826
2022-04-09,Capsicum,Sandy,6.087883323156749,26.36925978703751,67.67399733140596,5.334179947050595,14.645827644392462,15.242579279038356,196.09174315580614,0.289314838305521,1.7069575460025743
2022-04-10,Capsicum,Sandy,5.791986269821977,25.963790280415765,69.9811224652232,13.158208510252951,17.443682043039907,12.289423361394451,118.26948127113828,0.8590406637421084,5.06833991607844
2022-04-11,Capsicum,Sandy,6.088171370972502,26.938025497592697,67.3726678131122,9.50383213039008,16.194450738181533,11.216228906800943,131.1245252578597,0.5596625972244569,3.302009323624296
2022-04-12,Capsicum,Sandy,5.68311412649374,22.35904804840588,69.08028378557162,8.251329284002644,18.030756423377447,13.633924794321267,150.98925757308717,0.7074588548627215,4.174007243690057
2022-04-13,Capsicum,Sandy,5.72930308245809,22.559801599202313,67.16033642533309,9.71110354997754,14.31805100785912,12.554282810460904,186.30269481496236,0.1716125598359084,1.0125141030318596
2022-04-14,Capsicum,Clay,6.1478781045613236,28.12327613775463,68.98195361309854,13.18737990454652,17.8580848424435,15.066912010062987,141.66700832063705,0.4941313806644229,2.915375145920096
2022-04-15,Capsicum,Clay,6.044603084355912,26.999822387616568,67.97707400810054,6.246142077075212,14.624568170651479,19.66409296123429,174.3865280888171,0.8208307981872186,4.84290170930459
2022-04-16,Capsicum,Clay,6.68929967138853,28.265827909602585,69.432977207512,13.576559882418271,19.409657878427936,15.749534932296413,185.63740982148022,0.8016309032346437,4.729622329084398
2022-04-17,Capsicum,Clay,5.971112068851623,27.069722569311367,67.05471276175055,13.97508835108354,14.863721008251476,18.89931055890098,131.0016355821849,0.137451165787382,0.8109618781455541
2022-04-18,Capsicum,Sandy,6.254764855361456,25.777242447922415,68.0215220991074,14.467079150338884,14.626192719337295,16.508788374957774,139.275018353871,0.3429587753031574,2.0234567742886287
2022-04-19,Capsicum,Loamy,6.321943574295389,26.23306189622299,68.15009340309413,8.974879924226277,17.850718615635127,14.752465265872004,135.65562236883562,0.4546560051832641,2.6824704305812586
2022-04-20,Capsicum,Sandy,5.517022793564834,28.11302339152008,67.08691470900237,7.171404040376719,18.21577691760838,18.546075627333714,183.2855808617921,0.2378118514846305,1.4030899237593204
2022-04-21,Capsicum,Loamy,6.362598583621724,25.630454036095525,65.7215602184374,8.736408184666985,15.544891143211707,14.713681101729975,104.43468619536011,0.6839986487919762,4.03559202787266
2022-04-22,Capsicum,Clay,5.731446756930676,26.0591305946271,65.46779703456168,8.329120962314033,11.797978134950753,18.68628170510361,130.842108882868,0.2476095964789692,1.4608966192259187
2022-04-23,Capsicum,Sandy,6.749391412710292,22.251813728028804,65.08335775299817,6.761539125028601,14.677582309575795,12.915767695757653,167.940855759513,0.377311755495909,2.2261393574258634
2022-04-24,Capsicum,Clay,5.6932615460790466,24.791369760928823,69.36767132122607,11.07266670101488,19.680725029096784,11.288130737629881,156.54434995653426,0.6306245094862546,3.7206846059689034
2022-04-25,Capsicum,Sandy,6.039011360845131,26.73117689566479,66.18237456119347,9.76624160508629,17.529861930391853,18.553144643629384,143.62893592936942,0.485671475619584,2.865461706155546
2022-04-26,Capsicum,Clay,5.610954568502237,23.167541586530923,66.05753374640884,13.657009923240036,18.11162603879132,15.874151637926667,153.99482272213845,0.690856830907915,4.076055302356699
2022-04-27,Capsicum,Loamy,6.795936527399731,22.61803344419628,68.68017700213032,5.321095804820582,10.328254988192402,18.890923982489603,119.75845858283182,0.8689663209782877,5.126901293771898
2022-04-28,Capsicum,Loamy,6.152853513430616,23.510614465795324,66.60008056543695,11.438679275551262,14.6785946263416,19.37827206992383,143.07166216080105,0.193237350172158,1.1401003660157325
2022-04-29,Capsicum,Loamy,6.274000522516057,22.93200502394267,67.53022346205918,12.629488785115612,16.466211336575554,10.53628390371449,150.1702984176349,0.6676541731184488,3.939159621398848
2022-04-30,Capsicum,Sandy,5.587199420604955,22.71930109629117,65.81255532648728,12.59486569188307,18.300326836280746,15.009693018588683,190.11891219546015,0.2842753245056916,1.6772244145835806
2022-05-01,Capsicum,Loamy,6.474948611518931,24.398806742944696,69.79872860730984,13.860739670955253,10.492736535827715,13.749645490745293,126.08351628039763,0.4315813819260554,2.5463301533637277
2022-05-02,Capsicum,Sandy,5.772877271024261,28.26270811106827,69.25790700008619,12.29033742829494,18.52438885641873,16.25858397070117,186.78285021649327,0.1262901806361118,0.74511206575306
2022-05-03,Capsicum,Loamy,6.667470576272928,25.056477173909748,69.31894811482502,14.278100616476962,15.484009367419116,17.935911972023234,164.42414008259817,0.2087259058341591,1.231482844421539
2022-05-04,Capsicum,Loamy,5.76668153262661,22.503363046522583,67.03386874286002,8.326565998208915,11.9731397057606,12.80590215974369,102.0340831067601,0.3558218312391198,2.099348804310807
2022-05-05,Capsicum,Sandy,5.747894036862767,21.615773355046993,68.81180606853586,10.032094167515432,13.172552164497,15.567983843731717,172.46313368993935,0.3735886442303879,2.204173000959289
2022-05-06,Capsicum,Sandy,5.547514568202524,26.5692491611034,65.7193807769489,5.1407966328289065,12.819295517515608,17.087285799048995,103.5551877549055,0.8196681731696767,4.836042221701093
2022-05-07,Capsicum,Loamy,6.113687028642999,24.0623901154911,65.0430950129589,5.069575873032912,15.308590342884758,11.34431082835734,199.73811268138132,0.6934503274132121,4.091356931737952
2022-05-08,Capsicum,Sandy,6.234293473241401,27.574647572682874,65.09986466289014,7.401266204515199,10.516856799111318,18.140669059512668,187.2636687691198,0.8777463745496329,5.1787036098428345
2022-05-09,Capsicum,Loamy,5.585421231256858,26.27608614912616,67.9330086870228,6.008071971390852,11.585361584999236,16.06109599852973,129.73437475400456,0.5792572082681925,3.417617528782336
2022-05-10,Capsicum,Sandy,6.508185901703514,27.369931604330947,67.2769745262397,7.602113679357537,18.126930433757824,19.495374371136517,125.74112301967054,0.2933709856730544,1.7308888154710211
2022-05-11,Capsicum,Clay,6.089275485172436,23.17556831534759,67.5900767445426,6.770432945283974,11.326039907468111,13.395289191306933,138.1441082105609,0.3621240239373143,2.1365317412301548
2022-05-12,Capsicum,Clay,6.181707350125854,26.538871379688466,65.03731570208609,5.285200248386483,12.33396269458127,11.081459423371987,135.6166965314443,0.3558687386335737,2.099625557938085
2022-05-13,Capsicum,Clay,6.072991571019696,23.11249587754975,67.11343309828713,14.093041464060494,14.533706056041574,15.065012010369253,137.2337818385381,0.3611954621306013,2.131053226570548
2022-05-14,Capsicum,Clay,6.020991979137924,28.512547835602334,68.5903408060043,5.082231313888915,15.171208881133305,10.858107717094388,131.82765461194805,0.6383713384894525,3.7663908970877698
2022-05-15,Capsicum,Clay,6.227532430700683,26.090994252266995,67.21346850983718,12.360821443370854,17.636104796141588,19.695265233240068,162.11334068483313,0.524646342472333,3.0954134205867647
2022-05-16,Capsicum,Loamy,5.701812319709926,23.596094401402738,68.66109603156112,6.521478869195166,14.473324266661878,10.386849582571916,116.4263663720624,0.4083393424693154,2.409202120568961
2022-05-17,Capsicum,Clay,5.736506569643852,23.156094898338182,66.16509482198417,14.122296219996,17.898646210355388,17.53503901107308,184.5981292446013,0.2192718149829733,1.2937037083995426
2022-05-18,Capsicum,Clay,6.620321307317573,22.52741268057315,69.06571002240862,13.927959395898858,16.183463070454575,15.25102398142244,181.24024840313155,0.1177113303537167,0.6944968490869288
2022-05-19,Capsicum,Clay,6.729950100773722,26.55712767114982,67.94215620226726,11.539011463692574,11.130997394238225,13.686206524982886,147.64832078552703,0.275067742070154,1.622899678213909
2022-05-20,Capsicum,Clay,5.985302111163679,22.74972490398342,66.05381549714953,11.722341498006053,11.563314383928386,10.658421645086547,185.27299652785476,0.185977123174945,1.0972650267321755
2022-05-21,Capsicum,Sandy,5.85196807508662,25.762426127419914,66.18360237926916,5.053391419696886,14.37033725449771,16.221669241736077,124.71450700302933,0.7283560246817915,4.29730054562257
2022-05-22,Capsicum,Loamy,6.33719940621072,23.117080215402858,68.14015232284768,14.84871566113602,13.968893930890395,15.852203293909552,101.7565455703967,0.1899983662511083,1.1209903608815392
2022-05-23,Capsicum,Clay,6.031354422427525,26.29575155835095,69.14969796606222,13.778326035758145,17.435442696372945,12.808832730675999,161.9207925029823,0.679382589845469,4.008357280088267
2022-05-24,Capsicum,Clay,5.5330022623584485,27.519517828324314,67.07813891014578,13.95106225730092,15.807371397973519,19.102217014103122,145.79094069647152,0.4085269518208662,2.41030901574311
2022-05-25,Capsicum,Clay,5.702998376576048,27.224201945157226,66.29150214563796,11.59244537050872,13.881330810022494,13.04110007342837,156.71645462958708,0.1587027117950208,0.9363459995906228
2022-05-26,Capsicum,Loamy,6.430763897501617,27.086810647446253,69.335058034553,8.447869286545366,11.707602834503856,14.497254105921062,189.9339409018403,0.7501840395452687,4.426085833317085
2022-05-27,Capsicum,Sandy,6.356601124483197,22.501779245538017,68.34634145875417,13.936486490904809,12.268371023254952,15.437624559186556,196.99255735659435,0.5637044561892907,3.325856291516815
2022-05-28,Capsicum,Loamy,5.535224790254529,21.70707957587615,67.24042743641539,7.915169281511924,15.75501018469059,11.002318781762861,163.4453139755603,0.2886092102908584,1.702794340716065
2022-05-29,Capsicum,Sandy,5.7885638105128345,26.591590627899084,67.43950097639652,10.627115433422029,14.234388048997925,19.321617192136323,176.40555898524383,0.8157449394661344,4.812895142850193
2022-05-30,Capsicum,Clay,5.800397235564493,23.94677771035481,66.02128233968199,5.997309723438824,15.149275088606721,13.745361524510411,108.38084334871643,0.1362066510964411,0.803619241469003
2022-05-31,Capsicum,Clay,6.373460566678347,24.45876981122678,68.13401315032422,14.219556301327502,11.706774353022336,10.807792138743435,116.07155848915056,0.2614556865582103,1.5425885506934411
2022-06-01,Capsicum,Loamy,5.525623699080674,21.249192742347127,66.79371255271444,6.407704577712133,16.629062523445658,13.872911736753299,173.32048049529766,0.7016375422446889,4.139661499243664
2022-06-02,Capsicum,Loamy,5.635341156579946,23.076611594200394,69.97822588337175,7.248968057304072,18.52538740855967,16.00202547092581,143.1365456388002,0.6675023442479113,3.938263831062677
2022-06-03,Capsicum,Sandy,6.539890910985146,21.26941123099571,67.40091757630944,10.58134158128215,12.579395067869006,15.136526718213297,144.59652704044058,0.3314173549795824,1.9553623943795369
2022-06-04,Capsicum,Sandy,5.732108060670634,28.03348618080998,67.42942803094806,12.640930002129815,14.915142258318266,16.945419740372742,130.86076816354367,0.1496199002822265,0.8827574116651363
2022-06-05,Capsicum,Loamy,6.348569940207437,22.947173465748243,67.82925893705335,11.193513059362989,19.75527329020902,10.554839420679107,160.73563834777437,0.786462457779955,4.640128500901735
2022-06-06,Capsicum,Sandy,5.809637615360744,25.458697356584064,69.58378001559373,7.321339128001561,13.332417405507275,12.845406102720561,118.51650454162026,0.350958110455922,2.0706528516899403
2022-06-07,Capsicum,Loamy,5.629273810587149,21.311834565289043,69.00409049929875,5.009430425274903,15.950463449237612,18.19230576840102,162.69162793138958,0.2565707319426121,1.5137673184614118
2022-06-08,Capsicum,Sandy,5.8161238482992905,26.334779130445263,67.2556503489892,12.571505803074391,10.901957002002444,10.798936877913608,117.37988571352398,0.5128494578887817,3.025811801543812
2022-06-09,Capsicum,Loamy,6.438947011412357,23.584218766032752,68.59349632986398,14.852073259110938,16.06015002479443,18.554859546959577,106.38260347097136,0.8281817594259578,4.886272380613152
2022-06-10,Capsicum,Loamy,6.612405408538171,28.183353495661326,67.9311774939038,13.099131203060905,10.896317733046178,10.918960920771063,133.0357688699061,0.1348372622747002,0.7955398474207317
2022-06-11,Capsicum,Loamy,6.579285823937089,28.104945511472287,67.46183524350624,9.602066181566151,19.59235435323822,18.344542148916965,123.11403420098478,0.7126432704247102,4.204595295505791
2022-06-12,Capsicum,Sandy,6.0163385885039915,23.602324946893983,65.96157886392176,14.037672613991068,17.156626520723115,13.607884010787267,188.89916385563322,0.5579785823509672,3.2920736358707066
2022-06-13,Capsicum,Sandy,6.36851067754184,28.207687165523744,67.31968131727446,9.0984767311835,17.881597881357063,16.12209063257216,105.49534538686265,0.4403592932414536,2.5981198301245767
2022-06-14,Capsicum,Sandy,5.766479584040567,28.96926138799023,66.22909293511287,10.249340842434677,17.041043607716368,11.528871156479982,117.66136925741229,0.6952643552840481,4.102059696175884
2022-06-15,Capsicum,Loamy,5.881092049339317,27.603325312991586,69.57421074925827,9.771297673956832,15.897290360764657,10.661687217251808,154.87196055830495,0.8726595395533059,5.148691283364505
2022-06-16,Capsicum,Sandy,6.665236564077455,27.758970782041832,66.67703406748174,9.47623872665525,14.499127810855054,12.15938204020135,148.10671908474737,0.2833649689301528,1.671853316687902
2022-06-17,Capsicum,Sandy,5.5169025005639565,22.99206988887272,69.76132007266686,12.751907692939056,18.583733797610623,11.278538179086956,104.58520183747015,0.2149178920576957,1.2680155631404049
2022-06-18,Capsicum,Loamy,5.611161090110809,25.61361919086205,67.66527645047356,10.26768907269492,19.56835667543063,13.124058976796318,100.72524280151444,0.8303053961781577,4.89880183745113
2022-06-19,Capsicum,Clay,5.770252131689835,21.538047311738943,68.1577218933808,8.167171220252161,14.990361729040814,15.1438324651102,198.806794196115,0.6351624619658429,3.7474585255984736
2022-06-20,Capsicum,Loamy,5.534491865035966,21.759343494573358,67.71470222244663,7.581581676584783,19.31535049155262,15.887594635650096,165.88347003588382,0.4503888172495728,2.65729402177248
2022-06-21,Capsicum,Sandy,5.735866065616737,28.991140896266323,65.64690308483351,5.377473169674333,15.833329099885175,17.898681073797427,136.5406130901557,0.5586076562114265,3.2957851716474167
2022-06-22,Capsicum,Loamy,6.2579540292606,23.61311399540729,66.8791060950397,10.83195161883046,15.383841868964332,16.562398932483585,147.04322476632413,0.6964911241409952,4.109297632431872
2022-06-23,Capsicum,Clay,6.047851915770247,26.98547129639077,65.49573056138811,7.299614154010342,14.544827329553566,16.08758325129553,126.65501204542869,0.7184255189645737,4.2387105618909855
2022-06-24,Capsicum,Loamy,6.660473224400067,27.45332042421453,68.11477022091691,6.481339220163831,12.092877615301198,14.117820274857745,134.487378369321,0.8359153446551717,4.931900533465513
2022-06-25,Capsicum,Sandy,6.562676630259973,27.864186168057834,67.2343709760022,11.538299638276776,10.037196608180592,14.738084349601387,164.9044467268214,0.4414742311164982,2.6046979635873395
2022-06-26,Capsicum,Clay,5.9443625572072385,28.98102637921725,68.88992485785468,11.812092578215488,12.415062268560613,14.14520829390181,188.28117988673708,0.334728728015516,1.9748994952915448
2022-06-27,Capsicum,Sandy,5.8372504634606805,22.931971882054942,66.10235240499685,12.52154892257666,15.097231716035651,18.42166030061383,118.41300230811848,0.6117314134318735,3.609215339248054
2022-06-28,Capsicum,Clay,5.9936001306174465,21.3228066148776,65.82283029214668,10.035768963385916,13.799599522597525,12.300004525483999,184.03615053853187,0.4325823194236243,2.552235684599384
2022-06-29,Capsicum,Clay,6.26738342526925,24.289532143956688,67.03166115481883,13.940546052038863,14.484852280026338,10.057209315419646,112.15566295182691,0.5756787631591823,3.396504702639176
2022-06-30,Capsicum,Loamy,5.848482733069739,22.040645358631576,69.6329269160919,14.36342753398228,19.806482195640495,16.513198972262394,121.49922235883912,0.4359886387647601,2.572332968712085
2022-07-01,Capsicum,Loamy,6.311393580203874,21.179407113296442,68.55210907506206,13.073709397924894,13.502723706693276,12.024621836388313,103.7175288049646,0.2223966293425396,1.3121401131209838
2022-07-02,Capsicum,Sandy,6.0322351478486125,23.88341461713189,67.0946181239646,11.355934820081872,14.52182939360108,18.901151363098094,114.08118620929994,0.4755414013271667,2.805694267830284
2022-07-03,Capsicum,Loamy,6.217661335107574,27.269906008601893,67.58636084877155,8.037209535911886,11.335155513528196,18.590463297066563,191.73031454640505,0.6527342575528262,3.851132119561675
2022-07-04,Capsicum,Loamy,6.066964487875912,25.52944552980057,65.42106505588549,14.829449216202212,10.479577324369876,10.76727371928206,145.94387466183787,0.7394270461341199,4.362619572191308
2022-07-05,Capsicum,Clay,5.882805487404493,23.502223913682833,69.92287948188057,7.741361671919384,17.754095145924946,11.063884054140773,107.76658617783535,0.4946610214372374,2.918500026479701
2022-07-06,Capsicum,Loamy,6.732989299050804,26.23473604394176,68.3320365234746,7.02656921990431,15.706831750719786,14.951715922466663,195.97268380389613,0.2321903121683207,1.3699228417930926
2022-07-07,Capsicum,Clay,6.492687532407689,22.856145442470485,66.4270203423171,9.421541137865828,17.60704806043895,16.09222662769355,187.89923077586502,0.4317501677195453,2.547325989545317
2022-07-08,Capsicum,Clay,5.682147128496388,21.115051568576682,67.92904197107622,5.568405707123885,11.498627988865517,12.749083374822408,175.46825208681412,0.7290351430733586,4.301307344132816
2022-07-09,Capsicum,Clay,6.629008368667287,27.11482709149142,65.54741183034497,14.784944646717909,15.71828771182691,17.16797716699371,193.3472791947558,0.4302874164936583,2.5386957573125843
2022-07-10,Capsicum,Sandy,6.133660557724368,25.989944678912074,69.82918334403792,10.884335564164248,12.536424743413756,15.949160209188715,122.01294208357642,0.6572246348833779,3.87762534581193
2022-07-11,Capsicum,Sandy,6.662917894962319,27.09842099600768,65.87392493941682,10.569520916641752,12.2806181690002,13.248241097485547,183.63692930100865,0.5057709453424718,2.984048577520584
2022-07-12,Capsicum,Sandy,6.53981183273151,21.311504133501323,68.24015159027607,11.5579627989972,10.115260140529852,10.253714880423155,168.99911963543062,0.2929785000875173,1.7285731505163524
2022-07-13,Capsicum,Clay,6.052777555810003,27.69695702264522,66.22727231269465,9.970236477772064,11.303407235690718,17.501502812985176,186.97592495676884,0.7369204064184595,4.347830397868911
2022-07-14,Capsicum,Sandy,5.529210100816153,25.95620960029043,68.58780691324267,5.320635170945415,13.092681114996953,12.147536658250827,179.69115657426298,0.1673707632565496,0.987487503213643
2022-07-15,Capsicum,Sandy,5.84928056720043,25.50716280570112,68.88410683620141,11.123112888403968,11.16878760590939,18.344737434626282,134.6495063176825,0.5199122262041205,3.067482134604311
2022-07-16,Capsicum,Loamy,6.204124479059127,25.996912384916254,68.36709864455716,12.161738769564304,19.858584404109376,14.20290260054255,177.43985370172555,0.267112827394724,1.5759656816288716
2022-07-17,Capsicum,Sandy,6.323521685773992,27.915465974946912,68.07249730127596,9.16749060624053,13.086326485239507,15.770774426317654,126.24563029848903,0.1536525028331005,0.9065497667152932
2022-07-18,Capsicum,Sandy,5.835253991063163,25.695492052471256,69.46234546976005,12.57295572071193,11.303239467023282,18.72948730409002,132.8592163028055,0.5023471496665991,2.963848183032935
2022-07-19,Capsicum,Clay,5.681162896294671,25.647603039105434,65.39313355494879,7.270012993384206,11.990823128279578,18.636230009199533,110.79057172229761,0.4996497247479389,2.9479333760128394
2022-07-20,Capsicum,Clay,6.585409307839089,28.925433256526127,66.65457382890098,7.21276591066184,15.877032283414765,13.715195752435733,193.50766159804687,0.6655207213405767,3.9265722559094023
2022-07-21,Capsicum,Clay,6.779722834914618,27.053841336548544,66.24143739815423,6.61416987687574,10.640435238647886,12.088888927148432,129.10033634002815,0.6958005544415239,4.105223271204991
2022-07-22,Capsicum,Clay,6.183397236993492,24.538350443609083,69.9400698103271,8.719947597891618,18.62434130141157,17.751460777285946,152.06224651714518,0.6822331909543174,4.025175826630473
2022-07-23,Capsicum,Clay,5.7231830716027945,26.65917600026342,66.94694889833437,13.470120353890836,19.61499679237147,14.33080203602131,139.13328364661928,0.427646986333404,2.523117219367084
2022-07-24,Capsicum,Clay,5.85399952447518,24.113843773534306,68.663063496202,13.279120621490645,12.46747420667381,11.92041993559004,195.99281205835015,0.60535182978125,3.5715757957093754
2022-07-25,Capsicum,Sandy,5.5239078795117065,22.831003699867992,68.42362581940502,8.828242079635038,14.500952685908594,19.044253423171504,133.50491709384823,0.5615561941151682,3.313181545279493
2022-07-26,Capsicum,Clay,6.688588448528648,25.774815015102075,66.06040618738689,10.891187359802366,10.221344510294971,11.981041942410874,177.8545821422689,0.4372494048935357,2.579771488871861
2022-07-27,Capsicum,Clay,5.653076407757183,28.42545678491161,66.19498840105776,12.208163164749156,16.407102247272213,10.25807168191231,185.541615463118,0.5777701553487946,3.4088439165578883
2022-07-28,Capsicum,Loamy,6.24947141816853,28.433116160123703,66.40642281776518,7.41206774628023,14.139260580525889,10.2027997376742,143.56064974809658,0.85779830136501,5.061009978053559
2022-07-29,Capsicum,Sandy,5.856271786893368,23.735242224843923,67.0556363912969,6.681410858947471,12.700584661015558,16.223153564542642,137.81718144529313,0.2543149949451019,1.5004584701761012
2022-07-30,Capsicum,Sandy,6.220431403270531,25.221419729773558,66.17162532825263,14.72095993212311,12.068371106166085,16.616750607175305,174.77458209326278,0.8246176766284211,4.865244292107685
2022-07-31,Capsicum,Sandy,6.346846504857424,22.69308718855889,65.09825741373425,11.175573132096185,16.540230776587606,13.11041705056984,191.2895980306234,0.1427644111865587,0.8423100260006964
2022-08-01,Capsicum,Clay,6.578664344819362,28.965048875991066,69.39696528403597,14.81415721833664,14.162170310323145,13.200109892470634,175.49317330722383,0.3467113703213285,2.0455970848958387
2022-08-02,Capsicum,Clay,5.768347653288784,28.848943262943486,69.82804915690443,8.37755987132229,11.79659289029912,13.394939150599427,122.71263655918656,0.3305161988892225,1.9500455734464133
2022-08-03,Capsicum,Clay,5.514294577256025,26.19607143765958,66.70785193515783,12.030316999741316,16.891090814868242,16.801585467588787,188.83077474377052,0.6010920863047245,3.546443309197875
2022-08-04,Capsicum,Loamy,5.677951319089449,27.435312477419785,66.69253439712736,7.226036365412377,15.650722830366936,10.581337910268285,138.75816674368332,0.2049799614218322,1.2093817723888105
2022-08-05,Capsicum,Clay,6.670024234402536,26.7208012902696,65.03545906387185,7.612001712739129,18.58672054929496,19.29116352691326,157.62294117779342,0.8058780894718031,4.754680727883638
2022-08-06,Capsicum,Loamy,6.63605710083127,25.745265752315746,68.40125344165187,10.11902121269624,11.174758988764928,12.225210441774465,183.1435619292711,0.7628411267720331,4.500762647954995
2022-08-07,Capsicum,Sandy,6.276637032821401,21.42678397591118,69.12719947874314,8.196181255080713,17.85666601944456,19.996732052420924,118.83947674004922,0.6216526557482223,3.667750668914512
2022-08-08,Capsicum,Clay,6.280671918563749,24.638114740421287,65.73304150180002,6.676215638405845,16.73516786817259,11.71522693787187,178.4510135677553,0.4667310654337582,2.753713286059173
2022-08-09,Capsicum,Loamy,6.364547676910132,26.398290417339282,65.79833174683576,7.6288070198932605,11.150109368280978,17.715464573123775,159.61627979106774,0.8463648337136628,4.993552518910611
2022-08-10,Capsicum,Loamy,5.727982662210485,26.420252911069475,68.95041624985718,5.357483944658647,16.948207298717207,12.23412544929625,189.33416418276082,0.7645972437764448,4.511123738281024
2022-08-11,Capsicum,Clay,6.688735529702448,23.984980947379068,68.08145374177073,12.044236214774866,14.415472888798304,10.80846801643254,117.1970401843543,0.4994521184649959,2.946767498943476
2022-08-12,Capsicum,Sandy,6.044401682359695,28.533535893264244,65.22430278813859,9.921166570858617,19.44984785555843,18.749333243506488,142.06822370409284,0.661498683563449,3.902842233024349
2022-08-13,Capsicum,Sandy,5.998080086724347,22.33885625789425,68.11273495231141,5.942430664045256,11.416113506178993,18.58751259190892,183.28430928668377,0.5535439617437476,3.265909374288112
2022-08-14,Capsicum,Sandy,6.174593016867688,25.002875569724484,66.54458861421882,6.716939931284912,16.42833390815738,14.035703924496014,101.92317034567601,0.5703537907106117,3.365087365192609
2022-08-15,Capsicum,Loamy,5.561055756807572,26.527071812406582,66.84362577735423,6.02534538112644,13.819800454629458,17.023961425404266,111.22013667656428,0.3647808555499771,2.1522070477448647
2022-08-16,Capsicum,Loamy,5.7161683793829035,26.577086447134473,68.8486570914844,11.125928082758763,19.568146705908777,15.570659326839172,199.05652127567348,0.4696676836999174,2.771039333829513
2022-08-17,Capsicum,Loamy,6.459443701354282,26.189111654150523,69.05467596336305,5.942103636124938,13.299748952902764,18.529561136737488,128.03941785903504,0.1624971446317953,0.9587331533275928
2022-08-18,Capsicum,Loamy,5.607638268302664,23.202305707614883,67.00178313419916,12.54282333035216,19.621859094918,13.150559693186544,197.55431937239536,0.385878953331674,2.2766858246568766
2022-08-19,Capsicum,Sandy,6.2840977423063045,22.249652549492975,69.73576468003178,5.205109193203912,19.01485851100749,15.236723999989852,118.25315510086739,0.6566628122897216,3.8743105925093575
2022-08-20,Capsicum,Clay,5.818953842585717,26.087522614613686,67.03231358976036,7.493757879958921,12.703832353106563,14.853723712045504,136.10944430073357,0.8625728244049491,5.0891796639892
2022-08-21,Capsicum,Loamy,6.006084298254569,25.794416929115503,68.85918017615055,13.906666758919071,18.035417768264278,13.539058262568588,175.28694445035705,0.8704512902104162,5.135662612241456
2022-08-22,Capsicum,Loamy,5.87530185780191,22.434848082313927,67.4193863228213,12.18531318122246,19.95604201803506,18.914550645563722,165.77784072381786,0.5445782952999133,3.2130119422694885
2022-08-23,Capsicum,Sandy,5.962374531404434,26.64111316456451,69.48766163261043,5.729683329256877,12.526630021712823,11.658779246625354,158.11223999290556,0.5852978014476656,3.4532570285412274
2022-08-24,Capsicum,Clay,6.434759676739519,24.641375933869252,69.5388062182509,13.211261044851796,14.367771693233196,11.495086395206961,152.98991758050076,0.248576948400774,1.4666039955645669
2022-08-25,Capsicum,Clay,5.886258230310127,26.342084732825224,65.43708403935543,9.930351215402048,15.201807365667596,15.769095353227513,184.344044366474,0.6562464864748245,3.871854270201465
2022-08-26,Capsicum,Sandy,6.236326032385966,27.698936638161207,69.68246665655113,13.467830271688292,12.949311358038642,16.57494229984942,123.49485628333927,0.156527034139509,0.9235095014231032
2022-08-27,Capsicum,Sandy,6.11886552285883,22.357827428615387,69.12767420760208,11.007397744503931,10.152648396460297,11.946192543245651,144.24709269935184,0.3277485486395556,1.933716436973378
2022-08-28,Capsicum,Clay,6.362772514971443,21.153158943974695,68.95655357156333,11.818330320328588,12.201292441975266,13.907174422546241,115.54522921564573,0.6346906778283538,3.744674999187288
2022-08-29,Capsicum,Loamy,6.717878661122185,27.232820691166296,66.0045566984276,14.935015603957082,12.819368843417585,19.46563842978744,159.59415957307044,0.3482481052347914,2.0546638208852697
2022-08-30,Capsicum,Clay,6.452343726373325,25.877579401220927,69.02559604377332,7.323355459240181,14.435997013181872,12.466174226906741,125.05444242713202,0.1398774992915634,0.8252772458202244
2022-08-31,Capsicum,Sandy,5.779422492167984,26.597116556976975,69.25066367342518,11.239455747613883,11.711024784134018,16.68360702117394,133.38420643433858,0.765496327480771,4.516428332136549
2022-09-01,Capsicum,Loamy,5.54053807557967,27.70523979990914,66.44575167227076,9.603213900573984,18.732543566916725,17.401493936975907,147.1250716623528,0.3482640057076505,2.054757633675138
2022-09-02,Capsicum,Loamy,5.840943257589773,27.422487478596004,69.76130039181162,5.394519529226915,17.049111327313362,14.481286994651596,102.67705857031278,0.1504841798869427,0.8878566613329621
2022-09-03,Capsicum,Sandy,6.273601309910331,28.687361175430595,65.24930073199582,5.144706415028651,10.852004775596619,19.37525986759583,109.19379359208376,0.1598305316022921,0.9430001364535238
2022-09-04,Capsicum,Sandy,5.566853557529526,25.287480630816944,65.7495462662357,6.1922857781785865,16.500924511399315,17.366567352187907,168.59292207082194,0.3014070390310029,1.7783015302829173
2022-09-05,Capsicum,Sandy,6.145276121361607,24.907965061279242,67.68790569025757,11.49091740538548,16.536564764056205,14.579245798608978,142.89699807175072,0.242412757777221,1.430235270885604
2022-09-06,Capsicum,Clay,6.275895703591956,24.21509759912584,67.87896235561155,10.671630879133922,19.562211736436275,15.69335201776094,186.47902219998954,0.7194400942241207,4.244696555922312
2022-09-07,Capsicum,Clay,5.934517058062049,22.229528342753635,68.22575041650451,10.534295611637274,10.030208713561613,16.926134434251008,169.46720036441997,0.3573472373336276,2.108348700268403
2022-09-08,Capsicum,Loamy,6.502185864869569,25.58085786305618,65.08484564657734,5.318567625282601,12.479324498058073,15.921901804292183,100.81009416473225,0.743756628031866,4.38816410538801
2022-09-09,Capsicum,Sandy,5.638577729073903,23.21610019460783,69.80183387311065,9.69302996360007,19.277914793753155,18.78697583826076,161.6712330767135,0.2390767982585222,1.4105531097252813
2022-09-10,Capsicum,Loamy,5.597679116256551,28.370460097703806,65.22294046367072,14.246228178425286,19.32133915398283,13.568886622804012,109.37248660597164,0.494303343635267,2.916389727448076
2022-09-11,Capsicum,Loamy,6.446645383064684,25.66552643421678,65.71530976361701,8.975918693106467,17.205864193706375,12.998857400558048,178.09331797904943,0.650429706842503,3.837535270370768
2022-09-12,Capsicum,Loamy,6.144138711068058,25.74272144406488,65.07007258763028,11.249224697884564,17.6576332104754,12.138388894952643,199.1507688278502,0.6215926830926839,3.6673968302468354
2022-09-13,Capsicum,Loamy,6.394923115356057,23.83939728701608,67.83429216647048,12.798186756231436,10.914829579296471,10.377829680645952,153.11987942415115,0.5809035279442151,3.427330814870869
2022-09-14,Capsicum,Sandy,6.06527554018487,21.415914815821658,69.66133441960486,12.839252791418875,15.138758347782336,10.430139643800553,168.27795001941303,0.8398572815449359,4.955157961115122
2022-09-15,Capsicum,Loamy,5.820322643210838,21.25395012298391,68.32973583040233,10.192800823952712,12.315829912889994,18.70055193109283,123.73141608947515,0.2828201181653955,1.6686386971758338
2022-09-16,Capsicum,Sandy,6.564833012976459,24.38668115322558,69.11328734240213,13.579519454023362,11.812180436136172,16.783931464059073,143.75977437537935,0.4949753635696843,2.920354645061137
2022-09-17,Capsicum,Sandy,6.5392406426596725,21.676523024777904,65.0664060172929,8.913780933637469,18.103032991233327,16.60532415436486,185.60953322363838,0.807194040057927,4.7624448363417695
2022-09-18,Capsicum,Clay,6.4031054121107545,25.854775644321112,67.71007649239863,13.886932147847984,11.350381366805474,16.14642818934886,116.74229477462512,0.1623150124761256,0.9576585736091414
2022-09-19,Capsicum,Sandy,5.853788678398951,28.04778404511726,67.29781488752761,7.402271663955453,14.686516369963853,18.49219144694105,126.5535605613762,0.1447106146024602,0.8537926261545152
2022-09-20,Capsicum,Clay,6.267299866929813,28.06331853214978,67.49483972110397,7.802164069905711,19.385782395860332,14.802669256656275,144.54336752860303,0.2866418300466331,1.6911867972751355
2022-09-21,Capsicum,Sandy,5.969266066022035,26.27236328105786,65.36106592667593,5.531206241990011,11.858320555653425,18.704108285583004,171.22488918440138,0.6064169756304147,3.5778601562194474
2022-09-22,Capsicum,Sandy,5.619056695324624,22.68985465178345,68.42217680534654,12.955818365422829,19.779934237382346,13.594450261822391,137.5883954795674,0.3079037011598455,1.816631836843089
2022-09-23,Capsicum,Sandy,6.692507648100915,27.90397465087098,67.51610207429317,9.170552362327056,19.942879857610592,19.267075043390903,192.77322797830038,0.2521919070470392,1.4879322515775313
2022-09-24,Capsicum,Clay,5.67786422019465,28.088747482505667,68.82574424930633,7.29116613911399,15.556171546824029,16.9865698008124,109.44570512687191,0.4670418522866336,2.7555469284911385
2022-09-25,Capsicum,Clay,6.735308559967043,22.573228679623668,67.42645317030858,7.317902776165797,11.701427401771578,12.571771360244274,137.08041975448475,0.5908784550155292,3.486182884591622
2022-09-26,Capsicum,Loamy,6.079807504845342,26.89940868616542,65.74690818113216,14.013999412292332,13.161048879408956,15.640849216886252,170.89541234284218,0.2988461656133923,1.7631923771190148
2022-09-27,Capsicum,Clay,5.740672807490205,23.292156391416984,68.24128477038911,13.33916600461037,14.24492832676535,15.330305614882555,122.59867656614924,0.3405529493789936,2.0092624013360627
2022-09-28,Capsicum,Clay,6.2044712315918655,27.421122498823436,65.86193181052583,10.535308853571834,13.093242243582228,11.37898821730334,165.6413134229673,0.5908474438492112,3.485999918710346
2022-09-29,Capsicum,Clay,6.634829586639331,28.97790319922882,69.36197281677407,11.16110800415721,12.806355798765157,15.912429057506142,116.42169582273459,0.8565907375915621,5.053885351790217
2022-09-30,Capsicum,Clay,6.451892352332429,21.240208042635143,68.06558119534621,9.74325570550291,19.722297092163576,13.147856237169579,105.59802848616864,0.6397933819504706,3.774780953507777
2022-10-01,Capsicum,Loamy,6.548529492219885,28.178926926327456,65.78601941778477,8.91666542878809,11.533648274157457,10.523487668096024,112.10157167486489,0.726323314867648,4.285307557719124
2022-10-02,Capsicum,Clay,6.356418376723933,25.981044268789265,69.81169028740604,14.154768812183317,17.333279087168624,19.48656157706565,192.99847831341347,0.393448075804375,2.3213436472458127
2022-10-03,Capsicum,Sandy,6.399959533873208,28.78706095331857,67.5918273166766,6.25612703520302,10.00410289439175,16.414903690642877,155.17508829395513,0.3178034875075728,1.87504057629468
2022-10-04,Capsicum,Sandy,6.6039543470349145,24.72007614021142,65.36449225935827,9.184467897162278,15.961826694023769,18.76918931870847,179.6345775479649,0.4634141945620981,2.734143747916379
2022-10-05,Capsicum,Clay,5.824568411516942,27.77910344457099,68.13416452207534,8.445619079878753,19.159430039540524,16.760560050132533,133.2654500905051,0.745706262969339,4.3996669515191
2022-10-06,Capsicum,Clay,6.136252452736082,21.499152548786217,66.26599453506405,9.981507202511484,12.87934094093219,13.56983692140113,159.26586478854466,0.4650397134324446,2.7437343092514235
2022-10-07,Capsicum,Sandy,5.787572274365483,23.682232400626365,69.01846725938651,9.57631874545175,11.855259752577192,15.126880723288114,149.49521337049916,0.7773803270318889,4.586543929488145
2022-10-08,Capsicum,Sandy,6.783968410395641,21.53613230200968,69.08911036783095,10.188895316510814,16.51679794878427,16.75746760347177,194.5737959402294,0.8910175845561017,5.257003748881
2022-10-09,Capsicum,Loamy,6.727277141592597,28.802745067832564,69.8947367792733,6.399189772269941,17.12601407298393,19.602523252014375,174.75746360541103,0.157621332584269,0.9299658622471876
2022-10-10,Capsicum,Sandy,5.5512548547790574,27.535791258174694,67.50934765512253,10.13141501513277,16.880305189519813,12.536694591216964,173.0542631496579,0.1363281248669629,0.8043359367150815
2022-10-11,Capsicum,Sandy,6.4172477242703945,27.820379369967764,67.27478439863869,7.4241881388721085,13.19316880021374,18.749770586241176,104.63532694342796,0.2196717623306894,1.296063397751068
2022-10-12,Capsicum,Clay,6.702822812640365,28.503721851471155,68.7673780272324,6.843313489881913,12.522024021593309,19.240778052942694,154.9669669003691,0.4074957405874769,2.4042248694661144
2022-10-13,Capsicum,Sandy,5.734747948665533,21.680827888958284,65.66235328170963,5.648342187861912,19.55918799962044,16.704155146589564,146.69914539018149,0.2048337673163459,1.2085192271664411
2022-10-14,Capsicum,Loamy,6.238328799718419,24.084780740106666,67.73457756896562,12.62652558756141,19.232995082699297,19.312666274013377,192.78422666061945,0.7965315820950049,4.699536334360529
2022-10-15,Capsicum,Sandy,6.690134786864454,21.568279112352016,67.73123800065426,9.2744192085656,14.573166098928203,13.978785874773685,125.73419881895322,0.118517000821651,0.6992503048477412
2022-10-16,Capsicum,Clay,5.544129772161538,22.68634481240023,65.44736561405193,11.266436833117584,18.461938661543734,19.530161760404425,126.98334532910943,0.3526341730686581,2.0805416211050827
2022-10-17,Capsicum,Clay,6.4066463474208915,22.83492621630138,67.08992042753457,12.275933433047436,14.52323477634296,17.02782877165975,141.13462488815003,0.2477557035953642,1.4617586512126493
2022-10-18,Capsicum,Sandy,5.886553709584316,24.75285768838063,69.26642399283601,11.793166653135536,14.243890180725103,10.420057674188119,124.3369713406376,0.8452314641260259,4.986865638343553
2022-10-19,Capsicum,Clay,6.701715053989489,23.14849733962914,69.28076810997331,9.705007190896822,11.567629475992947,19.06872831819053,112.91839178087494,0.6355848039120223,3.749950343080932
2022-10-20,Capsicum,Loamy,6.762375718714978,21.80782485454209,65.4961883245984,8.8789852895173,14.264060564919728,14.844728090331927,185.74148466508007,0.8296242051610996,4.894782810450488
2022-10-21,Capsicum,Loamy,6.727546435847464,22.33992871275286,65.45360441373916,8.759599096406637,15.37416938599807,14.603269847778328,155.82765244039157,0.8778629682483147,5.179391512665057
2022-10-22,Capsicum,Sandy,6.116478481654703,22.178204508416727,66.31347738500968,11.400487969300563,10.225043274286865,15.664666059796343,186.13627189565668,0.4976785949418953,2.936303710157183
2022-10-23,Capsicum,Sandy,6.620655446286108,28.784614383298386,69.37383031276997,9.947943549418737,14.441130051754065,11.49384546771228,183.1134765403696,0.287455286438421,1.695986189986684
2022-10-24,Capsicum,Sandy,6.597914218095592,27.07434005534779,65.6445129253675,13.491322479885106,17.813562183952,14.691660485673985,128.20423547896712,0.2549830289572714,1.5043998708479016
2022-10-25,Capsicum,Clay,5.914830615216232,28.742091722156495,68.59998401313723,13.747019843267122,16.800460563742696,18.311272167177457,154.7737444324274,0.2783350893486724,1.6421770271571676
2022-10-26,Capsicum,Loamy,6.57759011639588,24.51792389206327,65.50582809806552,6.705603780065185,16.35156988863935,10.154824591375153,108.32177027400705,0.6668746460976023,3.9345604119758537
2022-10-27,Capsicum,Loamy,5.548109925130141,23.226947853301255,68.11568926873913,6.362336515457256,19.095554284372025,12.729171603243714,191.52518840307584,0.1323565824984006,0.7809038367405636
2022-10-28,Capsicum,Clay,6.275150842026669,27.386345577673495,66.78033649559572,11.304009260359996,10.1803200982523,10.024545864438442,140.42627150651532,0.1410888584261719,0.8324242647144143
2022-10-29,Capsicum,Loamy,5.799011488474014,23.610031344329172,68.94456981482934,8.012257480622793,15.570475861922342,14.157113091498484,139.36761838890214,0.5865143539065201,3.4604346880484687
2022-10-30,Capsicum,Sandy,5.656736951510463,23.395066989642785,66.16845224412681,5.185707187650989,17.87348848409707,17.283155104937347,130.27553706179532,0.6136457173899252,3.620509732600559
2022-10-31,Capsicum,Sandy,5.600039162117972,22.86004793766265,68.1960091469498,13.88642669362955,15.413353827012672,17.987718291146287,146.0663744710704,0.632210339457968,3.730041002802012
2022-11-01,Capsicum,Sandy,6.405175408641582,22.03743182579388,66.17841267287943,7.269007672438082,13.238955525803792,19.451897611270066,125.17593865454481,0.397504403670873,2.345275981658151
2022-11-02,Capsicum,Loamy,5.941837452898486,23.051704488134128,68.56830141556077,14.292806516858091,11.362505650919779,16.085046129707866,137.48522727968046,0.7447559109713225,4.394059874730803
2022-11-03,Capsicum,Sandy,6.4421968029873895,23.842557987791103,69.36839017280374,12.174344508782536,18.875630718161915,12.546268666528954,179.9947048584882,0.5268996701812941,3.1087080540696355
2022-11-04,Capsicum,Clay,5.584963243038625,26.391953665165843,65.6340089956338,12.626534899114844,14.70762392387603,19.241479491366988,183.42555035851717,0.1843725040075355,1.08779777364446
2022-11-05,Capsicum,Clay,5.909877439179794,21.500518737755613,69.33297844297752,7.014614957931604,18.781151969857014,17.753157538803762,130.41824776285162,0.7376794456538762,4.35230872935787
2022-11-06,Capsicum,Loamy,6.201338680087939,22.684055517322744,67.96787627207149,7.341944256168129,15.858521224331684,15.744284830031445,146.90144305527878,0.8624542290163667,5.088479951196564
2022-11-07,Capsicum,Clay,6.527940114290653,27.47218912233341,65.63555245433513,10.212677538240658,16.741921166150007,16.95640215718936,187.38197762800525,0.1480290504018869,0.8733713973711331
2022-11-08,Capsicum,Clay,5.914378253811691,22.175375388670165,67.13770927679856,6.720998526498621,18.042611543784503,19.243163550074293,105.26733318296971,0.413081070960464,2.4371783186667377
2022-11-09,Capsicum,Loamy,6.3136587893681115,23.74116117218017,65.80430146742549,8.054316926830323,16.591555446001344,17.123940284729215,188.91449619957854,0.4900128358677981,2.891075731620009
2022-11-10,Capsicum,Sandy,6.651771072707043,27.91727137486512,68.50173944433284,8.214624779478044,13.980548406789378,13.683745075847341,121.91843456523317,0.2171766080626535,1.281341987569656
2022-11-11,Capsicum,Sandy,6.300622144636996,22.23940248914754,68.79434067208975,6.596299332527641,15.136333839286511,17.130282022890967,167.85392442143757,0.7941671582263017,4.68558623353518
2022-11-12,Capsicum,Sandy,5.802847317179724,21.66189468494552,65.52898260136399,7.051828333951607,18.030455246758798,10.402781627353878,158.25516963846002,0.3273197159120352,1.931186323881008
2022-11-13,Capsicum,Loamy,5.531721016023499,24.876303960640087,67.53069926347322,12.885518420082564,13.736502963729842,13.864155618305812,155.2940748189252,0.7264068319505281,4.285800308508116
2022-11-14,Capsicum,Clay,6.631128536071209,23.41935609022829,69.07312528012959,6.671958545472684,13.881214567684971,14.063230318455792,185.93602247528213,0.6367955856226528,3.757093955173652
2022-11-15,Capsicum,Sandy,5.527650234105503,25.507266915870833,69.68081520775499,5.284573918439225,10.956901160580012,11.668382344208347,110.15721436446613,0.5784366579736188,3.412776282044351
2022-11-16,Capsicum,Sandy,6.6371121744894594,27.4304391238678,67.56758933370885,11.293549426289385,19.145844352217477,10.230854805517701,134.7028025325636,0.2537142789572435,1.496914245847737
2022-11-17,Capsicum,Loamy,6.187618274235375,22.097187905221944,69.75139611805703,14.7598311939245,10.910363149454417,11.333812366377428,153.82527463447656,0.2765628164407245,1.631720617000275
2022-11-18,Capsicum,Sandy,6.720788008066765,25.64559267643428,67.67844485228015,8.312138146231213,16.48209177448556,16.54621495797055,181.12888539460397,0.1378787237972554,0.8134844704038073
2022-11-19,Capsicum,Loamy,6.5384182065057646,25.04407008311891,66.97095247299954,6.186557031962523,14.131944788027976,18.022888163636875,121.64430834116715,0.2925699438258131,1.7261626685722975
2022-11-20,Capsicum,Clay,6.797314343693339,22.1526302881056,69.24101564276448,10.703873253675308,14.056193902554423,19.882034927269743,180.29298413742762,0.3763548875684113,2.2204938366536267
2022-11-21,Capsicum,Loamy,5.955925360087223,25.99198788423186,67.46491355229044,14.063542110956462,16.79551836572684,13.463635031084943,139.96384824939358,0.7665162430899403,4.522445834230648
2022-11-22,Capsicum,Loamy,6.497344775610465,23.189123342886173,67.35951255282262,12.840617798284788,10.670937326298787,15.993792222611017,118.89138564336955,0.3931141333718443,2.319373386893881
2022-11-23,Capsicum,Loamy,6.022510187692014,24.9026745483521,67.45156244704914,11.22515868412716,15.937057829514346,19.37144966815122,175.89864404434826,0.7036974262124852,4.151814814653663
2022-11-24,Capsicum,Loamy,6.123838306395081,21.658178594216494,69.23392500934872,8.150564966075994,17.720317859723547,11.670417813381526,109.08989014745478,0.4515538250363901,2.664167567714701
2022-11-25,Capsicum,Clay,6.3157571021838805,24.676672457708985,69.15970770844027,10.4188017327622,18.282127578865943,17.176455863427428,151.4767374075443,0.7278946495951107,4.294578432611154
2022-11-26,Capsicum,Clay,6.63578024844224,23.451707744342563,67.01759996220106,5.912448413042553,11.705303893937753,17.549787331491633,106.38757838618884,0.8810172803496319,5.198001954062828
2022-11-27,Capsicum,Sandy,6.779308509959083,27.579049689482837,66.66649929935262,11.789454242806698,18.974190500781738,10.889755358693384,135.64178551577876,0.2918732464460641,1.7220521540317784
2022-11-28,Capsicum,Clay,6.498755438023873,21.455829815978944,67.45964012019564,12.250960188976508,16.561460918474424,18.61249385183065,160.10767990063925,0.7898732895711009,4.660252408469495
2022-11-29,Capsicum,Clay,6.043096816817534,24.34885819934664,67.86386254868555,14.650316229099188,18.81854800820683,18.131050471108438,155.61155414872132,0.5974592690446198,3.525009687363257
2022-11-30,Capsicum,Sandy,6.047764102960191,24.667451393051504,66.19168605313999,7.603973587450716,14.852807171101983,10.334030065774344,140.46554179046666,0.7538354092709239,4.447628914698451
2022-12-01,Capsicum,Clay,6.4588569920655585,26.80004861039295,68.96977542357796,5.184564190430226,15.42033345097202,10.910844148800514,142.90479939721158,0.6212687218142442,3.665485458704041
2022-12-02,Capsicum,Loamy,5.810410289498793,25.594300600721688,67.43241382866212,10.456084644271506,19.19038277028671,10.491268938918523,122.67695533507666,0.4391596058193201,2.591041674333989
2022-12-03,Capsicum,Loamy,5.643616347070813,26.33769869755345,66.6702277420998,12.067905043968144,18.999095433546717,13.347435317993622,145.58825884241028,0.2824599515534323,1.6665137141652506
2022-12-04,Capsicum,Sandy,5.96100880493301,27.21639428521405,65.53410496481996,12.90407475882988,14.48160873369002,15.092889906799261,195.32548557208344,0.156028180264932,0.9205662635630992
2022-12-05,Capsicum,Sandy,5.873410689150306,27.89762378926551,66.19422580201804,6.937389330248106,12.744126316356818,15.323477279546289,185.04529177837904,0.5284146915685736,3.1176466802545844
2022-12-06,Capsicum,Sandy,5.885200556592787,23.511003973779765,69.74640585877992,7.617528690370237,13.931704345642641,12.676667597694426,114.52328690763439,0.8922608756214925,5.264339166166806
2022-12-07,Capsicum,Loamy,5.803690076364883,25.304181642911225,66.52549843409763,10.125909252672963,13.877643285297498,19.115968865602742,102.97807873209209,0.690433444011365,4.073557319667054
2022-12-08,Capsicum,Clay,5.55472114652727,27.7208646275136,65.84429644683517,8.30600809970002,12.86866874982794,13.682627898719133,193.35243127166308,0.3618764331192133,2.135070955403359
2022-12-09,Capsicum,Loamy,5.523236115153438,28.91560904772045,67.30336395827497,13.60511486587445,12.685796043329667,10.455501559653525,152.67497498807478,0.7617638400693882,4.494406656409391
2022-12-10,Capsicum,Sandy,6.784039106656841,28.116154488350105,66.53543871680124,9.737601537387205,18.610629364797195,13.002271115413864,153.78378231493076,0.7151872001411252,4.219604480832639
2022-12-11,Capsicum,Clay,6.056105073856621,23.971738100995015,65.17579625135598,12.99578644102003,10.698619206846617,15.311094225441554,178.07179957065222,0.3253086346827654,1.919320944628316
2022-12-12,Capsicum,Clay,5.999624641307586,22.561332137749204,66.61572608639709,10.806197604823538,16.776111820995943,14.08221822588232,131.46889738713264,0.1114459918353877,0.6575313518287877
2022-12-13,Capsicum,Loamy,6.383541467500991,24.91514029925271,67.72054311969734,12.73090141617112,11.728200514564524,12.738425190992592,148.19075688360022,0.1945301108271596,1.147727653880242
2022-12-14,Capsicum,Sandy,5.783730054224583,26.93313161468834,67.75856186009983,8.326729865303239,13.445058933940633,11.313232497643174,196.86629131467376,0.8018449522496461,4.730885218272912
2022-12-15,Capsicum,Loamy,6.734949539135293,24.94055256602638,66.78279460588445,13.314166219303113,10.615430341348368,18.191645000962296,167.2148686932407,0.7692504282438974,4.538577526638996
2022-12-16,Capsicum,Clay,6.522248518740217,24.865446906509348,67.236513781263,7.745723155510216,12.699736368554621,19.96145242124192,115.3745031995786,0.3361672007026899,1.9833864841458708
2022-12-17,Capsicum,Loamy,5.616234303005937,27.705843368654406,69.82758959117383,10.460988080032909,17.68421071117242,13.29542133523882,113.32267479843533,0.3281563410275363,1.9361224120624645
2022-12-18,Capsicum,Loamy,6.042855008520407,23.89123023253749,66.88674238615155,7.140071131738742,18.850153245472587,13.816210441766039,120.42647583330054,0.734291989681977,4.332322739123664
2022-12-19,Capsicum,Sandy,6.642853799830814,27.878357398493165,66.29113406629992,9.755265216261932,12.21527151902367,16.18037524676957,176.67116744207175,0.8501899759163377,5.016120857906393
2022-12-20,Capsicum,Sandy,6.728151628978833,24.25443840761379,66.2173352203338,8.181752095087031,14.635478392589219,17.18441474735541,129.5377003840616,0.72330980543808,4.267527852084672
2022-12-21,Capsicum,Clay,6.107621964624831,23.625864845426715,67.28882306352067,7.667034306372143,14.703240479372063,13.920295348035912,102.13888466750798,0.5844629416246092,3.4483313555851947
2022-12-22,Capsicum,Loamy,6.29743480597392,24.63191928959759,68.79760074358472,14.669850180280374,18.735753057597343,19.04929516981815,194.4174363505662,0.2941370802654436,1.7354087735661174
2022-12-23,Capsicum,Loamy,5.7171441299196974,27.09957566939895,66.02994092094237,6.600741054867306,17.627990528758055,15.600039892289184,116.97134163949107,0.5205983312762086,3.071530154529631
2022-12-24,Capsicum,Loamy,6.788519213978069,22.008016222911955,68.54648063570384,12.873258374573952,15.130772183680499,14.50390076405931,100.95581861480686,0.2868094868746117,1.6921759725602092
2022-12-25,Capsicum,Clay,5.801173211798476,22.571353726976138,65.10574911674708,14.841649594832148,16.707472004717733,16.46672753159905,123.7131602383323,0.7464091360774189,4.403813902856772
2022-12-26,Capsicum,Clay,6.725551306375663,28.611558605304737,67.09466488991973,5.199014837400778,18.47355053909367,19.52803848249173,123.50287871181337,0.4095688636141898,2.4164562953237203
2022-12-27,Capsicum,Sandy,6.344540643690079,22.40393301905086,68.87932532601394,11.99027414042095,10.09538954025545,17.945522944217053,142.2005250845723,0.766957773595221,4.525050864211804
2022-12-28,Capsicum,Sandy,6.290057833342517,25.541818543448436,66.69366477887216,7.529118055562871,14.028900310500486,10.400131305351243,192.03898315000367,0.4052873743861802,2.3911955088784635
2022-12-29,Capsicum,Sandy,6.166495064321461,25.6345157332955,67.818685507227,5.4048782432830444,19.072431672770787,13.323099107399596,187.9184917779098,0.7593195241599131,4.479985192543488
2022-12-30,Capsicum,Loamy,5.799870755233086,24.91699569640196,66.02489616412956,9.028895789566308,17.403130308439515,14.705446849512228,145.6894554982428,0.3666542521321936,2.1632600875799426
2022-12-31,Capsicum,Loamy,5.729486441607161,26.15796198861455,68.70997695563086,14.35217810170875,15.428413743340746,13.145175722091054,141.08999049918066,0.4521061636941359,2.6674263657954023
2023-01-01,Capsicum,Sandy,5.786632071791228,22.83861380638095,65.2613955163438,5.117650943669977,15.296445270351334,17.001875608304566,155.50090864748512,0.592390735474126,3.495105339297344
2023-01-02,Capsicum,Loamy,5.742369740787531,25.421298142213985,69.2627132243775,10.878856919297816,13.477700976044378,18.262691498625813,124.34540119717657,0.1562300912239349,0.9217575382212162
2023-01-03,Capsicum,Sandy,6.513459815636779,23.977386041975176,65.99098193210834,10.013964785953243,15.205205336415144,17.313450951852715,105.21849919663629,0.8585656494523716,5.065537331768993
2023-01-04,Capsicum,Clay,5.955162836916749,26.29333807703351,69.37199015854165,13.733841643710477,16.553831994634532,19.893332868282755,193.92241361712067,0.5588846288990426,3.297419310504351
2023-01-05,Capsicum,Sandy,5.5751954795324155,22.129788346985194,66.76264620650258,5.840017145206256,14.18363038428793,12.725476478930291,118.66989848771728,0.5062560117526419,2.9869104693405872
2023-01-06,Capsicum,Clay,6.759833419183055,25.56701933471581,68.61341787237244,11.815260298866503,17.14153146392174,18.749894950244215,119.84007292457164,0.7715151768959297,4.551939543685986
2023-01-07,Capsicum,Loamy,6.648921650452453,22.48216284306659,66.59612648893095,11.801096984332773,18.61232227260386,17.66622665174486,147.24603288539475,0.7926101839174621,4.676400085113027
2023-01-08,Capsicum,Sandy,6.706077968153776,23.229144504920292,69.52955835617324,11.690800168622832,11.546848481848611,13.621787575581461,149.16133448403306,0.5178083236232128,3.055069109376956
2023-01-09,Capsicum,Loamy,6.793380169440366,22.749678402588664,65.63318562759187,14.42334494935037,14.515470228174244,17.341245436569686,101.84342097007419,0.8418098606349099,4.966678177745969
2023-01-10,Capsicum,Clay,5.726063823985333,22.462702238950538,65.892598946363,13.230875290068804,14.080200912850811,11.04075956418247,114.79547387739707,0.1517902128611845,0.8955622558809887
2023-01-11,Capsicum,Clay,6.015114624573457,27.605687612485337,67.46515062579401,5.41972726243506,16.87464804049728,17.893334823405525,137.81548185607417,0.190580633800974,1.1244257394257469
2023-01-12,Capsicum,Clay,6.485710018415318,23.285660541287122,65.40969219519073,9.710828507045132,12.498674652579293,15.323306025871027,168.3730693510539,0.5774305840115521,3.406840445668158
2023-01-13,Capsicum,Loamy,6.40482680346993,28.416990254915596,65.97990092350881,8.979530562013334,16.402509149522764,12.922901727092531,122.84184568319358,0.383252689434867,2.2611908676657158
2023-01-14,Capsicum,Loamy,5.700064678241811,28.759412202761528,69.71883191106008,8.101472210908021,18.77489241731488,16.557773017841804,142.30144462417627,0.471380132951359,2.7811427844130185
2023-01-15,Capsicum,Loamy,6.560583062487803,25.57008375949678,69.88244830573943,9.513367251540974,14.181315997936228,16.41619998714409,155.73450647164668,0.3624633743177332,2.138533908474626
2023-01-16,Capsicum,Loamy,5.791772743387659,22.14400898132581,66.8812966466521,8.841941849259776,19.110156999792203,12.094862227195996,188.85924946232922,0.4237802491559485,2.5003034700200963
2023-01-17,Capsicum,Clay,5.7909628992694095,23.99638594703665,69.61643010506968,9.323338998786651,19.931637389334785,10.30397414811526,132.60705023271234,0.7581170777170396,4.472890758530534
2023-01-18,Capsicum,Clay,6.198066749761438,27.381858106785714,67.72412337836715,14.792618656086423,11.06092049947952,14.336225869016738,113.35582658634836,0.5747809598834438,3.3912076633123185
2023-01-19,Capsicum,Sandy,6.2708219152942135,23.939125829576565,66.34871232936884,5.886329747495807,12.330531879848586,15.695118693444211,148.92722258976082,0.8978756394267986,5.297466272618112
2023-01-20,Capsicum,Sandy,6.254112070189154,21.69613774642231,68.51199360540299,14.222308698387298,19.50379751482093,18.766052783705984,174.6721601684062,0.7295033582567704,4.304069813714945
2023-01-21,Capsicum,Loamy,5.618932888617081,25.454279287425503,68.29450903287429,9.802367134710266,19.583276864813868,19.282167956475945,110.98597570527335,0.3189330032814613,1.881704719360622
2023-01-22,Capsicum,Clay,6.640699121419495,27.760966811968277,69.94562659554367,11.23742245499541,10.977072753867585,15.288052181567664,142.46834916969604,0.311476094181357,1.8377089556700064
2023-01-23,Capsicum,Clay,5.8452800553653175,27.36741109714802,66.32523643704641,13.30182966617694,10.149985003771366,17.538034837685448,101.77851412624834,0.3687186160936057,2.175439834952273
2023-01-24,Capsicum,Clay,5.668369397667646,22.400985121042826,68.36029751330868,8.604630291492555,11.611000232564223,14.393032723279969,103.35591816472511,0.7746075845181942,4.570184748657346
2023-01-25,Capsicum,Sandy,6.65537250382967,26.382116915299733,65.26011877514723,9.304219080879667,19.960127833822483,17.460821565728928,148.29533632166655,0.1218301205204524,0.7187977110706697
2023-01-26,Capsicum,Sandy,6.742346947698679,22.764034107485177,65.5682301934836,9.09518480278714,11.799996166106869,12.04801524939167,129.81972981509296,0.2841450230970062,1.6764556362723366
2023-01-27,Capsicum,Clay,6.620765902445085,22.74566027641738,65.01959187475546,8.747310225357598,15.025476067220232,13.710647348035314,184.5107299005412,0.8239347362754136,4.86121494402494
2023-01-28,Capsicum,Clay,6.5523708971423416,27.99257418644148,69.99730340529837,14.25529321646895,18.48417726430511,16.34227998813615,160.21543061264543,0.6119171488666015,3.610311178312949
2023-01-29,Capsicum,Clay,6.351814574830728,22.99735162192184,69.01136848573739,13.28929891193012,10.204016106882063,10.181579656070788,145.39329617429905,0.2814776764008451,1.6607182907649864
2023-01-30,Capsicum,Sandy,6.2161145817918815,23.10597877214409,68.93361507366771,6.089999898629761,16.044889822584594,17.22461310338954,140.79353710542964,0.2753159745860642,1.6243642500577793
2023-01-31,Capsicum,Clay,5.613082787884833,21.005227126090396,67.5486303764409,6.08123352477096,12.770254488696242,18.35535501268167,149.72454801895634,0.7900944814075445,4.661557440304513
2023-02-01,Capsicum,Clay,6.030989176991908,27.965352273004143,66.5003354145272,9.278695148529913,18.623349164397318,13.991416610939513,104.04388312126613,0.8150060066216372,4.8085354390676605
2023-02-02,Capsicum,Loamy,5.984495072116008,27.34075850567308,65.75632142231338,5.986573767328091,12.834611492640793,14.479424171771644,189.27933564206597,0.3049048727696922,1.7989387493411844
2023-02-03,Capsicum,Loamy,5.837679918888424,26.018631480725425,66.42337369423232,11.190930952711197,16.86755720281909,18.51282212216531,199.83031557339584,0.4364082864612258,2.5748088901212327
2023-02-04,Capsicum,Sandy,6.440446147795161,27.002126111510737,66.8798561096457,6.436916072617339,16.74219632447397,17.756546353260333,118.14871248586986,0.7676765909026537,4.529291886325657
2023-02-05,Capsicum,Clay,6.144638455602402,22.216388539395936,68.78155048490147,10.223732639668013,12.2149354885964,12.88149489033375,112.03829647746197,0.7168059508879083,4.22915511023866
2023-02-06,Capsicum,Clay,5.605360080679942,24.666588756700605,67.69830894451576,5.0721994700371775,10.3479919986835,13.23976106561539,114.35774634485952,0.7511328852528676,4.431684022991919
2023-02-07,Capsicum,Loamy,5.7862381625347545,23.809755098790248,65.38741813277741,8.165963484126468,14.092495737853973,16.788782323905966,166.1027058234367,0.514718552630375,3.036839460519213
2023-02-08,Capsicum,Sandy,6.388236392757475,21.750212210056134,65.09014504479457,11.771907236726555,12.891931519658698,15.631980924481612,166.1440838450775,0.8292392386441385,4.892511508000418
2023-02-09,Capsicum,Loamy,5.59897011733739,24.88904388171939,65.51166089767031,9.840389402278484,18.08977749613709,11.62229571096497,184.7924162278411,0.3607612351635482,2.1284912874649344
2023-02-10,Capsicum,Loamy,6.606568988263399,28.365917202741084,67.0524935684869,14.78269485998988,18.003641884553453,13.099299092291664,175.18263884262532,0.2253377074780144,1.3294924741202852
2023-02-11,Capsicum,Loamy,6.143690485118166,21.320472952405556,69.66596458524509,13.741037960662108,14.570239521926254,18.99983276878654,144.96896733693399,0.6669858660518918,3.935216609706162
2023-02-12,Capsicum,Loamy,6.124762550524642,23.33168730795035,68.18701240604611,8.590707790431512,16.06512225323219,16.881744367222634,161.2855361565319,0.5314835328055171,3.135752843552551
2023-02-13,Capsicum,Clay,6.270130120057373,22.660327489645628,69.00912949937758,5.454865414722746,16.04259515986925,19.859743176855197,168.8284670368008,0.7836686150475848,4.62364482878075
2023-02-14,Capsicum,Clay,6.572085255702694,22.90517322932557,67.33187297252275,13.456263001150187,18.271581484276233,17.670125299807694,151.27364702852253,0.1649273992997719,0.9730716558686546
2023-02-15,Capsicum,Loamy,5.952151970272851,28.267476415035002,66.80833041597522,14.112343103146712,14.250024141231975,19.4197443214359,147.56509844516367,0.7749539227504535,4.572228144227676
2023-02-16,Capsicum,Sandy,6.3814209983267824,24.744552433874322,65.54200186358311,13.206273934190367,12.75446679790509,12.161885738704754,164.50974456426533,0.3346357225670577,1.974350763145641
2023-02-17,Capsicum,Sandy,6.235451553194528,24.73039530351855,69.37966511093103,6.279499409197649,12.650349181405474,17.714848748169256,155.74745489756538,0.6238845337345464,3.680918749033824
2023-02-18,Capsicum,Sandy,5.847136751220248,27.084605139642257,68.91580014513951,14.979151344122878,15.361922792822043,10.202175201477974,164.39423053359104,0.1321030312626046,0.7794078844493675
2023-02-19,Capsicum,Sandy,6.6422189822617055,22.235937632039406,65.84059048798862,7.585842215527738,14.491482027322125,16.70760021711534,161.28547739633638,0.5876650370428805,3.4672237185529955
2023-02-20,Capsicum,Loamy,6.5366538280890065,24.898122832800407,67.5613028193813,12.2420491280837,14.401207709849363,14.692822781202413,171.91965605136545,0.6738173513498688,3.975522372964226
2023-02-21,Capsicum,Clay,6.355987385055953,24.43988171296848,67.43687403960622,14.080348763357216,10.911373390897072,13.467600719200686,164.2803508782876,0.3950001716044963,2.330501012466528
2023-02-22,Capsicum,Sandy,6.605756247822514,25.77528552437325,68.12545776343265,7.356871143307094,17.186037406901956,18.62404352293089,151.97424864372672,0.2723285642097122,1.606738528837302
2023-02-23,Capsicum,Loamy,6.627482461247743,28.99646162600351,69.73093446995631,14.08258554677066,12.137366879819107,18.542676926575307,168.17968112843863,0.530104541282836,3.1276167935687327
2023-02-24,Capsicum,Sandy,6.420871869729545,27.155591152656378,67.8988572088124,8.094815791948669,11.969536302087214,10.223017048986435,144.9481965185428,0.7665526435485173,4.5226605969362526
2023-02-25,Capsicum,Sandy,6.588117326872774,24.18292562413942,67.70108633389309,14.764132223840562,14.127583202773934,16.09505122449431,124.1671225972601,0.3588378866373206,2.117143531160192
2023-02-26,Capsicum,Loamy,6.406712900170069,27.620424418192375,65.25161466467333,7.812600203804746,12.277783416178014,13.678322243209564,100.14182201339155,0.3019754380170236,1.7816550843004395
2023-02-27,Capsicum,Clay,6.38418300328839,22.36566690649984,65.31453738009012,14.534358247578352,15.838582673080154,14.156610015004492,155.99641471458432,0.3231482469101501,1.906574656769886
2023-02-28,Capsicum,Clay,6.304194791679739,21.24370949047168,65.93673395663394,5.535446508926749,13.714633393344716,18.32040739218776,159.0655226608641,0.8593057223333316,5.069903761766657
2023-03-01,Capsicum,Loamy,6.478531631424934,22.635586979714184,65.16235385845874,12.09272011669813,14.4891172259279,13.098397715276782,197.20489647757142,0.3874215326116478,2.2857870424087223
2023-03-02,Capsicum,Clay,5.706186636880996,23.723292448914076,68.71676447785006,10.321111338370038,15.371693216040288,19.430488106376202,136.14783340942756,0.1028833919106297,0.6070120122727155
2023-03-03,Capsicum,Loamy,6.6451319869586065,25.08464605967648,68.61665151996982,9.778770771227308,12.035355224818048,11.796338263721408,139.41332428283118,0.7253449663676957,4.279535301569405
2023-03-04,Capsicum,Loamy,6.633396586068802,25.921033124329597,65.68028117215822,7.2349431425584,11.557516228655299,16.62722423368178,120.17995813421902,0.6594198362683121,3.8905770339830417
2023-03-05,Capsicum,Loamy,5.538021467944927,28.284845737715372,69.1803945039764,12.05595789776492,18.80421902873605,16.721050670137647,107.05342952373219,0.2028546116823751,1.1968422089260131
2023-03-06,Capsicum,Clay,6.573561775734191,25.07883207640366,65.77393017423056,6.908094914463071,14.33723702831421,12.521951614279182,177.28044928617408,0.88792339930793,5.238748055916787
2023-03-07,Capsicum,Loamy,5.667530827715479,25.010205157005835,66.5058779349868,10.528417959847683,14.12093609632539,13.247506089672019,124.9681064339325,0.586449828244089,3.460053986640125
2023-03-08,Capsicum,Sandy,5.935654510536884,21.401944078583856,66.24488449580683,7.532453630402508,10.356121502728415,18.347984925799402,160.8904861030038,0.5006235927524813,2.9536791972396395
2023-03-09,Capsicum,Clay,6.46656073317909,21.279292421249792,66.86153549286524,14.55621379781356,14.979763025873932,17.618052549549525,168.77730355454815,0.4057754140983128,2.394074943180046
2023-03-10,Capsicum,Clay,5.7089878648628005,25.409279695330977,66.2733188294498,5.286311938356528,15.541697216110002,13.290958803147596,147.12366872916476,0.8189382044509104,4.831735406260371
2023-03-11,Capsicum,Clay,6.563357131354781,24.505428905986754,67.44475463219226,6.997282801112366,15.588408709546666,15.339565469349338,187.63521130271914,0.2951707851348506,1.741507632295619
2023-03-12,Capsicum,Clay,6.581774431345064,27.713443159842388,67.03703940677343,7.423106063874477,17.070311693228845,10.616802962530954,144.37948409797286,0.3286151201759215,1.938829209037937
2023-03-13,Capsicum,Sandy,6.159708053889087,22.28543667769476,69.93284745389663,9.140678257678164,11.774818349910118,12.087458823986292,128.49086230417652,0.1979286453492535,1.1677790075605958
2023-03-14,Capsicum,Clay,5.508301633231883,21.199773296936396,65.27963175064113,7.327302418700535,12.522231342306188,14.85820558860399,189.60155229616225,0.7072952764674081,4.173042131157708
2023-03-15,Capsicum,Clay,5.873149573127386,24.592310143441008,65.71090688193676,9.913490902687853,18.107304652304126,10.859737352792116,186.15642842499565,0.5764394243246826,3.400992603515628
2023-03-16,Capsicum,Loamy,6.302004993888465,22.89982845401806,65.26412946954301,13.72465523258539,19.47170616843394,18.433323548919375,116.4039947076413,0.5872529354035987,3.4647923188812326
2023-03-17,Capsicum,Clay,6.77554203143565,21.396914986710698,68.12920597491188,12.120634214091709,11.359327473673206,17.18006210107648,102.59610183539209,0.2747763448155709,1.6211804344118683
2023-03-18,Capsicum,Sandy,6.321357585121669,26.796786294781032,65.2725463870686,10.79961980535111,14.976495545052181,19.436336706484948,108.99855563496207,0.6209347113016671,3.663514796679836
2023-03-19,Capsicum,Sandy,5.837744655383408,21.89274399965798,69.18219868688061,5.8900317798267965,12.14176252739587,16.93466905964027,128.6547398553817,0.7123667577974911,4.202963871005198
2023-03-20,Capsicum,Sandy,6.324207414029495,25.866556000062175,67.55969315340964,11.939921083892756,10.600731683549824,19.404013722621855,197.22598017417107,0.3863108245805514,2.2792338650252537
2023-03-21,Capsicum,Sandy,6.201980993630612,23.24839800133511,67.63503812290767,6.664142843109398,13.255033381261354,15.54512555690965,155.8516153160825,0.7410777151693698,4.372358519499282
2023-03-22,Capsicum,Clay,6.513799013696486,22.387968402840176,67.80797253856097,12.86367385961698,11.436876251842127,16.002186110619693,137.3261732029269,0.3790324708256167,2.236291577871139
2023-03-23,Capsicum,Clay,5.639074830475046,24.03801218335454,65.85406853153106,7.500567585101532,17.099330734342463,19.76971054626261,188.87160946127463,0.7065107692074302,4.168413538323838
2023-03-24,Capsicum,Sandy,6.489336273252636,27.41156620978363,65.98845151557244,9.17048728320901,15.337254136714444,16.421291468642604,145.31363314784997,0.1269840859661752,0.7492061072004337
2023-03-25,Capsicum,Sandy,6.2036465522789435,24.13674861523658,66.59408661436503,8.504702023179279,11.43834470990311,10.307865688607466,131.5238628401021,0.5409316811789221,3.1914969189556404
2023-03-26,Capsicum,Clay,6.751889605016693,27.006157193688445,67.96748207910926,13.588139146748569,10.092415884055143,17.238027766305233,194.12195287456575,0.8756212485119094,5.166165366220266
2023-03-27,Capsicum,Sandy,5.944433815850292,22.003890374393205,66.05058887970107,6.265444587134081,18.08157049024213,19.054686921374156,184.9517666192678,0.8849956805459126,5.221474515220884
2023-03-28,Capsicum,Loamy,6.322408461074133,27.182171357320634,65.5816586356663,10.656448823847883,11.761944061642476,17.955802497943267,184.3668375419441,0.3254020626733925,1.919872169773016
2023-03-29,Capsicum,Sandy,6.711636537163022,22.89546659925319,69.85058443209216,6.420616094430622,16.06216642220766,15.838332726254226,151.2284743050213,0.4531192728642844,2.6734037098992784
2023-03-30,Capsicum,Sandy,5.633262646387883,26.419145039110983,65.10990907404812,12.047958361321866,13.369219130767455,16.71303513093516,178.9438398815455,0.1503823263893064,0.8872557256969081
2023-03-31,Capsicum,Loamy,6.718397033407387,25.526252438727973,69.01348702668011,14.050781277944813,15.854859383150355,19.901917892516718,117.9353359264552,0.7986730460836798,4.712170971893712
2023-04-01,Capsicum,Loamy,6.394251438991057,28.4331577376935,68.94017574787512,9.346076538672534,13.15653626982324,10.906620885093384,157.32229575562437,0.5548577225121714,3.2736605628218114
2023-04-02,Capsicum,Clay,5.588188176836724,24.09858014380251,66.48607056922548,9.880922602649758,10.869395606922541,16.672448286332397,198.38459228475458,0.4080805431524136,2.4076752045992404
2023-04-03,Capsicum,Clay,5.891252637030861,21.529321510675523,65.67813308003657,14.274228364827623,12.229500085577536,12.833976945705938,129.09584305179618,0.1902164467913224,1.1222770360688026
2023-04-04,Capsicum,Loamy,6.420623715238866,21.153243884410024,65.72814323352712,10.20991388649357,11.880585664790756,16.4009039658617,179.43523292476752,0.8574138283975113,5.058741587545318
2023-04-05,Capsicum,Loamy,5.587555781909403,27.614868487782026,68.48715808618596,9.87598438049561,14.280193524396438,16.07623575883939,149.04784072080673,0.524175238256795,3.0926339057150907
2023-04-06,Capsicum,Clay,6.2568215982291555,25.197885101291458,68.21403295543087,10.783291027043042,16.582837834261575,11.53456832108162,103.98056832220874,0.3263423432663231,1.9254198252713064
2023-04-07,Capsicum,Sandy,5.949647974038844,27.201952414679596,68.91372837125694,11.89229736362952,12.638060749463575,12.067466457402391,176.30193978156674,0.3801721041052076,2.243015414220725
2023-04-08,Capsicum,Loamy,6.3071901730977205,22.875404800092117,69.68740586199553,6.068833750870314,10.120699353006179,16.216295780432134,116.85691443921128,0.3165577447377181,1.867690693952537
2023-04-09,Capsicum,Clay,5.559464643956266,23.76066996410587,68.45963681633296,13.21110527741516,15.189373642647569,11.28229947303774,163.14735671327503,0.5814478470855845,3.4305422978049487
2023-04-10,Capsicum,Sandy,6.632997847998089,21.24083097769055,65.77925768275722,9.355050274532593,16.05759489358972,12.651808751303228,108.56641940469729,0.843970860624408,4.979428077684007
2023-04-11,Capsicum,Loamy,6.765535659930616,28.691938596592898,66.21721308382705,5.723485098974855,19.628704940018096,18.352455477380026,194.68673974959648,0.7853550426612516,4.633594751701384
2023-04-12,Capsicum,Sandy,6.759541211871399,26.342943253606506,69.21096865436557,12.861826691982133,15.894708030932469,13.270915060016385,129.17238871803607,0.468304700340782,2.762997732010614
2023-04-13,Capsicum,Clay,6.474547381265802,28.46564070207445,66.04653037917105,8.769499716862722,14.711725593781418,14.88060156269663,122.6464691677395,0.7611994898408063,4.491076990060757
2023-04-14,Capsicum,Loamy,5.669112112169821,23.12397125943258,65.36261158477241,6.00367495095054,15.73401625897704,19.411403351458404,112.91364040663343,0.4384843850210639,2.5870578716242774
2023-04-15,Capsicum,Sandy,6.485742154707729,25.891708889805287,68.51640027021125,11.337790395432506,19.27900629862027,12.271490888369463,194.60021933390476,0.3018457126069104,1.7808897043807714
2023-04-16,Capsicum,Loamy,5.531962991396442,26.4279997463411,67.01263177745071,13.801313534336416,18.283781456016463,13.896260173580103,171.1903742441305,0.8867320922131423,5.23171934405754
2023-04-17,Capsicum,Sandy,5.528760616987697,23.540397602060708,69.60020026272952,13.877535094139864,13.229787333638079,16.064577755435458,174.16608887180888,0.3431100543766575,2.02434932082228
2023-04-18,Capsicum,Clay,5.920693284894403,27.78487388012504,68.25127535546831,14.576634748089733,12.372543636571372,17.55338929503972,149.94045613802444,0.3589793847895267,2.117978370258208
2023-04-19,Capsicum,Clay,6.135236147526065,28.577291703201983,65.4520948889583,13.67705459766688,12.626336123660735,19.016533867127052,147.47277852704835,0.8917542942292178,5.261350335952385
2023-04-20,Capsicum,Loamy,6.501529643150131,28.078840941568036,69.7392828362683,5.021409193454752,15.044210397152131,19.15472987573515,111.00212429914767,0.2071419945325239,1.2221377677418912
2023-04-21,Capsicum,Sandy,6.388283989588457,26.91253580751498,66.29278631820122,8.802411664133903,17.440494512285778,17.76640074372623,155.98410955839918,0.708427190407756,4.179720423405761
2023-04-22,Capsicum,Loamy,6.0796735182897725,23.21971743779963,66.68606245203142,13.18542579905503,15.03219207182962,12.283308365933104,124.69164951087905,0.8486502067861812,5.0070362200384695
2023-04-23,Capsicum,Loamy,5.855714666166166,23.252928336845052,67.0113020684177,8.662530059984743,10.677963958281126,10.248093300425658,197.7145332800406,0.5094359954203349,3.0056723729799764
2023-04-24,Capsicum,Sandy,6.796261850205024,28.706882563568303,65.25612148202157,11.015485063797062,17.23580700439981,13.837739303556237,179.65809400151474,0.102017409362256,0.6019027152373106
2023-04-25,Capsicum,Sandy,6.054035692906765,21.082275967485536,67.48257711115302,11.06316947374532,18.05970128670954,11.415488509878234,141.29920601928876,0.400047155290485,2.360278216213862
2023-04-26,Capsicum,Sandy,6.086803131628578,26.728399785937157,65.61659245537646,8.65025304038823,12.894978651197196,17.10387647438298,115.13412586915331,0.1892551939078617,1.116605644056384
2023-04-27,Capsicum,Clay,5.71271096754917,26.6499693004421,67.00485163344176,14.044739272812876,16.641257392833502,16.61130586825717,178.5331691138784,0.4329501287469566,2.554405759607044
2023-04-28,Capsicum,Loamy,6.533252413374909,25.981516327598378,66.75354893996042,10.032283453861176,14.265919010543934,10.439716416214548,112.2053767081316,0.7320214093138278,4.318926314951584
2023-04-29,Capsicum,Loamy,6.401786893515935,28.920870768694925,68.86420041713252,9.647842059375009,18.891193557274427,18.365937791309513,118.93337534970705,0.4509692391070404,2.660718510731539
2023-04-30,Capsicum,Clay,5.787000496625389,23.495035486109803,69.01585255816366,14.97513745661896,18.452255581607396,12.487432662911822,121.15205177442274,0.445540097076738,2.628686572752754
2023-05-01,Capsicum,Sandy,5.607095359300596,23.719774910345986,65.76706441194544,9.935003640726164,15.254319983096423,14.322270754910422,155.68906382730944,0.5454315815350773,3.2180463310569563
2023-05-02,Capsicum,Clay,6.384649092697127,21.631515223572443,66.83275593689613,6.783982519285811,16.915055458135946,16.679337354557425,178.70566539903663,0.5653524677981442,3.3355795600090508
2023-05-03,Capsicum,Clay,6.350864578565476,24.5423850923499,66.86676580515916,10.13069422863438,18.833497010221038,14.294187868522533,131.43148787246923,0.7850370470391771,4.631718577531145
2023-05-04,Capsicum,Clay,5.855237385097672,23.088388209878786,65.75705221968043,13.1401673551993,14.957170100782754,14.412878027999433,108.46698142752894,0.3466843513831612,2.0454376731606514
2023-05-05,Capsicum,Loamy,6.736122630925533,23.747093617421154,68.99226752525595,12.768603268982815,13.13250740488822,10.656279953357403,146.45384635244193,0.7573370114944128,4.468288367817036
2023-05-06,Capsicum,Clay,5.69637525931517,27.67657432204502,68.53614164167712,12.885817651084713,17.53666137909581,14.014435492600038,174.81102411599355,0.5527469989536379,3.261207293826464
2023-05-07,Capsicum,Loamy,6.062035241355383,28.483876108219967,65.95190893148518,12.080237839979118,12.200662547846918,17.648478932199836,122.16638430873883,0.3404236397737176,2.008499474664934
2023-05-08,Capsicum,Loamy,6.726700696217878,22.485864576041486,66.833609542969,7.542178290666882,13.88531148006042,19.151763371865975,121.99245480393742,0.3361008352048616,1.982994927708684
2023-05-09,Capsicum,Loamy,6.045645512003959,23.980071452427726,65.52902512428257,13.620840858402314,18.657272371067936,14.134971370633718,194.7227027346711,0.3889100136845796,2.29456908073902
2023-05-10,Capsicum,Sandy,6.330083731963311,28.429044496923154,68.14103298546522,13.93443465376265,17.24422340269315,14.235858268790789,195.41537271191777,0.5981545940959804,3.5291121051662846
2023-05-11,Capsicum,Loamy,6.0168727173516325,21.494467685513783,65.6068596227431,6.94152696618549,14.038110052474993,17.02627106323652,199.04657320615763,0.2846493850879593,1.6794313720189602
2023-05-12,Capsicum,Loamy,5.856479763053271,21.738884224891027,69.92967084312458,6.304556365513939,12.147445024083574,19.427720011052767,180.765960157478,0.8362668493378139,4.933974411093103
2023-05-13,Capsicum,Sandy,6.779170942347776,22.302327913649833,68.90341037343931,14.75604968589112,13.559683908322366,12.670609402393602,118.81841691679455,0.5599300673423203,3.30358739731969
2023-05-14,Capsicum,Loamy,6.0321342082095555,25.761702673014998,66.95119274791998,13.68323963650368,12.84104149227433,14.401442065379369,121.19815207992613,0.8360126215968054,4.9324744674211525
2023-05-15,Capsicum,Clay,6.6623289647828745,22.20377816804798,67.89281966139677,13.932361472099467,11.76089287943854,17.959732435523012,134.0225241522392,0.1371234868633237,0.8090285724936103
2023-05-16,Capsicum,Clay,5.798940987658412,28.74461105160587,69.55670908108205,13.863763846243952,17.433329135656567,16.096935693740384,131.8132531333491,0.3740890963691787,2.2071256685781546
2023-05-17,Capsicum,Loamy,5.777036115232608,24.573716218068164,67.77049640197913,10.416868240337283,12.520698868501714,11.105863439639547,195.6527749078009,0.1182461285500984,0.697652158445581
2023-05-18,Capsicum,Sandy,5.540474307749864,25.01214368280133,65.87249243198977,11.464017366657997,14.541674701677639,16.277327355622656,178.90739828816936,0.3178014520783758,1.8750285672624176
2023-05-19,Capsicum,Clay,6.347166872988651,22.973268926443254,66.8935167779058,10.453628521336416,13.85859446836109,11.867462845973268,172.40087921615537,0.7896051778148706,4.658670549107737
2023-05-20,Capsicum,Sandy,5.979084246840889,24.767682019477867,69.21572432514873,5.512063491903291,19.82077378635631,15.102159340784041,118.59632240581318,0.1292877726737606,0.762797858775188
2023-05-21,Capsicum,Sandy,6.623665724791528,26.29530906109609,68.22106507994809,12.455030853527727,13.910922441482205,15.291032676604384,190.95255593623295,0.4489176799325959,2.648614311602316
2023-05-22,Capsicum,Clay,6.115172878699024,27.009417095632344,68.25362192166901,10.053320333358805,10.799824827967548,18.76203362224985,182.7870379506174,0.1940536563785822,1.1449165726336352
2023-05-23,Capsicum,Sandy,6.758651456289138,27.030944661679303,69.33410742844245,11.4770907479023,10.89825752572084,14.624942740124382,116.36418413279237,0.4334725274082942,2.557487911708936
2023-05-24,Capsicum,Clay,5.7411831704140575,25.623128901552708,69.46986528731253,10.026398049755354,15.907537213530649,12.794424222358941,187.11703319609725,0.7710812674115018,4.549379477727861
2023-05-25,Capsicum,Sandy,6.629210118342294,28.234878199950856,69.59896285889718,9.91811322322456,15.993635517382657,12.309663482160316,127.22475363704713,0.5984568267220153,3.5308952776598903
2023-05-26,Capsicum,Clay,6.509575908629264,27.539262778448876,65.47424596626578,6.717891094777668,14.187589904826549,18.74251876684336,108.0869745832106,0.6894050762651386,4.067489949964318
2023-05-27,Capsicum,Loamy,6.502198398037267,27.056384917589003,67.72063000981551,7.787137151411489,14.318436923120297,11.710108544182283,165.682230651421,0.3792832923596648,2.237771424922023
2023-05-28,Capsicum,Clay,6.5982181965519535,21.444844173443684,68.7025476060916,6.588526919439558,10.539325828408712,14.258685608831438,165.38046593843308,0.8555181560081132,5.047557120447868
2023-05-29,Capsicum,Clay,6.489331188225899,21.055023697757193,68.78463422563507,6.956662956253425,15.165465103892622,11.87173114926947,109.49320095656181,0.6674096750236,3.937717082639241
2023-05-30,Capsicum,Clay,6.31408641812084,22.699578217563783,68.03358100985002,14.729773804203049,15.047394753803516,17.733040401143754,131.88518089365823,0.4374390554276247,2.580890427022986
2023-05-31,Capsicum,Clay,5.670618340987104,26.30818875130762,65.83393667591837,6.5311344577219845,11.495493185569446,14.74372639974619,199.28144622555385,0.4411718401816439,2.602913857071699
2023-06-01,Capsicum,Sandy,5.542284033338627,24.289579911060365,68.98710276970832,7.692704243052076,11.038393861109276,13.511436905568122,167.84266670087368,0.8349473423546381,4.926189319892365
2023-06-02,Capsicum,Loamy,6.6971022021603925,24.219250074394495,68.60055666757472,10.90589657738585,11.235724905994905,13.610996406264668,173.0075166603329,0.5611237547483134,3.3106301530150497
2023-06-03,Capsicum,Clay,6.30164540887696,28.07669510583691,65.43067885774518,11.101785762366418,11.010282464912585,18.522142067229794,121.29172856043057,0.6651033679224334,3.924109870742357
2023-06-04,Capsicum,Sandy,6.535498478269029,28.164502785054708,67.31904912337188,6.53974129743829,16.0970819553676,15.537739542944381,107.87820710039144,0.4336281796105367,2.5584062597021666
2023-06-05,Capsicum,Loamy,6.125979056966315,28.273402112428684,65.86988699760902,12.937174257852124,11.964826524029187,17.178678511312636,127.69016897409377,0.2789542118117712,1.6458298496894506
2023-06-06,Capsicum,Loamy,5.652500645651113,23.511024612120217,66.68738522856486,12.85202867912825,12.514301521874636,18.970385162506844,124.8898385193192,0.6788474335955349,4.005199858213656
2023-06-07,Capsicum,Loamy,5.6627415298633155,26.528446501914093,65.09040546102842,7.373177042038911,11.735721441514396,19.01741676040642,123.45441007480531,0.5862590177131103,3.458928204507351
2023-06-08,Capsicum,Loamy,6.3912348733976625,23.173065450194958,67.0016493420538,7.886663026754604,19.57835304448503,13.285090543378631,119.27543218870396,0.5010743043398235,2.9563383956049587
2023-06-09,Capsicum,Clay,6.059397663369301,22.524878664595597,67.74938460578105,14.37987865459497,18.546174631518355,19.524512631463853,157.47556906554044,0.5992167519955711,3.53537883677387
2023-06-10,Capsicum,Clay,5.7606821447104375,22.477059658778956,68.09791296413543,13.25671445979478,12.30494837351521,10.248758820146055,132.81034758418218,0.2666284688513869,1.5731079662231828
2023-06-11,Capsicum,Sandy,6.1390729107638675,23.73686096690875,68.31745172564355,11.977970330625238,13.27566293922126,13.768355610161656,182.03450150475305,0.7351509652255651,4.337390694830835
2023-06-12,Capsicum,Sandy,5.583471618197675,24.439660958238573,69.1814565655123,5.822332215106005,12.098928423049973,18.957988575088415,118.3947417847384,0.8585302440162447,5.065328439695844
2023-06-13,Capsicum,Sandy,6.256562822488719,27.647593368440546,66.07731453637865,9.182640809025758,14.918759594608238,12.74636879816983,146.46270708685444,0.8128825153341622,4.7960068404715575
2023-06-14,Capsicum,Loamy,5.849691425765627,21.959128747781698,65.60240911219233,10.59301872076827,10.196105324742536,12.730814503213184,101.365783642608,0.3571485962456137,2.107176717849121
2023-06-15,Capsicum,Loamy,6.536826830828344,26.879406779159154,69.25768585948963,6.874112879837769,16.713680088967955,13.026222850818886,148.16823224551922,0.4248046186256607,2.5063472498913986
2023-06-16,Capsicum,Clay,5.903470546600646,25.251639313514442,65.78306407446325,9.482265821082246,15.231581498176416,16.123133848469223,105.58382208764743,0.746721839838049,4.405658855044489
2023-06-17,Capsicum,Loamy,6.091786193806342,23.30356274140794,69.87380040668097,11.0102587748869,18.986389283011032,14.383327756143538,197.77235118726435,0.5760937046596831,3.3989528574921306
2023-06-18,Capsicum,Loamy,5.515106701880531,24.942556676262598,69.21269114699318,8.273766801153993,11.643926843284142,17.267348363533426,179.05921286504127,0.5383315549413193,3.1761561741537845
2023-06-19,Capsicum,Loamy,5.594180954132926,23.39953655821618,67.504383029448,12.809448189504872,18.041092460611317,18.949106425646658,149.01114766364554,0.8413135740267562,4.963750086757862
2023-06-20,Capsicum,Sandy,6.010241623328691,25.76865564190645,69.90710712461012,13.404495816388057,17.919610144667157,16.741993749428605,108.65873581793502,0.5288199687816406,3.12003781581168
2023-06-21,Capsicum,Sandy,6.123920485132261,24.470751382841954,65.48688364554002,8.236094694340707,11.27181189216887,12.044667201975756,159.24454407904142,0.511950943669848,3.020510567652103
2023-06-22,Capsicum,Clay,6.280026712555094,22.31524423263103,66.51532880587551,13.386571544924571,13.985592241441276,19.326819023605022,175.87637507018775,0.1336148730130877,0.7883277507772176
2023-06-23,Capsicum,Loamy,5.879161352322094,21.932664596445573,68.19112207520305,6.03576566103015,11.701526411445169,12.644928733474785,119.07172530047453,0.1555335668721101,0.9176480445454498
2023-06-24,Capsicum,Loamy,6.403476451964505,25.37356545657704,66.7500343423659,13.377290986226564,12.547205004575488,11.498942953281581,156.82083407874907,0.1059362463045201,0.6250238531966689
2023-06-25,Capsicum,Clay,6.618159116345966,28.219304266288827,69.64186275990396,6.527504316676166,12.632461748305444,10.899672788609609,181.4210898382868,0.830595380626907,4.900512745698752
2023-06-26,Capsicum,Loamy,6.513806285561355,23.751661492461484,65.32813044088908,5.82927152509726,15.562363940257727,15.633837406661655,176.82477776463162,0.4267093280141605,2.517585035283547
2023-06-27,Capsicum,Loamy,5.551504472952864,26.864000857780987,67.74705916030483,11.417754044410112,14.114109317604655,11.137624624806518,180.2992017867153,0.47484910090673,2.801609695349708
2023-06-28,Capsicum,Sandy,6.124659031435177,26.269290839518135,67.95433133697557,9.719373657552945,19.477328040063053,11.387758841126308,187.93234248697198,0.7763095580739696,4.580226392636421
2023-06-29,Capsicum,Clay,5.636409231943627,28.452439314475846,68.26364061888611,14.078906004128328,11.26370141947005,13.000304805954967,193.76821021594702,0.5873970483006223,3.465642584973672
2023-06-30,Capsicum,Clay,5.814658520621285,27.567848138393128,66.27833111665907,8.631891960908492,19.736921348501987,12.816530096844637,140.5521155203536,0.5876012771124649,3.4668475349635437
2023-07-01,Capsicum,Clay,6.78266137124729,25.532842071243703,66.82283213759932,7.871522634376287,12.306386402142639,16.042395103321425,156.87691025228773,0.33722754348385,1.989642506554715
2023-07-02,Capsicum,Clay,5.685244205771967,26.256243985872857,69.21840264832488,10.007349061441984,17.72873936381853,18.167452794726813,179.0659526045611,0.7671266991396154,4.526047524923731
2023-07-03,Capsicum,Sandy,6.148554599486763,28.18709173267228,65.9747138448508,9.559461857686614,13.389699261728214,17.613496562028924,169.7139813945783,0.232663980831595,1.3727174869064107
2023-07-04,Capsicum,Sandy,6.3036024546135545,24.196150276695477,69.1343392358668,8.444280462171882,11.43081395417314,12.624844547164766,199.55202282643788,0.1425196737383583,0.8408660750563142
2023-07-05,Capsicum,Loamy,6.413204461707335,23.614357646862217,67.81327711451371,11.937412986983286,18.578891852462398,12.453104979859798,101.36776511046442,0.2532826860148258,1.4943678474874726
2023-07-06,Capsicum,Loamy,6.227543288532988,21.08648866908157,68.81093755597041,12.595618339139085,13.088608992364632,19.65791530106968,135.51332153157907,0.3141897750196517,1.8537196726159453
2023-07-07,Capsicum,Loamy,5.512702101644939,27.612408593531715,68.56803683131736,13.529839690301364,16.58855404226842,10.0823624159196,128.10279262702025,0.3258488462833654,1.922508193071856
2023-07-08,Capsicum,Loamy,5.924399700717189,27.407845603226917,66.03755747692439,14.728566047103428,15.664436850866267,18.797205330602157,126.23158501655345,0.636410878895014,3.754824185480583
2023-07-09,Capsicum,Sandy,6.173025136400125,21.83563614480121,67.84406368216936,7.666561921325044,14.717563093908744,11.99728519122405,122.25297824988857,0.2742596698629148,1.6181320521911975
2023-07-10,Capsicum,Clay,5.614226448888283,25.6148590490616,69.33861576402546,12.160934824899616,14.958194726485392,19.47284323089768,170.9123840815229,0.6413266435959877,3.7838271972163273
2023-07-11,Capsicum,Sandy,5.955815010571935,24.7118535853351,67.16058118400964,8.942582354957452,17.322379140922877,13.423072848275197,108.47594732753218,0.1729057385870397,1.0201438576635349
2023-07-12,Capsicum,Loamy,5.543164041428777,21.949672764072893,69.83295385111659,11.77081971951108,10.877729141234406,14.403517738932523,174.16088339433384,0.2177619688783272,1.2847956163821306
2023-07-13,Capsicum,Sandy,5.602152046301527,28.844545816485788,67.2610755005086,9.759816903492204,16.68180661957905,17.07120613944381,169.34258420162735,0.507057158792796,2.9916372368774966
2023-07-14,Capsicum,Clay,6.016000259062075,22.717567099706844,65.71392818333942,14.937731027679316,18.95812101398579,15.876690514732603,125.08041325008963,0.8375166420613142,4.941348188161753
2023-07-15,Capsicum,Clay,5.672530480255978,21.53787344072449,66.94717340038837,12.2890213579075,10.577881970198641,13.179393297068227,125.28337831651612,0.7876540710488912,4.647159019188458
2023-07-16,Capsicum,Sandy,6.237803102740026,25.758779036015277,69.75851203195269,14.524913004343246,11.406533392336668,15.538309158678235,162.88605853445023,0.8750027539542425,5.162516248330031
2023-07-17,Capsicum,Sandy,6.396304459878445,26.91093341706426,66.59860424669927,13.349695494811858,17.166319367020314,17.307068843628862,176.21711054836777,0.6203832522225368,3.660261188112967
2023-07-18,Capsicum,Sandy,6.540762708841807,21.259547568377496,69.34049079933531,14.02901011163371,14.372816482446176,10.423349459024921,187.64856130873653,0.6406518931328736,3.7798461694839545
2023-07-19,Capsicum,Loamy,5.760195317518253,26.269741109816177,69.40625340840946,13.14419197214675,14.035486208136884,10.111993052557041,185.21395638544757,0.6000183991451936,3.5401085549566425
2023-07-20,Capsicum,Sandy,5.71772735693679,25.258335007611635,66.7509326216598,9.591591303759111,11.369666345442358,14.580669390728913,196.4882994163853,0.5982551382865579,3.529705315890692
2023-07-21,Capsicum,Sandy,5.63593819243472,21.82612007100039,65.41628829025316,7.517884533468844,15.067700407177881,11.318366178035141,158.13848953365112,0.2176962760540677,1.2844080287189996
2023-07-22,Capsicum,Sandy,6.327359324406728,22.380191015570897,68.62278954579409,8.703201754505223,11.265453111963772,16.643442914647146,190.86555613403596,0.534991164931143,3.1564478730937435
2023-07-23,Capsicum,Clay,6.418418444432971,25.543794378528645,66.55756149506993,5.202362326399505,14.766204563105404,12.140524562274342,180.8513273260411,0.4088543467613806,2.412240645892146
2023-07-24,Capsicum,Clay,5.541061988273334,23.37086090810631,68.91461807128786,10.239931674646671,17.63615298961657,14.32851106795671,189.46676243140138,0.4540297726218347,2.678775658468825
2023-07-25,Capsicum,Loamy,6.717075920116796,28.506525829210528,67.21327424130216,10.050578002704087,12.582643578871636,11.97670936874269,101.16266012853666,0.51888045844739,3.061394704839601
2023-07-26,Capsicum,Loamy,5.567562668746914,27.549921835872407,67.42633371171311,10.252504648304882,14.807861681797274,15.484835857491245,196.5902991865811,0.2027169374418013,1.1960299309066278
2023-07-27,Capsicum,Clay,6.203685235891392,28.868537652109303,68.88954703374269,14.740312249720638,19.92015969396836,11.16053459384569,147.35301628464782,0.3875901870816959,2.2867821037820057
2023-07-28,Capsicum,Clay,6.421778675286191,23.07736671160331,66.91181665530814,14.114540034548392,16.866504233540372,10.231068527874802,179.81829895748427,0.1507596487012829,0.8894819273375691
2023-07-29,Capsicum,Clay,6.632259860869911,28.757789062383814,67.21563672661458,6.61712778330108,18.413567713051986,10.511316381066973,112.72041193377808,0.8837345043379193,5.214033575593724
2023-07-30,Capsicum,Sandy,6.428313011772156,24.44987095833246,66.88095234384811,8.688825215558893,14.148476065605458,19.5425844151531,139.5941095813974,0.1948224230561009,1.1494522960309954
2023-07-31,Capsicum,Sandy,6.542246507990729,23.780150362510035,66.8367025763864,9.23956179463262,17.678609231258555,11.422862186109358,127.14606630209909,0.3068197908359636,1.8102367659321852
2023-08-01,Capsicum,Clay,5.941285250305648,21.402796215754826,67.62973288450729,8.605329178516477,10.405091729413218,17.084782531368354,129.1658770500937,0.8130343413627178,4.796902614040035
2023-08-02,Capsicum,Sandy,6.559272647870466,21.42212206287682,69.04399722250575,12.98495963603913,11.22911182542245,10.679262042228263,112.32556199508818,0.4861680369913135,2.8683914182487498
2023-08-03,Capsicum,Sandy,5.604149300300078,26.53609004757324,66.80884155961283,10.24037669867587,12.030705929200622,11.081603522351822,180.5763832543007,0.2085097612165042,1.230207591177375
2023-08-04,Capsicum,Loamy,6.663261652878686,24.663431955472223,67.62127360268869,10.72099816971625,14.019519246152196,15.088762514093347,100.92423145810781,0.4073844304314792,2.403568139545728
2023-08-05,Capsicum,Clay,6.2118700889998575,22.812173008288845,68.353636627213,13.530135589879254,18.457448783257632,14.648709301543438,131.25054569852026,0.1926943953531086,1.1368969325833411
2023-08-06,Capsicum,Clay,6.562487100951242,25.911762450601863,66.34719723151828,13.059281534153586,13.462660507879304,19.515803094398695,117.4410543216415,0.2601727976676014,1.5350195062388483
2023-08-07,Capsicum,Sandy,6.08801376987379,23.02286494600089,66.38761402451196,6.322115228202997,16.54621193515463,19.448354530207375,158.90389406083403,0.141623877559876,0.8355808776032687
2023-08-08,Capsicum,Clay,6.336651003755482,25.62105403475538,69.66706563511727,12.139145840836342,17.093142948034835,17.79608642542465,125.42524026145438,0.4505819956392799,2.658433774271752
2023-08-09,Capsicum,Loamy,6.184323459216947,23.873669975861525,68.61767286665544,9.354361289020355,15.861823540883414,16.021018301273497,125.89984545280997,0.7453088973802079,4.397322494543227
2023-08-10,Capsicum,Loamy,6.451066378281931,27.58841781289455,67.88593338111654,7.9464890306250044,13.572419681701362,14.54960317393011,148.8338143995319,0.5687753429599164,3.355774523463507
2023-08-11,Capsicum,Loamy,5.606118976639767,27.565569286134235,68.23860027210306,5.500188209021864,15.770533417135443,13.56178534328421,165.26890393409258,0.5850762443876895,3.451949841887368
2023-08-12,Capsicum,Clay,5.578457709187733,24.81880318497921,65.14649721551709,9.87249560345451,13.422655927897463,19.470875469755555,112.13047045651636,0.2604672240665923,1.5367566219928943
2023-08-13,Capsicum,Clay,5.82123420421319,23.806552874680126,68.09051482780849,8.554366807245314,10.83873738552012,16.029088114246854,117.55114524654962,0.3751150746018932,2.21317894015117
2023-08-14,Capsicum,Clay,5.707408084147144,23.900478372472755,67.547544366121,7.515130396764008,19.928039781860143,15.790725276859945,124.71747445945176,0.7761936830726656,4.579542730128727
2023-08-15,Capsicum,Clay,6.633318636569862,27.445716205345743,67.72874839889718,11.946717295969576,11.27182453632511,12.319011217689148,197.37482141179606,0.1702849474612116,1.0046811900211488
2023-08-16,Capsicum,Clay,5.784978183565458,23.625435862380897,66.79711913415409,12.694853873155871,10.723483838360574,10.46697817885113,139.71524999429204,0.786344522934827,4.63943268531548
2023-08-17,Capsicum,Loamy,6.76862483256487,22.672474989654766,65.40736948856471,7.447895190294248,18.78530749207156,19.451885797595445,159.89900906310265,0.4869520210118285,2.8730169239697885
2023-08-18,Capsicum,Sandy,5.937964529302439,21.677506735002453,65.96669616806027,5.494474366793472,13.018346608928951,13.13735258844654,124.1542812715978,0.7697179450600938,4.5413358758545534
2023-08-19,Capsicum,Loamy,5.736753290395309,24.733544967075268,69.75372356606336,13.48752700565235,16.502969740735075,14.425890233244587,149.0459525157488,0.3544051355155203,2.09099029954157
2023-08-20,Capsicum,Clay,6.5266080592852225,24.857056791358737,67.04349781135467,5.099597412043034,13.29005729662233,11.146399435857068,107.41191743859581,0.3710743612664167,2.1893387314718584
2023-08-21,Capsicum,Loamy,6.356320108151139,27.727269683223255,67.33341577915432,14.37112493921472,13.914542707944712,18.369243299092922,103.4742145922327,0.7012838946585143,4.137574978485234
2023-08-22,Capsicum,Clay,6.14765443138908,22.769909571568512,65.26354894926719,11.27619873982706,12.621129720167964,10.276318328559306,146.87335268214602,0.7279969387137761,4.29518193841128
2023-08-23,Capsicum,Clay,6.22197261621892,24.0479301893472,65.1878311477199,8.218466352013202,13.430440057930102,18.339907620990964,139.8659287518412,0.2837157423921174,1.6739228801134929
2023-08-24,Capsicum,Loamy,6.434962311753943,27.467245911149526,68.58590723523379,7.464779095767362,14.10700400586543,11.402850127879669,113.68803196918277,0.8782970598575245,5.181952653159395
2023-08-25,Capsicum,Clay,5.796991163730688,27.58898888599179,67.69047332060556,5.090056642644752,17.20416069092343,18.865641126311523,168.76014289207336,0.1675920833958631,0.9887932920355929
2023-08-26,Capsicum,Sandy,6.795234090873764,24.076888607830146,67.54352992108133,7.354714170108771,15.115361942347917,17.297726373361574,199.29034908992645,0.1548023704817047,0.913333985842058
2023-08-27,Capsicum,Clay,6.767231110790818,24.67299218629345,66.21562265211334,6.377283015171411,19.43565217156977,11.64670262507305,139.56468211967126,0.5764033722288823,3.400779896150405
2023-08-28,Capsicum,Sandy,6.345423392251018,23.426287126794264,68.7237536581496,11.121662207231456,10.418803938387756,15.65817992859468,162.45586359173944,0.6781926142172972,4.001336423882053
2023-08-29,Capsicum,Sandy,5.759405186207888,28.460439027354496,65.84118289554246,6.665455885938013,15.030683226320281,13.126563143552195,196.29759423644856,0.8687089033799791,5.125382529941877
2023-08-30,Capsicum,Clay,6.384296715160678,21.949150125932643,65.9496737183051,10.286298375366194,15.842247888317182,11.782330989115835,183.15349724468751,0.4239566246390892,2.5013440853706266
2023-08-31,Capsicum,Loamy,5.593857931672929,28.46999538401176,67.30356085674137,10.901164223444708,19.20196986074274,18.591821994111086,146.3552223302686,0.1202331271917065,0.7093754504310683
2023-09-01,Capsicum,Sandy,5.5398482528675475,26.470931614682748,66.4313993105597,7.980416983469145,10.491585236214275,14.035227665072295,173.74894844599194,0.5823170715571256,3.4356707221870413
2023-09-02,Capsicum,Loamy,5.834987755064578,25.25257722149385,66.23731490616574,5.350649490187188,15.73499584935216,13.985437143653826,112.8135040250524,0.3317568164790175,1.9573652172262035
2023-09-03,Capsicum,Sandy,6.101409843761111,21.261272486275967,68.22618822276665,5.372538806141961,18.53629928527957,11.6988667480662,151.21038554637994,0.4463576969563217,2.6335104120422987
2023-09-04,Capsicum,Clay,6.628754257030895,24.804769534576067,68.25485872609272,5.263473321939176,12.419277281192365,13.830656760857787,127.90602771799365,0.4907755857999482,2.8955759562196945
2023-09-05,Capsicum,Clay,6.4453197906962005,24.26198484002186,69.12258534899965,12.391246671365462,18.762923485239376,18.716168463288504,116.1163687896161,0.151610088590427,0.8944995226835197
2023-09-06,Capsicum,Sandy,6.465518477559975,22.28975049580098,67.08854283486488,8.180097048142981,10.190434092742919,13.631287104896359,142.6280906254535,0.4887854276512823,2.883834023142566
2023-09-07,Capsicum,Clay,6.053141334782498,26.251276828005256,65.36542545513075,12.963001859676636,17.3245462913373,19.51603562499788,113.10145544336144,0.4410557334434518,2.602228827316366
2023-09-08,Capsicum,Sandy,5.949715490311052,28.769207258946288,66.36833192460729,9.317328238428493,19.33113221168653,19.463088992083875,169.89851081744854,0.6700354122292745,3.95320893215272
2023-09-09,Capsicum,Clay,5.982350391879984,25.497510488516202,69.90002731598409,9.52998100829964,16.571976616400622,11.44898659307346,145.62400440533355,0.6165327289698757,3.6375431009222665
2023-09-10,Capsicum,Loamy,6.783944432856875,26.718026211551567,67.98129287616351,10.128826025095735,14.39029243980448,11.77311253522645,153.11446325646637,0.2481725745204488,1.464218189670648
2023-09-11,Capsicum,Clay,5.552141948836227,21.547603620528136,68.5486854240051,12.13031456375104,10.448810164727181,18.62674070331889,114.6375938668157,0.2649111345683176,1.562975693953074
2023-09-12,Capsicum,Loamy,6.627140944959183,24.341335966535958,65.03678914812707,7.735028658297071,19.201138133226287,13.927609189247192,113.97716610934944,0.3008049430194986,1.774749163815042
2023-09-13,Capsicum,Clay,6.252278031144112,21.93086788131597,67.5910286609126,6.215873495335269,14.702962226915748,10.043739822830094,158.3415435260124,0.2431603522377418,1.434646078202677
2023-09-14,Capsicum,Loamy,6.070200044946468,25.902366684292083,65.18764328765901,10.560573351914616,10.28996744335948,12.73871819705371,198.50097478294464,0.6257705597347737,3.692046302435165
2023-09-15,Capsicum,Clay,6.442834958539677,28.507857265713238,67.84615106045725,8.269776232427393,16.898210713287618,15.976289931955598,109.62505832377256,0.8955441433602165,5.283710445825277
2023-09-16,Capsicum,Loamy,6.132669623852114,26.29422185977311,69.60385424818038,9.424913136680374,14.818372535762581,17.99265965959968,128.57314285657813,0.6216866724127492,3.667951367235221
2023-09-17,Capsicum,Sandy,6.635450209506159,21.614424386515374,69.84209565250204,11.469467083373054,11.243453174424108,11.333886170932596,186.94591165378876,0.585345236953033,3.453536898022895
2023-09-18,Capsicum,Sandy,6.670912423214636,23.837329639880664,67.70276337694462,9.941257411412709,12.142718093102596,11.105413644167353,107.2272012255237,0.4279423466808579,2.524859845417062
2023-09-19,Capsicum,Loamy,6.048237204935492,25.40530703552681,67.29102402626108,11.202788171008429,10.644906804558463,19.220926535723315,187.58857213669512,0.3500642070878086,2.065378821818071
2023-09-20,Capsicum,Clay,5.859876136405567,24.225662049066017,69.72508547124247,10.44200002113628,15.742935397085736,17.511483678225826,152.4285983374751,0.8288590055251833,4.890268132598582
2023-09-21,Capsicum,Loamy,6.27005542717137,27.66915208380138,68.36804915998347,12.397963719360993,16.220294792520093,15.897796007780784,140.82667739264258,0.8752014993137224,5.163688845950962
2023-09-22,Capsicum,Clay,6.686072349301698,27.517368037679915,65.32449639769204,12.0593661771162,15.057422983554444,17.69186789995928,130.96805643514557,0.4974209404701822,2.9347835487740754
2023-09-23,Capsicum,Sandy,5.773860845707366,25.89464816082577,67.3286278883375,10.341898918086192,18.17102133002615,14.288543613066384,129.71171581278418,0.332160396405246,1.9597463387909515
2023-09-24,Capsicum,Clay,6.309856558632528,23.98766356106164,66.20122509232152,11.789030208597069,18.610088213080136,17.584557473091266,130.58025824494788,0.7160977661358142,4.224976820201304
2023-09-25,Capsicum,Sandy,6.321028286120277,23.042690990105953,67.3490216072434,13.735596022726128,16.156243966831266,13.718029912745358,188.4803080960196,0.2059654326935027,1.2151960528916663
2023-09-26,Capsicum,Clay,6.453046929139865,21.846994545705034,67.2773278600318,9.322712877881685,10.127564797074305,12.440945724926024,172.37952301747856,0.7124705901149453,4.203576481678177
2023-09-27,Capsicum,Clay,5.671037990665438,23.83918146789243,67.91072401407371,9.127630727487936,16.952296557477357,17.290134212929686,166.97230078311506,0.755158699449071,4.455436326749519
2023-09-28,Capsicum,Clay,6.430572454086715,24.305380137661757,66.78385245174626,12.6424562085238,14.179992169203516,14.196722921572682,179.87491489520008,0.1999231557017339,1.17954661864023
2023-09-29,Capsicum,Loamy,6.681742276865333,26.406583400832588,65.82135224727963,10.82553837041994,15.65557483226387,19.813771043261948,125.7114663004145,0.881489175037251,5.200786132719781
2023-09-30,Capsicum,Loamy,5.7335880415313145,26.26527859438059,67.51859717294978,5.710067802225885,16.490806020188842,13.49485182308101,161.80428120817558,0.8884098323107827,5.241618010633618
2023-10-01,Capsicum,Sandy,5.808806322401041,21.560865117130056,69.1510144217288,13.921120156910812,13.502366143270768,19.21727420531066,146.0066238957951,0.849375583461881,5.011315942425099
2023-10-02,Capsicum,Sandy,6.762813622254131,24.162074523449263,68.32006114033801,5.307831022376401,19.170985051717942,19.329625485670796,178.24416352001936,0.4968278475250115,2.9312843003975684
2023-10-03,Capsicum,Loamy,5.735270038522336,22.454230937738895,66.69183932962608,12.483963562097433,11.339748667497812,12.418529470647462,130.92561104732854,0.2968593138214628,1.7514699515466303
2023-10-04,Capsicum,Sandy,6.6107006213804524,22.254501642534446,69.67761511379429,12.587941427043129,16.715118072810373,17.982211815880135,164.31786168698957,0.5656074247055304,3.3370838057626293
2023-10-05,Capsicum,Loamy,6.1399612133824455,27.61841719789797,69.56103785624592,14.531110852819303,10.043595799565804,14.330745051445652,188.22124118173133,0.4359470707771485,2.572087717585177
2023-10-06,Capsicum,Clay,5.82140039672413,21.335321733730062,66.04674199692049,5.541344084023208,19.24651105405181,19.17524727230348,140.21504761949288,0.2647589157737576,1.5620776030651702
2023-10-07,Capsicum,Sandy,6.631974871654265,24.35346300721697,65.19708792560182,10.96856860784491,11.125041332380915,14.501242726352388,106.66220873674615,0.438941127694278,2.589752653396241
2023-10-08,Capsicum,Sandy,6.0788968315034655,22.345629246132145,68.70654354175382,9.27840570627053,10.948842301475747,17.44303717337366,151.6050822341793,0.6311118685420725,3.723560024398228
2023-10-09,Capsicum,Loamy,6.1692625601085975,28.034641725427793,69.13805130674577,8.306329548595421,13.330076330522441,14.66967409163798,134.59724878070259,0.1567306486287928,0.9247108269098778
2023-10-10,Capsicum,Sandy,5.967003380219696,25.45632410620028,69.83932282975678,5.90318560299073,13.735662860390807,12.27800755712856,167.2225380547175,0.3667344011568132,2.163732966825198
2023-10-11,Capsicum,Sandy,6.2708361068654055,22.851045091014782,69.44918197044156,10.626541196713092,12.143000723228786,11.993501289446863,195.1032924748606,0.1142359120102601,0.673991880860535
2023-10-12,Capsicum,Clay,5.71258103436053,25.01941829733101,68.00267384103208,9.790407256746136,15.851216609271248,14.254311942563456,148.5608317996847,0.6995964043693406,4.127618785779109
2023-10-13,Capsicum,Sandy,6.008405997647289,26.851890877624925,67.6502616960619,6.045544581510242,14.429140980419636,17.55494657014215,146.61902301555338,0.6125530140933606,3.614062783150828
2023-10-14,Capsicum,Clay,6.760236019035874,28.66494407135547,65.13920525631293,11.124895070970831,10.341755890410875,16.05071485180767,165.458480019146,0.1501377077615727,0.885812475793279
2023-10-15,Capsicum,Loamy,5.835573462511466,22.763568033963352,66.23328223422389,12.379531202529384,13.196520622553006,16.886292899005433,110.34975035935676,0.8717900476815743,5.143561281321289
2023-10-16,Capsicum,Sandy,6.3537576639036795,28.08945417703476,67.29807375866463,12.672783010536484,18.104329135731703,12.823263507319425,125.35061889250147,0.1180972457016805,0.6967737496399153
2023-10-17,Capsicum,Clay,5.922747083492103,28.47443291333992,68.14251950041783,14.053731882624271,16.897015348618687,14.814353459576054,191.89793255003985,0.5719685171808709,3.374614251367139
2023-10-18,Capsicum,Loamy,6.505515063392581,28.33136435625653,67.78625916659206,9.094707418887772,17.248708535798805,10.44395264969327,166.9942613363766,0.7210939694392446,4.254454419691544
2023-10-19,Capsicum,Sandy,5.670135758933855,26.083314854895278,68.71317994840845,14.53072768622137,16.981169240835236,18.17532415958121,101.34440439834162,0.7303170504357784,4.308870597571093
2023-10-20,Capsicum,Loamy,6.7607673586021075,26.038565235477662,66.3988346544352,13.65429405082686,13.109730213830332,19.898921622398746,120.46254725590198,0.127428108474563,0.751825839999922
2023-10-21,Capsicum,Sandy,6.089926403798731,24.225685065470582,67.82476303826236,7.96501571023939,10.996639220767758,14.06879062624671,168.28372660288989,0.8251321061123514,4.868279426062874
2023-10-22,Capsicum,Loamy,5.8068656023504035,27.019183058430304,65.44071121695396,6.592830373494585,12.72467184033096,10.109636531315434,176.43992025625744,0.8347613375416978,4.925091891496018
2023-10-23,Capsicum,Loamy,5.595545771529016,25.250352146807455,67.06832761791604,9.353893961280134,18.317853001851592,11.697926395509473,183.9859572674042,0.5491122985234982,3.23976256128864
2023-10-24,Capsicum,Clay,5.7206852766138026,26.419504569826355,68.750804164773,9.018987079559666,19.80470797783071,16.525268777504188,129.2176803382045,0.4856665591097169,2.86543269874733
2023-10-25,Capsicum,Loamy,6.175706133122823,24.427663230790365,68.46700426714521,10.757193053312044,14.938470147415615,16.120793182038593,193.10285962775626,0.1358939704500798,0.8017744256554713
2023-10-26,Capsicum,Sandy,5.9381041293606724,26.85197171234511,69.9532136858609,10.83386232327748,10.097003549230422,17.87864719585544,155.29468935778925,0.5495633140078949,3.24242355264658
2023-10-27,Capsicum,Sandy,6.5775483756473925,27.59577214083639,66.38945562993878,12.499869843799752,11.40044812134229,12.538840109610682,169.65390223878927,0.4275032654161846,2.5222692659554897
2023-10-28,Capsicum,Clay,6.060153780760348,22.171490052822527,67.49094649586989,10.0988994820561,13.220805753162658,17.63631915547134,159.6738862779908,0.7182451259269249,4.237646242968857
2023-10-29,Capsicum,Sandy,5.823328554363918,27.663437724593823,66.64765206886999,6.048226409407656,15.785853485929497,16.879840215236698,112.27400546746205,0.4231068535088703,2.496330435702335
2023-10-30,Capsicum,Sandy,6.302288482585239,25.32237225432246,67.20301557029588,13.582913355531062,10.75093645805314,13.228144977138433,196.31146593848797,0.6468646666597678,3.81650153329263
2023-10-31,Capsicum,Sandy,6.418810381951079,27.757327272721795,69.28475064934695,8.097645831851871,19.433572987098817,15.45488148056962,112.28755798941526,0.1811265169900246,1.0686464502411457
2023-11-01,Capsicum,Loamy,5.717154480271235,24.450413650728116,68.42104537594243,14.71297460306592,13.650836732844008,11.472738084983266,125.48819564111835,0.2063618166127735,1.2175347180153642
2023-11-02,Capsicum,Loamy,5.717904981174813,24.03232388306428,69.4122059567379,6.178601086797702,19.12584217924823,14.525645034355826,181.36278802229802,0.2117681525193266,1.2494320998640276
2023-11-03,Capsicum,Sandy,5.547672855013606,28.32048586013778,66.01755554165943,14.582511722325032,17.80521802757022,18.811973395556407,161.85969615011015,0.1364203998397948,0.8048803590547895
2023-11-04,Capsicum,Clay,6.457322619585333,23.00935414038721,69.36680558920719,5.91011806882517,17.55437272515581,14.211913798253908,183.8149165376357,0.5330630874158431,3.1450722157534745
2023-11-05,Capsicum,Loamy,6.3629458859083465,27.753698602289145,65.29881137089193,7.310361379470595,16.067195797822322,18.39566706475422,151.5736188374045,0.7351741808349088,4.337527666925962
2023-11-06,Capsicum,Clay,6.117020138474758,24.872164580075232,69.44299640218576,5.465799420865416,16.267838170518445,15.902533652596944,137.69932353666348,0.5883289629549329,3.471140881434104
2023-11-07,Capsicum,Sandy,6.597421583659957,25.11276354041008,66.64536889730364,12.05113146638995,16.38003235216248,11.918767131023568,192.1845499547785,0.559963908442285,3.303787059809482
2023-11-08,Capsicum,Sandy,6.547371198835069,23.467746251915873,66.57293816707033,13.502987365717916,16.28721387025582,15.811062446978964,103.62523175147949,0.6444991427221891,3.802544942060916
2023-11-09,Capsicum,Loamy,6.260960673715777,25.584337604952125,67.56044288349332,9.340710818159804,15.537282313983614,15.059833291570634,185.6130220353046,0.3717162584576118,2.1931259248999098
2023-11-10,Capsicum,Sandy,6.628752664667236,23.60168957020969,69.70345093861616,14.285220750424298,19.86414018482889,13.98641335196384,123.08177851877817,0.3895632573185831,2.29842321817964
2023-11-11,Capsicum,Loamy,5.767593573047798,21.31415531393322,65.23890682340702,10.902990717555996,17.322905674256962,11.196304395160704,184.8736327753968,0.351416078576738,2.073354863602755
2023-11-12,Capsicum,Sandy,5.645495505217046,23.175988842754847,66.76115487535372,11.300071354465231,17.769463883925212,14.167086638472298,113.91966134168857,0.6696871462828604,3.951154163068877
2023-11-13,Capsicum,Sandy,5.850674494972086,21.051032347252725,69.28285994341668,13.4541920170077,18.724628150836743,10.727623762396272,158.02189636905405,0.2293122685366194,1.3529423843660549
2023-11-14,Capsicum,Loamy,5.574212912916109,28.826838296454852,66.98027238717734,7.968002050518389,12.156397627258492,10.987690513987513,188.81079190114718,0.1104202242503395,0.6514793230770032
2023-11-15,Capsicum,Loamy,6.190520386401341,28.72597767855798,65.99578448798533,8.542657213276257,10.838041590950608,14.159165329327159,147.35396468988904,0.5769571573779939,3.4040472285301644
2023-11-16,Capsicum,Loamy,6.71758739998345,24.16124237977844,67.12397090665706,14.059519191946444,14.828944365985986,13.053814819684638,174.6566673803393,0.8539050917873644,5.03804004154545
2023-11-17,Capsicum,Sandy,5.551146602869062,26.82696683471717,66.92776250745834,14.009634960387638,15.140806956192732,19.255443258622236,180.46716178555585,0.5875263335970438,3.466405368222558
2023-11-18,Capsicum,Sandy,5.658742888213035,23.7664487872834,69.57708100733352,14.764827762008707,18.291817799499178,13.757058053802705,173.64942087167793,0.7263373223527161,4.285390201881025
2023-11-19,Capsicum,Clay,6.087858736768466,26.36874525668781,68.80967187871549,14.018383164416711,14.437835792823357,17.578581220721002,192.53297368745984,0.6382325675728241,3.7655721486796634
2023-11-20,Capsicum,Loamy,6.714037522786276,27.443440344367833,67.52557777872003,6.273720360333609,15.708530255443128,15.302475263662426,144.68342305199286,0.497949322818413,2.9379010046286367
2023-11-21,Capsicum,Sandy,5.911002936469775,28.574049957537927,69.94185283360785,13.237242861369872,15.270709385134584,17.040856686423353,117.31254391651558,0.6747139214270768,3.980812136419753
2023-11-22,Capsicum,Sandy,6.15940525129491,24.201698206797374,67.32638765637962,9.09838478109594,10.382027837573911,12.601159830153993,104.78110637024798,0.7592832990841775,4.479771464596647
2023-11-23,Capsicum,Loamy,5.554044716765509,27.266383863648382,65.29118915410137,14.90801355945938,16.15214896596914,19.419049728383293,124.64598696375052,0.2797853153373584,1.6507333604904146
2023-11-24,Capsicum,Clay,5.692846161250715,23.12742760505695,66.31137160907493,9.722809643288011,18.28043285774252,15.300884969144239,114.3197503880242,0.3689043843865164,2.176535867880447
2023-11-25,Capsicum,Loamy,6.782619159846501,28.922658430349188,67.18035240109657,10.538360825022206,11.575005480758039,18.313240712852497,155.79487414344806,0.2789805860026271,1.6459854574155
2023-11-26,Capsicum,Clay,6.754654305366859,21.20615679011481,65.7845131207306,10.297749152567985,15.943317339265958,13.650456934761134,118.4945337211732,0.4617383644723528,2.7242563503868817
2023-11-27,Capsicum,Sandy,5.5064219752147325,25.828230452008967,69.73782563162021,8.217370298582779,15.936105444464143,11.002113490505245,103.89337072893711,0.8080516407333341,4.767504680326672
2023-11-28,Capsicum,Clay,6.73735532105021,26.276047853210617,68.83424448908886,5.7502208889291815,11.641849640563587,16.737116477208488,103.59898288686679,0.3761656806682659,2.219377515942769
2023-11-29,Capsicum,Sandy,6.33085591916015,26.50436445659303,66.34143600213886,13.956512304019183,11.23463573730736,10.077596483374245,183.15694983648615,0.3995735113044427,2.3574837166962124
2023-11-30,Capsicum,Loamy,6.628293782876028,21.963100630312713,67.95402266758958,13.026758125262868,19.800519429764847,14.752929765655082,159.14499314430248,0.7882937877375454,4.6509333476515184
2023-12-01,Capsicum,Loamy,6.0911618123240165,28.508238267785043,68.60724578554786,6.395267805596693,13.937191696530375,11.928019026664593,135.80853018933783,0.5122994645957402,3.022566841114867
2023-12-02,Capsicum,Loamy,6.170274837153025,22.449466232400663,69.70639464453399,12.76768271350073,12.274217287235292,16.27375504435362,189.42280427402468,0.5283591997179475,3.1173192783358905
2023-12-03,Capsicum,Clay,6.135500554333996,25.982027225918728,69.40817674587706,11.2584666605061,11.71324544454375,19.794198731378522,107.01966114077136,0.7886409626657703,4.652981679728045
2023-12-04,Capsicum,Sandy,6.366923534809936,22.78140863298468,67.57596113069107,9.091437879176222,16.67601713583235,14.64402906320646,198.03220727278259,0.4924213896203786,2.905286198760234
2023-12-05,Capsicum,Loamy,5.681546631183207,23.457731336170166,68.87326309896508,7.5402114909556275,16.094452973272787,18.174982565256666,161.6291790254461,0.6452460277035162,3.806951563450746
2023-12-06,Capsicum,Loamy,5.538965666834481,25.371668333824996,67.81072376913792,13.597287835022325,16.435521229874176,15.07784186951121,118.34642539688485,0.1685157326992485,0.9942428229255666
2023-12-07,Capsicum,Sandy,5.900308924068548,24.337547348516612,67.7635194502277,12.00188259294053,10.880060275114523,14.95840031104024,167.90690989769683,0.2429053705015082,1.4331416859588988
2023-12-08,Capsicum,Loamy,6.416084991557641,22.28180480781205,65.57370979169096,10.477399094691368,18.935345834984368,19.30423493178778,176.33812597835626,0.4235009605729964,2.4986556673806795
2023-12-09,Capsicum,Sandy,5.762409487759832,22.367491219366787,65.63068829008076,11.09568533898464,13.892663968090483,18.899658687466815,142.93427833707744,0.4958712542558999,2.9256404001098097
2023-12-10,Capsicum,Sandy,6.375462163322393,24.345158305302398,67.64766807511229,5.91066182082181,13.13369406430358,17.858004651879746,186.16326062455474,0.8725869609889836,5.148263069835004
2023-12-11,Capsicum,Sandy,6.760885659939452,27.058263826204005,66.34430772489503,9.73919760911192,14.623614472477392,12.96255753316784,115.07324072964703,0.876521306438232,5.171475707985569
2023-12-12,Capsicum,Sandy,5.6220709305262435,28.18371717478231,65.10518451230234,6.93700292785702,13.900660657476283,15.450084157239406,127.88375835776084,0.7809576699830093,4.607650252899755
2023-12-13,Capsicum,Sandy,6.3743827536926645,21.673021298075064,68.61419601950107,7.083836790088254,18.63577003139146,12.23897233305685,109.34923615839898,0.3524790682284596,2.079626502547912
2023-12-14,Capsicum,Clay,6.076875285095943,24.144831260475208,65.16243298345083,11.613039622868667,19.292609751978922,14.439166980465398,121.08778406073522,0.8712226326659518,5.140213532729116
2023-12-15,Capsicum,Loamy,6.6285849306907565,21.801964509783012,67.97638420552028,14.11256151834288,13.034532164496062,14.842130657597906,123.8728811911145,0.6514726917409701,3.843688881271724
2023-12-16,Capsicum,Clay,5.730294726281602,21.132739845060783,67.69596897063657,9.037566104783464,18.63935807459955,18.316400401693308,191.763319092171,0.4143521022539204,2.4446774032981304
2023-12-17,Capsicum,Loamy,6.400413737894014,26.293749461151652,69.84407345288902,7.077492730121904,17.81523129533067,18.96028365324993,107.81096887511562,0.6613399335878131,3.9019056081680974
2023-12-18,Capsicum,Clay,6.589549876542543,25.819595535732702,67.42106569673821,11.487469372366542,19.30807672344762,14.146200623964779,142.74151201877095,0.1132181838292212,0.6679872845924055
2023-12-19,Capsicum,Sandy,6.72799848531623,22.30415291051909,65.31800718188899,13.711870463503178,12.457503121858878,10.177044450732373,153.2398687226913,0.2169237458193708,1.2798501003342884
2023-12-20,Capsicum,Loamy,6.388222436776539,22.870502664744514,67.7584398390323,12.483188011224907,15.769591501209792,18.617738397893547,189.86930538021608,0.7637485692450942,4.506116558546056
2023-12-21,Capsicum,Loamy,6.146327193210955,21.189662029156146,69.2054808530805,13.687572305365872,12.745445847404447,11.742786785013607,199.76962186612135,0.6164589094985369,3.637107566041368
2023-12-22,Capsicum,Clay,6.303201412261578,27.67957764555523,69.98424642140719,10.365546710107994,18.240944904843744,16.218819638903934,175.33881149198356,0.3913557610335072,2.3089989900976926
2023-12-23,Capsicum,Clay,6.629576479822333,28.797524768388413,67.15171586844536,12.518762443691909,10.053241905710642,10.249709004341312,197.07909905690295,0.5005333121781751,2.953146541851233
2023-12-24,Capsicum,Loamy,6.2417926706304785,22.083676294357527,66.60149371248372,6.400645593589365,15.64819162886396,13.995064752605643,178.7101132535874,0.8241137197166136,4.862270946328021
2023-12-25,Capsicum,Clay,5.539503177605888,22.851801710122384,69.53326648475999,8.482746153631915,13.39203431271918,19.859603021153497,196.32026409714166,0.6052624875832693,3.571048676741289
2023-12-26,Capsicum,Clay,6.710233304159071,27.947276191575472,65.95621064538061,8.895491644815223,13.226837070778203,11.00693601103803,170.72707259444553,0.4185194271474642,2.4692646201700392
2023-12-27,Capsicum,Clay,6.396384776341029,28.411710383649478,68.07714457516464,10.112957462460344,16.44906323864917,14.236931519996423,107.9763425451071,0.196261325918028,1.1579418229163654
2023-12-28,Capsicum,Sandy,6.3794674015104205,24.357019062454484,67.02857212090474,14.290763602568235,18.51484449313994,13.071499501899522,140.19201869926763,0.3349974413004488,1.976484903672648
2023-12-29,Capsicum,Sandy,5.780377698117032,21.404979778152594,65.20541182477777,13.742965602221744,16.091953913933263,19.05088123388264,164.65972838024703,0.8826721862372667,5.207765898799874
2023-12-30,Capsicum,Clay,6.356551111302454,21.315134669542555,66.73644237152848,6.345254922891845,18.531729786467224,18.693401079073553,135.0718509454251,0.449890450281422,2.6543536566603905
2023-12-31,Capsicum,Clay,6.012023727350406,25.591598928552084,66.32614261251338,6.7278965188246325,12.6459711188103,12.376987603062288,127.33839181137786,0.4774715710758886,2.8170822693477438
2024-01-01,Capsicum,Sandy,6.34660287015394,24.143160871145433,68.43045576971744,8.576405495889112,15.195018547649811,10.811877870504311,157.7399267133091,0.4988784259176123,2.943382712913913
2024-01-02,Capsicum,Sandy,5.638570939400388,21.229219420621234,69.7439524884596,7.907438658906739,14.505365390670761,16.271383940611173,193.35018767024349,0.8072832183585689,4.762970988315557
2024-01-03,Capsicum,Loamy,6.355198895983946,25.666019138500452,66.3402359368932,11.147709531562622,10.116448995030963,13.363687118837097,103.49818735161536,0.583142627508248,3.440541502298663
2024-01-04,Capsicum,Loamy,6.799237843501866,21.09042029271218,69.05732969575841,14.02776047764545,15.568121431407402,16.72084390606063,176.92312035414378,0.6549416291615378,3.864155612053073
2024-01-05,Capsicum,Sandy,5.562675650518723,27.298975665194185,65.27679908469204,14.622915416725869,16.615243241461748,10.321197560678145,172.2727278044627,0.4115308340392832,2.428031920831772
2024-01-06,Capsicum,Clay,6.770326439487713,23.451462581626974,67.69060505019907,11.536029525352266,15.9191440441907,11.333992351774894,196.39534253882871,0.1232700948711794,0.727293559739959
2024-01-07,Capsicum,Clay,6.028980348939732,21.322064024073857,65.35275031854947,13.381592014010868,17.362798987834214,16.863722327726435,193.07112223325436,0.8447783313942755,4.984192155226226
2024-01-08,Capsicum,Clay,6.631979485438437,25.706817767865225,69.67016495565319,10.252022002307973,15.71339528453077,12.123706553024977,176.22325620441927,0.8593021447331252,5.069882653925439
2024-01-09,Capsicum,Clay,6.517101129275756,24.18147531546444,68.83175640278695,7.083269468600397,10.667502548507569,18.575876757624016,152.04087646825985,0.8593224426784409,5.070002411802802
2024-01-10,Capsicum,Loamy,6.237121139282668,28.790403306857197,68.28974955602297,10.246884120934771,11.164455240847115,10.585908877101355,120.42675532335198,0.8549496693173733,5.044203048972503
2024-01-11,Capsicum,Sandy,6.459983972026724,25.35358930002962,69.11948190812332,10.550826014376511,15.964745775439525,12.154819827855746,154.52357183255742,0.7521935528556488,4.4379419618483285
2024-01-12,Capsicum,Clay,6.642070229691752,23.201913448296068,68.23759897785081,12.424575642135563,12.749791919736403,19.985602484850688,176.53519939196536,0.6476768400930615,3.821293356549063
2024-01-13,Capsicum,Loamy,6.025382418146343,26.675510917071797,69.84472198587146,7.198829897073491,10.796451290347658,14.330761025867925,189.5669212637893,0.7756079346138285,4.576086814221588
2024-01-14,Capsicum,Clay,5.92514311003221,23.17193602034169,68.56978973932385,8.683103820867316,14.296027434485467,17.029656635446436,178.9712009210549,0.580436991200829,3.424578248084892
2024-01-15,Capsicum,Sandy,6.3678714012326605,28.23394633126052,69.62329304791123,8.640274692145663,15.543225980836553,11.826630488570137,119.5266935191054,0.2074956911136189,1.2242245775703515
2024-01-16,Capsicum,Loamy,6.550199724523636,23.99777576405901,67.5856594600532,14.594395957411647,13.287459883496066,16.09868734985538,159.96863142280594,0.4129745320331368,2.4365497389955078
2024-01-17,Capsicum,Sandy,6.4909706752096,25.39894850220964,65.58532206490932,9.439449603267189,17.20433702225778,17.261060683694183,133.2173459531357,0.87703592957835,5.174511984512265
2024-01-18,Capsicum,Sandy,6.537157743516225,21.40458483059383,67.64088860711509,12.550939672981464,16.437706081012447,13.144766358665105,100.9205667390643,0.3809102508765251,2.247370480171498
2024-01-19,Capsicum,Loamy,6.0662583092568125,24.408969903617844,65.63436414031547,12.50811381374439,13.328183610916719,18.288971119758777,120.0220935788666,0.7942623309850956,4.686147752812064
2024-01-20,Capsicum,Loamy,6.563184481027528,27.65890831728796,67.96246739588203,7.655441848032414,17.548725289085606,16.034175784722834,111.32206499334492,0.1745691766198956,1.029958142057385
2024-01-21,Capsicum,Loamy,5.656271771981791,27.445190442906735,67.41246530263831,10.718696893717322,16.486950425330356,13.891230096150302,184.27191235394685,0.3673470739003757,2.167347736012217
2024-01-22,Capsicum,Loamy,6.207835827349104,22.79454847082821,68.11287698916391,13.94302893318648,16.37445378717902,15.576423933431585,125.85062521478119,0.3807626597819037,2.246499692713232
2024-01-23,Capsicum,Loamy,5.507486258647558,22.8086325680845,65.05023490527415,9.751977194569497,15.534277007870681,15.767608474359243,128.46979688875555,0.1412820344871841,0.8335640034743864
2024-01-24,Capsicum,Loamy,5.921961578870351,27.538442497705894,65.97420245827682,14.45117507342546,10.113896680885528,11.65535292693866,195.99365717988843,0.195275464149404,1.1521252384814835
2024-01-25,Capsicum,Loamy,5.976399995332817,28.443187361354603,67.45665215956066,7.144582293241616,16.965071834768892,14.027323698669662,137.90867230488521,0.2545321688974168,1.5017397964947592
2024-01-26,Capsicum,Clay,6.015024499092032,21.76288737018403,69.75251780794568,5.741591057740307,13.760417911091565,13.43430588019493,100.95856401443946,0.7702524726480904,4.544489588623733
2024-01-27,Capsicum,Sandy,6.40410736869682,24.6004691154098,66.9180452017758,13.914538731447491,19.426097101586556,14.009027225791261,128.38461483461364,0.1507215919518451,0.8892573925158862
2024-01-28,Capsicum,Loamy,6.00512553165145,23.69963423171383,67.12186013026817,13.476811979622166,18.17984771077205,17.611105884852577,111.92995806018125,0.3389607210755098,1.999868254345508
2024-01-29,Capsicum,Clay,6.08330170940929,27.965507643659514,68.57348044503311,14.925898759338448,15.876944695313123,14.825384074666726,110.28085617358539,0.108140002071414,0.6380260122213427
2024-01-30,Capsicum,Clay,5.808807370136626,21.66819931744015,68.01896378643059,11.793934881124262,12.521819818192695,19.403161532392645,107.74872901357494,0.6565021963224198,3.873362958302277
2024-01-31,Capsicum,Clay,5.985227329118142,22.6890075404643,66.49463075049167,14.366879266671496,12.037173932776666,12.936764133584362,159.32594701753771,0.5962424720347038,3.5178305850047527
2024-02-01,Capsicum,Sandy,5.795450515442097,27.019746700691954,67.05408197783714,13.269490250841107,13.40384837677549,14.15703578284929,118.93477236298587,0.6159858096425135,3.63431627689083
2024-02-02,Capsicum,Loamy,5.595154700898977,21.410350791849723,66.08849899428617,13.444263331200869,14.765679435800186,17.869568104790414,136.12427940410106,0.399506227771695,2.3570867438530003
2024-02-03,Capsicum,Clay,6.284483171395792,24.940283045714313,69.83010729565105,10.691415704542685,12.96065510038947,15.460245933207503,186.20177161300168,0.2666142570140553,1.5730241163829262
2024-02-04,Capsicum,Sandy,6.368676638121521,24.53685627743776,65.6531719077868,8.823645979167107,15.149294953924828,15.470281464244477,142.43381397962756,0.6762561706288267,3.989911406710078
2024-02-05,Capsicum,Sandy,6.305337449812499,23.67520943190999,66.8591839228321,14.345580725432818,11.65370425513186,10.533401630051834,191.56913500516376,0.7488942981925562,4.418476359336082
2024-02-06,Capsicum,Sandy,6.102542256940744,24.156578522551392,65.12919486110006,9.321171756158945,19.777128128255,13.985996627184559,149.79380533956063,0.2108811984785614,1.2441990710235125
2024-02-07,Capsicum,Clay,5.993721514232998,25.239524695441865,66.10889745966773,10.38819367249669,11.079245549649938,12.707337324217324,139.88366148397557,0.489463542349937,2.887834899864629
2024-02-08,Capsicum,Loamy,6.622333744443373,22.290938867107066,68.90235569190078,9.461143071251875,19.31944139654372,19.993351228311155,175.03889270907015,0.29897254558309,1.7639380189402314
2024-02-09,Capsicum,Clay,6.174806320677083,25.575967026268742,66.00587616144439,10.648183139601972,19.13578011402695,13.083550706323102,107.31750987680022,0.2344854889649069,1.383464384892951
2024-02-10,Capsicum,Clay,6.12293644091865,27.44345863439989,65.40031701264483,9.705050789923272,15.25360481819498,18.844965347938633,108.94783829824173,0.6874602507959993,4.056015479696396
2024-02-11,Capsicum,Loamy,5.5333346855483665,27.081287438321272,67.37226589922261,5.479675585794759,17.249102718360845,16.762337350404774,165.19737139229608,0.5304775483782697,3.129817535431791
2024-02-12,Capsicum,Loamy,5.943622175914003,22.23119923755019,65.04984617367259,13.820481860076988,14.360482979725878,13.409164091920903,148.69407132392482,0.2729482659029342,1.610394768827312
2024-02-13,Capsicum,Loamy,5.994254304421614,22.19399575793179,65.42383077213167,9.4439381891577,16.300345775424383,15.435343783741237,179.04152503192103,0.3480000089692361,2.053200052918493
2024-02-14,Capsicum,Sandy,6.01846961516597,23.145394941959307,69.03812934781487,10.889436485073489,13.405759374211186,18.405358799491935,191.62708373435316,0.8733229370621939,5.152605328666945
2024-02-15,Capsicum,Loamy,6.254224079995532,23.8885978107283,68.85736672429803,6.39187802757987,13.011590197854453,18.83368298030912,138.83668776715476,0.7789436517668453,4.595767545424388
2024-02-16,Capsicum,Clay,6.193683310744942,24.26764465126786,69.57569410202449,5.033878479826392,15.782297861695138,11.603938750061452,159.64100265846463,0.8039573942985027,4.743348626361166
2024-02-17,Capsicum,Loamy,6.290276620631478,26.43757773466676,69.27257717955375,7.452900936436429,14.981296741839802,13.395731412081696,150.06966277953097,0.4680096776645664,2.761257098220942
2024-02-18,Capsicum,Clay,6.494348240004767,21.453443457326685,68.41587781619909,12.045860321333503,15.79536369149981,13.352231802135716,198.1610655642433,0.5990458111367001,3.534370285706531
2024-02-19,Capsicum,Sandy,6.556881460330922,21.27738163380853,65.26166428650332,5.991945301128786,12.86660581287023,10.420447960759446,183.1084407356595,0.4014141921635293,2.3683437337648234
2024-02-20,Capsicum,Clay,6.4335599990944425,24.135284503551272,68.9142430899333,14.08887440386468,13.669578318169952,15.982377598518966,191.17377082773535,0.1621695805511124,0.9568005252515634
2024-02-21,Capsicum,Clay,6.742180804741415,26.577309537103844,69.2275540542028,7.150225693561846,10.838979606289094,18.54820052992188,125.43400875776041,0.420855448525426,2.483047146300013
2024-02-22,Capsicum,Loamy,5.52370235747927,22.547482743651862,68.99541072885977,7.045936142917758,10.522763722722058,13.815743878255178,177.25264231625943,0.5751846025657158,3.3935891551377235
2024-02-23,Capsicum,Loamy,5.7545113813886095,26.132035850050013,67.54239517654013,6.815079616214955,12.534571296730164,17.40035944984177,126.54732249976489,0.3297154166145051,1.9453209580255808
2024-02-24,Capsicum,Clay,5.509831737471584,23.078625103522395,66.16450919324741,5.139817129713648,10.742468593305457,16.2770041360074,120.87425334283898,0.7783604597819326,4.592326712713403
2024-02-25,Capsicum,Loamy,6.341717128400984,28.08868887050813,69.22664987844364,12.718054684782343,11.037747086347407,13.756487354930009,194.42661596555507,0.2208801273396789,1.3031927513041055
2024-02-26,Capsicum,Sandy,6.667439713634983,28.16551955413293,68.6358140487007,13.750345312452586,18.129284053939372,11.41059799492297,101.93044167178667,0.393703271549536,2.3228493021422625
2024-02-27,Capsicum,Sandy,5.816526985549189,23.37829763425061,69.90380587194426,11.141627026161988,10.388736970166892,17.093238527759674,196.53887036634296,0.1999231242593623,1.179546433130238
2024-02-28,Capsicum,Loamy,6.705144908235198,22.839950031705925,65.77846298877967,6.881999816798623,16.589427939347427,18.545651689412402,114.92618969888062,0.4238657071881803,2.500807672410264
2024-02-29,Capsicum,Sandy,5.578347607376429,24.29043177652985,66.12832291526027,7.852779969408798,12.725577488154006,16.858544924014918,181.94380817932682,0.1317290439794163,0.7772013594785566
2024-03-01,Capsicum,Loamy,6.714766834847168,22.92425268144119,66.05899074940751,9.759266973649634,18.715456807081264,10.17878484034818,127.5922553068103,0.3180395160493163,1.8764331446909663
2024-03-02,Capsicum,Clay,5.957109493411525,26.37907074633363,68.96269883810669,14.543459516233009,14.849922845774994,12.162328943909912,135.07023274307272,0.420588204090947,2.481470404136588
2024-03-03,Capsicum,Clay,5.6318470769839815,27.608517476386282,65.93453648225059,7.473513718177428,13.055764593278258,10.69479984883532,121.67577113219849,0.4825322906213533,2.8469405146659845
2024-03-04,Capsicum,Sandy,6.131633286942224,26.384737047289736,65.33329914911653,12.31645903919888,15.176389356894346,15.703860995762268,158.55140424810796,0.5349570867801136,3.1562468120026703
2024-03-05,Capsicum,Loamy,5.83380953803666,27.594803577994796,69.99280403292815,9.394482232929205,13.819580190452688,17.564776788404124,134.8095547507874,0.3199929038319351,1.8879581326084172
2024-03-06,Capsicum,Loamy,5.8703347725505,24.175937297659793,65.12408605722574,7.978473483600218,15.643010646698302,11.105791870686595,165.73930394946632,0.5184330676918979,3.0587550993821977
2024-03-07,Capsicum,Sandy,5.8994769544041725,22.250535765670886,69.17622030079433,9.559159370221138,11.145328683263482,18.38337820593385,101.5647317942066,0.5072036972496479,2.9925018137729227
2024-03-08,Capsicum,Clay,6.543933667182462,26.903607579180736,66.82683420775327,5.712067175412326,19.96990502812551,15.555089783954832,106.43748835150396,0.3529424407009668,2.082360400135704
2024-03-09,Capsicum,Sandy,6.200909659677831,23.88379604113243,69.20807729878908,12.986873709303625,14.255558776967176,16.89969012141725,109.96611527312487,0.7641602645251826,4.508545560698578
2024-03-10,Capsicum,Clay,5.904700008902805,26.37016660183306,67.77310245605572,7.433019279829671,13.482306397073687,19.714018486086463,141.8993685310231,0.5365129012748521,3.165426117521628
2024-03-11,Capsicum,Loamy,6.293433918304194,23.165151535854125,69.5081561474318,12.254121231929703,17.10209848316265,10.836809882476974,181.4796172659976,0.365815774997236,2.158313072483693
2024-03-12,Capsicum,Clay,6.430995876490152,21.64983707845338,69.63096493207313,5.683483714481947,13.638994064953325,19.012240229777895,188.81779103783828,0.8578708096646211,5.061437777021265
2024-03-13,Capsicum,Sandy,5.854411200953594,28.940654363902105,65.04549090640388,14.55098556165686,18.332743050287576,11.261026959874092,124.48107400609007,0.7760899304569289,4.57893058969588
2024-03-14,Capsicum,Loamy,6.037613831982957,22.249612063444793,65.37706087996393,6.930149854056986,14.542707243604251,13.929588066366822,157.4369724239014,0.8860702492414407,5.227814470524501
2024-03-15,Capsicum,Sandy,5.658451921338032,28.907367951707847,66.25179364785427,13.827420762070805,17.19558413265435,18.514386963311143,176.83649926926006,0.6537870997163366,3.8573438883263855
2024-03-16,Capsicum,Sandy,5.735494154395084,28.81823946053158,68.34657708181751,13.094732096154344,11.074532164418866,19.062542367378683,128.88294299196087,0.4025783244048375,2.3752121139885416
2024-03-17,Capsicum,Clay,6.385453210154478,27.350544831264315,69.44136098255753,14.67859924081416,18.461191855551117,15.063716735451454,140.90077367362733,0.3246885333432099,1.9156623467249383
2024-03-18,Capsicum,Sandy,5.735869852004315,26.27538369665598,67.29970975646981,9.778906609457495,17.3571798677811,15.941046382754251,152.3974202685714,0.6306542749395848,3.720860222143551
2024-03-19,Capsicum,Clay,6.182712398767178,25.622456402008677,68.03486558137132,12.273972938459517,12.117167784619657,17.08147334598557,113.48748464080477,0.8846532659962429,5.219454269377834
2024-03-20,Capsicum,Loamy,6.421760140239162,27.92881236302268,65.94249926397781,8.70710657037784,11.452860097457867,18.32758668452714,102.59822937257803,0.6013720640830791,3.5480951780901666
2024-03-21,Capsicum,Clay,5.638940000023167,23.315516172955903,69.02483416940842,6.843682380196938,13.162923487256244,11.215111695376661,115.28058093182833,0.8052919527918706,4.7512225214720365
2024-03-22,Capsicum,Loamy,6.2375058855175745,24.741449699879016,69.83664055676735,9.430759329334489,19.760705860319042,18.100693082292274,162.68536212535332,0.3632827448382149,2.143368194545468
2024-03-23,Capsicum,Clay,5.833531618811773,25.955119754932014,66.34299466457298,6.657490153884549,12.568315745670587,14.812761505116168,107.36182615336817,0.4255630259794045,2.510821853278487
2024-03-24,Capsicum,Sandy,6.751804937808854,24.289523806955927,67.47412975800273,14.82044622786384,14.561272089466332,14.50623425108169,118.96963648501283,0.8250201916714827,4.867619130861748
2024-03-25,Capsicum,Clay,6.128609340735902,24.419891632722145,65.43058055253186,5.962464911407164,10.300202257173364,14.238997519969983,133.78538856953037,0.7054933615662551,4.162410833240905
2024-03-26,Capsicum,Clay,6.547790314707705,23.642277340016676,67.79568328231484,10.892117234526204,13.972275295662325,15.092115852460426,107.78700643063664,0.8851282562943247,5.222256712136516
2024-03-27,Capsicum,Loamy,6.21529450480314,25.513854533476287,67.5139172092334,11.26463855254056,15.713200154331027,19.450505533946036,119.16992711616345,0.7198113677857936,4.246887069936182
2024-03-28,Capsicum,Sandy,5.556436292711265,27.804596224120928,65.72218242077538,10.380795428740544,19.53124612507965,15.482037727921515,191.12697889835113,0.4588125657745854,2.706994138070054
2024-03-29,Capsicum,Clay,6.323096788272229,22.612227024050505,67.21033106559038,11.621858857118337,15.167360449400643,19.531775382631395,101.92991322269847,0.5248544158578905,3.0966410535615543
2024-03-30,Capsicum,Sandy,6.736824344868654,28.475464310027533,66.67052326043282,6.16180775011891,18.19107326177688,11.802901306156405,165.34319241743623,0.8204123939705094,4.8404331244260055
2024-03-31,Capsicum,Clay,6.28209536619023,26.512701229985836,67.60915437652595,10.550185242052912,15.471276425689005,17.24135978832633,138.4408930915185,0.5413173888784384,3.1937725943827866
2024-04-01,Capsicum,Clay,6.564945517254827,27.586185701440243,67.928271677144,7.872125711273616,10.407850134355181,18.122395386087472,167.26487394323712,0.3043178993315562,1.7954756060561816
2024-04-02,Capsicum,Sandy,6.64946840235293,25.449525541040092,65.04247789303605,14.401760633010566,13.15008275189774,16.79128831334862,158.86917203634044,0.4484958502159596,2.6461255162741617
2024-04-03,Capsicum,Clay,5.796503703533612,27.236133611392507,68.80502991474778,12.620716534397255,15.755495078311032,16.069222802265404,122.34987543546443,0.5130527910792944,3.0270114673678368
2024-04-04,Capsicum,Sandy,5.775658291880695,21.129603178715737,68.5650714593087,14.725144821597429,19.505939659311245,15.648127810861823,184.72094875733887,0.1773758668409036,1.0465176143613315
2024-04-05,Capsicum,Clay,6.29427528550629,27.547043398236283,66.83143193103261,5.375560697401896,18.591303597512333,18.60930482578696,149.19403826093566,0.6950101394023122,4.100559822473642
2024-04-06,Capsicum,Loamy,6.034337010748716,21.321110872682933,65.26467967784409,7.851331751807087,12.283556141788477,18.216465971645,182.25360189134716,0.1874831466839784,1.1061505654354726
2024-04-07,Capsicum,Sandy,6.591819693726737,28.1193070109029,68.77466269892525,6.95422586638349,12.201098300191635,11.222887211805995,140.60125361882191,0.4239341706950446,2.501211607100763
2024-04-08,Capsicum,Clay,6.670030060417414,28.935701977909147,69.77587580239066,5.111545873118305,12.011729671139008,18.485876570308783,198.46855539152392,0.7436979532323237,4.38781792407071
2024-04-09,Capsicum,Clay,5.959447793093533,23.352539697414223,66.20075798011007,7.423257302463214,19.224988963025034,14.140686194404424,177.04893585012962,0.4740562892906376,2.796932106814762
2024-04-10,Capsicum,Loamy,5.807931726666826,22.682548450286347,66.61762306868519,11.78775983520429,18.526661531017204,12.536968299958108,196.59502051125736,0.7736124157748064,4.564313253071358
2024-04-11,Capsicum,Sandy,6.514683169817021,27.122906910864327,65.91906444740907,7.310889221345685,17.74883432252949,18.69768568013926,151.4326478909859,0.373505057644892,2.203679840104863
2024-04-12,Capsicum,Clay,5.8572478462125765,23.024210727362025,67.8846806167242,10.09003445482618,13.927351142242276,14.320247996337416,147.36911322907005,0.8661090351987484,5.110043307672616
2024-04-13,Capsicum,Loamy,6.569398614067782,27.924499065377628,65.77420697323727,13.878181149649986,15.043807042987668,18.083646901768166,175.5453809325258,0.2675747454441884,1.578690998120712
2024-04-14,Capsicum,Clay,6.050859729743392,21.822740737259814,66.7809697173069,11.937579203490753,14.643317447951528,12.634036119558445,188.029126301343,0.130611315991441,0.7706067643495023
2024-04-15,Capsicum,Sandy,6.367814869078911,22.007641571034867,68.48506506967132,8.94629069906032,12.533981075593726,10.039293214222178,196.41457958655582,0.7979412343923349,4.707853282914776
2024-04-16,Capsicum,Clay,5.624195907985069,28.833212440804925,67.80057991504674,8.724689389121083,15.05028046148767,14.954591929029444,132.45519060324997,0.7017621727603266,4.140396819285927
2024-04-17,Capsicum,Clay,6.311017122079544,26.390711186160036,66.93231282163967,9.557358140084848,10.304965478527544,11.002282566428843,179.8704573842639,0.2855870696538982,1.6849637109579998
2024-04-18,Capsicum,Clay,6.087297982358398,27.775097795431623,67.1012480090377,6.770414410599064,11.318103734974592,17.543759555249096,121.06455976355367,0.8877932857093391,5.237980385685101
2024-04-19,Capsicum,Clay,6.262591002128116,23.594635018812145,67.81055441311615,11.340007674159882,18.865895961689464,12.760751360694105,154.55743467454454,0.5018241034148223,2.960762210147452
2024-04-20,Capsicum,Loamy,5.718418470068323,26.411869996164835,65.0293236394358,8.641528191046055,17.516797670314233,14.436456466034787,117.98481484091991,0.8608523521153308,5.079028877480452
2024-04-21,Capsicum,Loamy,6.457935868427437,25.753934618468776,65.39254934226805,13.523653492620436,14.228684090590871,10.870335650915543,134.7397361750339,0.5040230171095995,2.973735800946637
2024-04-22,Capsicum,Sandy,6.621636200806197,25.825200960983576,69.40629033881505,12.565526600578163,15.171503622838772,12.866592484472527,193.13583672064593,0.4774996694170328,2.8172480495604937
2024-04-23,Capsicum,Loamy,5.781761740118008,26.460259676301774,65.38939494545646,11.1051316409216,13.699988859599774,17.81490243258572,114.60906997730861,0.459310829715572,2.7099338953218752
2024-04-24,Capsicum,Loamy,5.62442892217621,25.602873385032787,68.53401798105253,8.642022226495161,17.407798671606724,11.515879119023195,163.24008951351965,0.3679002209063602,2.1706113033475254
2024-04-25,Capsicum,Sandy,5.530730161860237,24.432498954421327,69.60019082054527,7.099318316734844,17.841871792320795,16.471595611269574,159.29542729274033,0.5269611977412414,3.1090710666733243
2024-04-26,Capsicum,Loamy,6.334562950576245,23.207381555044375,66.35341802150866,12.76151864105623,17.63285190203159,19.174258528045012,112.07383527089866,0.4620437295588543,2.7260580043972404
2024-04-27,Capsicum,Loamy,6.289222246915415,27.148650647305615,66.85245718529757,9.864090989910864,17.226117248344494,16.798367597577204,132.59790437688122,0.1293975012988433,0.7634452576631756
2024-04-28,Capsicum,Sandy,6.210706636528291,22.81017944002549,67.84460702922358,7.247500381773575,12.045043386927958,18.110216892922267,156.29815045152657,0.308348186738802,1.819254301758932
2024-04-29,Capsicum,Sandy,5.801531224950768,26.538834449235313,69.40854484819292,6.951746150400062,13.379699792404788,11.089716293039158,118.71786089884903,0.2704982400844467,1.5959396164982358
2024-04-30,Capsicum,Sandy,6.008177794677169,22.866662581194614,69.7095279363021,6.654009045013591,14.69845434983675,12.507318260020543,180.06236564128153,0.7939484818568533,4.684296042955435
2024-05-01,Capsicum,Clay,6.272819235742025,26.002641359635632,68.69781624055634,12.77161196205595,13.307929914276556,18.94538852240591,197.215650953475,0.5790959817814731,3.416666292510692
2024-05-02,Capsicum,Clay,6.14579691651692,26.97662613703223,65.43309880427347,7.289871853003117,17.54940200158329,17.15105613618089,121.4759399962472,0.7109464803597819,4.194584234122714
2024-05-03,Capsicum,Sandy,6.784121176279354,22.749711111252314,68.34577077767426,10.266422635251974,13.293535242499548,16.395538263773112,118.6911964790576,0.8654608301994244,5.106218898176604
2024-05-04,Capsicum,Sandy,5.677371678323753,21.479546406890467,67.05151860936331,9.515463609730563,11.382320867853371,16.637667361216998,145.49350717974446,0.615231418021128,3.629865366324656
2024-05-05,Capsicum,Sandy,6.403687920261872,22.047789943953394,67.3535049974553,10.79610899228284,13.99040452048304,14.142005543046434,174.77652771400324,0.8860879931237955,5.227919159430393
2024-05-06,Capsicum,Clay,6.02561439853558,25.847975738168202,65.24574195172589,13.771549003711945,19.799144327823804,10.445566316176532,128.16006102352515,0.3494112413217037,2.061526323798052
2024-05-07,Capsicum,Clay,6.056659499403299,27.795571249805885,65.95531069673179,13.677473900817306,12.258814129335759,17.84441542070729,101.98799086972804,0.2490137458503151,1.4691811005168591
2024-05-08,Capsicum,Loamy,6.432877095355629,21.359974569883395,68.95256803766824,9.510760718248596,16.12158658943229,16.78713236215354,154.1220628032894,0.4226479103943291,2.493622671326542
2024-05-09,Capsicum,Loamy,6.400166996721681,26.87321007233317,67.2697941652393,5.153662507347233,14.329730498397062,14.728044641127248,195.66005677673076,0.4766395319486464,2.8121732384970137
2024-05-10,Capsicum,Sandy,6.788632791812844,23.730549167600415,66.50831120815575,9.264438057143032,10.710245676493265,18.997596153682572,139.12768554069456,0.8162892342820681,4.816106482264202
2024-05-11,Capsicum,Clay,5.666912576290363,24.82822695935618,66.9200953698248,11.061935374241404,14.878766059980595,13.361596649850988,142.01345541831006,0.547952351229341,3.2329188722531126
2024-05-12,Capsicum,Clay,5.635342544199416,28.430876398764525,69.2719975666284,10.577647590980618,17.021643286483126,12.94321744231236,196.8901717114038,0.3337447995344136,1.9690943172530404
2024-05-13,Capsicum,Clay,6.4416404622673635,23.655772037886763,68.74499508702479,11.513361058002054,15.132199758278187,18.727963250794428,169.46076116267284,0.6941074262940167,4.095233815134699
2024-05-14,Capsicum,Sandy,6.251902992108332,24.722695471515888,66.36157698590542,6.540757324730835,18.72106063746581,17.969876547589855,171.91719228421252,0.5046655497112568,2.977526743296415
2024-05-15,Capsicum,Loamy,5.856408866527747,21.10945931808545,65.58750920106186,11.465350987807328,12.889370166575826,15.149798106483448,156.27020053710675,0.2297055562201361,1.3552627816988032
2024-05-16,Capsicum,Sandy,5.603245179685683,21.652789760038708,66.25999110822036,6.826516187437722,10.862491713039649,11.3073473945785,197.46092108632416,0.5614558300730018,3.312589397430711
2024-05-17,Capsicum,Loamy,5.611355724475359,23.06873272907827,69.60378225527367,12.50523980696749,19.365656116580062,12.150714714650524,168.8866484425556,0.8291156294458272,4.891782213730381
2024-05-18,Capsicum,Loamy,6.662448137063354,21.222817926568595,67.90794418924878,8.3908761326268,13.78196349528219,16.562279904088065,189.50327516051695,0.7740980939806561,4.567178754485871
2024-05-19,Capsicum,Sandy,5.749427522134366,26.051002608386007,67.66740104372391,12.098954333814536,15.764055514536334,13.850412378404116,169.93788657332212,0.5694479781082649,3.359743070838763
2024-05-20,Capsicum,Loamy,5.920383030750177,24.411186854412982,67.98196799846231,5.478655989061071,17.920031261301958,18.364731916659714,173.5115824840396,0.4016665391079905,2.3698325807371443
2024-05-21,Capsicum,Loamy,5.794653322895084,25.385161621824174,66.83014132873258,9.078600255909134,13.243136638755805,19.499550093322043,129.04109221422465,0.1695830008513689,1.0005397050230769
2024-05-22,Capsicum,Clay,5.9614951975815185,22.397177487170637,69.03553510159756,12.050345222633329,17.16164538177611,18.05636925274918,130.3478698013819,0.475719138665299,2.806742918125265
2024-05-23,Capsicum,Loamy,5.590250995569922,23.36745623549293,67.61643124650125,7.268705163314941,11.35418849817828,13.775454229955571,178.2984649576029,0.7016635500236633,4.139814945139614
2024-05-24,Capsicum,Sandy,6.174777728180752,26.3105957988218,65.58373951384398,12.952870447972224,12.912937472055052,17.88686429231424,129.67062891698995,0.3882189757864085,2.2904919571398104
2024-05-25,Capsicum,Sandy,5.587896332669879,28.7224217890432,65.64532562414531,11.30779733104932,11.447106361365199,13.514416734706835,156.27700708015317,0.2883574604413315,1.7013090166038565
2024-05-26,Capsicum,Loamy,6.54046346016907,21.403334188817674,67.68429573251309,10.875617721497983,18.112305584013576,11.67100087765634,124.9352310906702,0.8451037754167627,4.9861122749589
2024-05-27,Capsicum,Clay,5.803825706483563,28.123074566842128,69.68285109035419,8.535488542043371,12.226492352267854,10.333932048658575,181.69833808090692,0.757244560366394,4.467742906161725
2024-05-28,Capsicum,Clay,6.202015488985864,25.615049610489667,66.541760608381,9.824514703811175,17.174035554052104,13.8571671276102,111.050135122769,0.6106204955361157,3.602660923663083
2024-05-29,Capsicum,Loamy,6.644102813829896,25.51135653404499,69.34770584429609,10.973493009778531,19.432983972456526,19.03559303697282,182.94466397616645,0.2094266751364155,1.2356173833048516
2024-05-30,Capsicum,Loamy,6.346140579761352,25.002228281662084,68.82047793289439,9.724621139148905,15.27772209068877,12.389865877556765,160.27298005076017,0.2159270723249384,1.2739697267171368
2024-05-31,Capsicum,Sandy,6.192845122516736,21.555152687233466,66.23906221453453,11.983133239405602,15.400291922606877,12.06513164929784,118.69095348270773,0.1825756731646232,1.077196471671277
2024-06-01,Capsicum,Loamy,5.921633879049988,21.719014813889284,65.18170374158122,9.336969331069596,14.610335680978121,19.698207852410405,154.20353855061182,0.5930373335141946,3.4989202677337485
2024-06-02,Capsicum,Clay,5.9329024869756575,25.80729604527269,65.50923632571191,7.022731817420303,13.258901433936428,10.250041128505922,128.24988368473404,0.1924502371786688,1.1354563993541462
2024-06-03,Capsicum,Loamy,6.370333041757647,23.727668571484465,68.6424696692372,7.139337828010472,14.756550309249171,17.857821503937544,132.34673347304965,0.7741017590901065,4.567200378631629
2024-06-04,Capsicum,Sandy,6.792381169587518,28.338144532621445,65.99834869020323,5.058037688429411,16.028075322667593,13.213699557408702,135.15280415968803,0.8943720014554577,5.2767948085872005
2024-06-05,Capsicum,Sandy,6.360390946804192,24.252724298875776,66.85635460252696,8.009577155586724,19.859915721706592,10.374879568696594,106.3319246972321,0.3930785477669322,2.3191634318249
2024-06-06,Capsicum,Sandy,6.225118442581032,22.14625166962113,67.50849583003212,12.489176404785196,19.377645593182244,19.178025402095834,198.59616844014175,0.4629358775736779,2.7313216776847
2024-06-07,Capsicum,Sandy,6.44984566331102,26.717750668016286,68.62734084225082,12.941627088376094,18.621529582931217,11.396423302095837,103.15346281312242,0.669333741588543,3.949069075372404
2024-06-08,Capsicum,Sandy,6.104767295968833,23.34682737152808,65.56615611629563,7.0246754209575,18.891305357048584,15.517792837256954,166.24968731842785,0.8497224050606127,5.013362189857615
2024-06-09,Capsicum,Loamy,5.578185045381021,25.203762458847145,67.0318320263873,14.590439968714078,14.678491832920429,12.740542074295478,137.12276477574306,0.8152750188451081,4.810122611186138
2024-06-10,Capsicum,Loamy,6.230985860641283,26.582662284041362,67.42536454571348,10.024027934801268,16.574443271774648,10.65192802184691,164.6010290946699,0.1460734629998789,0.8618334316992855
2024-06-11,Capsicum,Loamy,6.744912869856994,28.202112889616565,67.7041353198577,14.169787490185026,18.95066722936214,10.499224856633791,135.62482530875837,0.235257442045412,1.388018908067931
2024-06-12,Capsicum,Loamy,5.727893825064958,27.337529558413408,69.09180320697608,12.067652818616311,13.92950764991353,11.155566988363388,167.37506462588587,0.7036777588462338,4.15169877719278
2024-06-13,Capsicum,Sandy,6.397006358066865,26.410888542981795,65.85839097521608,12.22433423022413,19.617624783454687,10.7136701388938,172.9235509468361,0.6511144864259578,3.8415754699131512
2024-06-14,Capsicum,Clay,5.761213795256773,26.437065459161147,69.0391572591331,5.850436213060712,14.15786062069183,17.60558115519923,169.05526403996447,0.2065748752320986,1.218791763869382
2024-06-15,Capsicum,Loamy,6.196575989815005,28.567397152256692,68.46439213848326,7.1999112689693066,16.010826653932156,14.855662022834291,111.39619813581523,0.5016516656012542,2.9597448270474
2024-06-16,Capsicum,Clay,5.625679384540735,23.366592779972287,67.7793540709948,5.088148332944726,17.09804713272372,13.428920913489797,165.68932346546848,0.7246517048682365,4.275445058722595
2024-06-17,Capsicum,Loamy,6.085482217135641,21.0088967535695,68.49763935201285,12.161276404767374,19.505920130759385,14.183689101320072,127.99875494540973,0.2750245458101549,1.622644820279914
2024-06-18,Capsicum,Loamy,6.48301232756382,23.17563647518559,67.06008869475828,8.4443828842851,12.44616274052266,19.28946735572623,102.88013705693335,0.797030108587733,4.702477640667626
2024-06-19,Capsicum,Clay,5.951842981510676,22.743131037013953,65.69198792984062,12.866525160763468,17.461309782386422,19.10751812738147,141.4830671888954,0.1423774198562943,0.8400267771521368
2024-06-20,Capsicum,Sandy,6.364385241833383,26.294676680911984,68.32882620132683,8.389362199370263,15.208155861440822,17.15676480122577,143.3543102803801,0.7257560680544591,4.2819608015213095
2024-06-21,Capsicum,Loamy,6.5340849490266475,26.069692798124233,67.62336153342811,13.19333752298861,12.68557140620641,18.84682377421688,146.71741333524466,0.5926551198318962,3.496665207008188
2024-06-22,Capsicum,Loamy,6.7053311653232885,25.74769106163779,68.19687400271388,6.30698253748313,17.766068397963906,13.196480275876247,170.4824165390716,0.3521594773234793,2.077740916208528
2024-06-23,Capsicum,Loamy,5.80503470641209,21.12994754567563,66.68999390514244,6.733731567575082,15.522222801738465,13.811093260082828,130.88438091424592,0.6767460386735291,3.992801628173822
2024-06-24,Capsicum,Clay,6.0191106905521,26.83022443560518,69.53433288669918,8.408765395839364,16.609738206496758,16.13712181854228,131.52805131039224,0.7258926361209278,4.282766553113475
2024-06-25,Capsicum,Sandy,5.698140817329542,23.58824329988393,67.93684934287788,9.084873888822733,13.22901068577901,16.23625947297264,106.05522562412605,0.8471191770431754,4.998003144554735
2024-06-26,Capsicum,Clay,6.790228552805887,26.320447912053048,65.42701242145436,8.487028108429783,14.81273951827605,14.81699838012341,168.6821215992296,0.3942197377234109,2.3258964525681245
2024-06-27,Capsicum,Clay,6.705101258301584,25.452627428017227,67.24901995352215,12.6364703252322,16.17354250988067,14.006578484379533,156.7826091399584,0.648813388783964,3.827998993825388
2024-06-28,Capsicum,Sandy,6.201944269364727,23.741847403423257,68.78178027371817,5.969513926267148,14.04910814269844,19.861803116086953,134.9425112693788,0.5820930215477528,3.4343488271317417
2024-06-29,Capsicum,Clay,6.594643282689347,22.076610136832862,68.97067280866136,8.512170196384881,11.983725398477013,18.211236261177245,170.51889789173546,0.5201648555656708,3.068972647837458
2024-06-30,Capsicum,Sandy,6.1772453704536545,21.75535118128385,67.4729852638188,13.372399995154591,19.61640492315304,14.349801978880452,153.7357749226877,0.8123331793240304,4.79276575801178
2024-07-01,Capsicum,Loamy,6.310661394403588,27.65214666489779,69.47373785415651,5.66797077262172,15.114675400426174,17.272924772395683,146.92449458705397,0.1025338513107202,0.6049497227332497
2024-07-02,Capsicum,Sandy,5.615861761750821,28.347180336652464,66.33834218597148,14.423435076713574,17.339203702877004,12.695616932524594,151.13245436611265,0.3256892848828781,1.9215667808089807
2024-07-03,Capsicum,Loamy,6.48185154664585,26.198304374114397,67.05299348619133,14.863168422720127,14.110471935560582,11.0016932623733,163.63481252670564,0.5306217916358641,3.1306685706515984
2024-07-04,Capsicum,Clay,5.666027528725805,21.827472918883867,69.49298455284485,5.885681738250801,13.551317640257164,13.524310255527407,166.00026045745994,0.2426346093092418,1.4315441949245271
2024-07-05,Capsicum,Clay,6.573887919328286,24.216217735105925,69.48128358235789,7.91272522255737,14.07164298467125,14.029728001233941,128.8957819140717,0.8262932269862067,4.87513003921862
2024-07-06,Capsicum,Loamy,6.516636513971502,26.83151360084126,68.4285638441234,8.724006660353561,14.091966437856499,10.165371245606709,114.07433633911532,0.6180760940904123,3.6466489551334327
2024-07-07,Capsicum,Clay,6.421368107065869,27.238567072080546,69.2949027356111,12.76391368652726,15.441801159419537,18.14792001635896,115.66341811905187,0.482306395705592,2.845607734662993
2024-07-08,Capsicum,Sandy,5.547008494682191,21.94574897832871,65.44386633478116,10.959268121167336,15.434698699813632,13.591934023891815,163.93908859030017,0.7517614072533236,4.43539230279461
2024-07-09,Capsicum,Loamy,5.894066862728927,21.00024575076306,69.32497488103888,11.443657004925674,14.971538158828716,15.80418165780147,187.28732857671258,0.460708953172083,2.7181828237152903
2024-07-10,Capsicum,Clay,5.842046340884096,26.69709636704484,66.60309953275113,12.57509822818506,11.347857849174382,10.739631872709559,140.94962783455517,0.5469224095440076,3.2268422163096453
2024-07-11,Capsicum,Loamy,5.968177329712975,23.852769407889646,65.89165756214108,6.179789994370257,14.96075478500531,11.74996828750584,116.95201603294623,0.1022007964431368,0.6029846990145071
2024-07-12,Capsicum,Sandy,5.61393557079299,23.03585065294608,66.19684918171023,13.332094569102624,11.691039004206514,18.8969372532756,175.66024982938546,0.3925604241560588,2.3161065025207472
2024-07-13,Capsicum,Sandy,6.718045169940382,21.1031797583162,67.08984254006944,12.05619804180144,11.261357862957652,16.086875278828007,183.24894744194484,0.2110323778807758,1.2450910294965774
2024-07-14,Capsicum,Clay,6.219942912926089,25.322395254091997,66.25596002302234,10.773417251963703,19.326457173411676,19.502840501704856,188.05824431209666,0.6517509445298328,3.845330572726014
2024-07-15,Capsicum,Sandy,5.89718160385543,27.809205883407856,66.6028379300825,13.897353347830569,16.049500131477043,19.98750034391317,160.68314289137334,0.483221567180587,2.851007246365464
2024-07-16,Capsicum,Loamy,6.016075972196568,28.661053170180704,65.67489243035821,12.00306353883807,16.59490058124584,13.718601153330944,186.07285593880846,0.3414060458001846,2.014295670221089
2024-07-17,Capsicum,Sandy,6.081363302656286,25.525959604906312,66.480883827795,7.016999626310254,14.017936703333637,12.988030640832747,101.54149584484077,0.4742658714973939,2.7981686418346245
2024-07-18,Capsicum,Loamy,6.2807726333688025,25.115690621919153,67.86141907271,9.297453810756668,19.08980891914864,18.583560551590967,110.72358017695235,0.267703910361077,1.5794530711303545
2024-07-19,Capsicum,Loamy,6.170383256005447,21.68045108391393,67.20926854045533,9.940428669357331,16.379304895796654,19.986114270374543,109.25760670520988,0.8400693059889125,4.956408905334584
2024-07-20,Capsicum,Sandy,6.695209565178742,25.390982412340797,66.73359380617956,5.5521762675040565,17.691698695235875,16.296412342324572,171.2604684254733,0.1431781060407304,0.8447508256403096
2024-07-21,Capsicum,Clay,6.146052527777579,24.039832631723158,68.73226064428557,14.546375133600558,13.685624690277137,17.951407225115226,106.9581783543579,0.7923336282368963,4.674768406597689
2024-07-22,Capsicum,Sandy,6.789805419270307,25.857082247068615,69.46754985696658,6.285772607968784,19.600118808191255,17.817458588152746,149.6364372466307,0.5090870309866807,3.0036134828214167
2024-07-23,Capsicum,Loamy,6.606852445068625,24.109810783012374,68.78394611451199,11.974612672267268,18.20461290158315,13.55339708219547,147.27068986362892,0.5951571969110538,3.511427461775218
2024-07-24,Capsicum,Loamy,5.771063668664537,22.922392987602933,66.6600035105884,10.062310360908802,18.539484630145438,15.742703802570873,131.0703523558241,0.342084496726963,2.018298530689082
2024-07-25,Capsicum,Sandy,6.709773779037091,21.75972220182701,68.72221083918777,5.256322498844225,11.721942674257543,18.330569412642134,187.04051699420998,0.8733580934354571,5.152812751269197
2024-07-26,Capsicum,Clay,5.651276317251119,23.519347556711168,65.75990091237026,14.247474758643616,12.709632078712195,16.881138762610554,117.0433201879996,0.3254807668155919,1.9203365242119923
2024-07-27,Capsicum,Clay,6.562684621038549,21.773158674302017,65.65158994045646,13.518368088189332,12.85626599683577,10.211638139820383,135.24627843992397,0.5711023977122435,3.3695041465022366
2024-07-28,Capsicum,Loamy,5.994810281519554,22.415175606591873,66.72813518518079,10.242579279038356,12.709092232468713,13.367056688975335,177.4171500022929,0.8947333640857031,5.278926848105649
2024-07-29,Capsicum,Loamy,6.6413666165785905,28.898689268636367,69.03851184522028,7.289423361394452,18.55408162104288,11.444756965946054,103.04223143932842,0.8048755171067566,4.748765550929864
2024-07-30,Capsicum,Clay,6.628473697139685,24.55282845525295,66.2317412362115,6.216228906800943,10.318847952085921,12.32972212078039,167.29504002463688,0.5290638602288849,3.1214767753504207
2024-07-31,Capsicum,Sandy,6.547703020152907,25.254974132040132,65.3162670444934,8.633924794321267,10.760999889807742,19.054894774913258,181.63977263615706,0.8922996183737697,5.264567748405241
2024-08-01,Capsicum,Loamy,6.527039567199179,27.988948229897723,65.65854767603177,7.554282810460905,12.739148706299037,10.36893288910768,193.22678388381672,0.6610958893860917,3.900465747377941
2024-08-02,Capsicum,Loamy,5.896082880827453,28.964551203925502,69.2937248426479,10.066912010062987,11.998729746494437,12.198007119619238,187.6296640491485,0.2669603329134474,1.57506596418934
2024-08-03,Capsicum,Clay,5.605195067966628,25.661715594757453,68.16891642373643,14.664092961234289,12.318596138828484,13.095693522382314,131.9384116833685,0.4244769683486451,2.5044141132570066
2024-08-04,Capsicum,Sandy,6.02387423239471,27.499790568353372,66.26600581684988,10.749534932296411,17.979431892533,16.168840719663947,158.63641413229527,0.3675946672092408,2.168808536534521
2024-08-05,Capsicum,Clay,5.725581869482461,23.615528194693404,67.77647912664091,13.89931055890098,15.63126593892047,15.341016900858655,107.72934931504659,0.3752109666169513,2.213744703040013
2024-08-06,Capsicum,Sandy,6.4034364155732,23.445951659578327,67.63789811212675,11.508788374957772,10.05770661292968,12.182694828533862,125.78700035480085,0.708365151487893,4.179354393778569
2024-08-07,Capsicum,Sandy,5.949929644499121,24.221629767956482,68.2771798922033,9.752465265872004,14.293227657041953,11.642410672231545,109.42223787475073,0.5674103418182349,3.3477210167275864
2024-08-08,Capsicum,Sandy,6.768293261117889,26.380058101389192,66.16593777210808,13.546075627333712,14.078849268503589,12.367980345961188,131.5187290153964,0.1304741692716228,0.7697975987025748
2024-08-09,Capsicum,Loamy,6.333263700548931,26.45753351404079,69.32201493597199,9.713681101729977,11.139452694445435,15.025296267016556,187.5187213458729,0.8019587869207808,4.731556842832607
2024-08-10,Capsicum,Clay,6.569224732724669,23.521915477195606,66.54684281040007,13.68628170510361,16.76141788601457,12.711777857112034,134.71668396742928,0.3374369123841316,1.9908777830663769
2024-08-11,Capsicum,Clay,5.672282074564403,22.065679393093028,68.47065826988118,7.915767695757653,17.02097188379491,19.476025016077223,156.18981030014265,0.897659901530515,5.296193419030039
2024-08-12,Capsicum,Sandy,6.620618826954409,26.059170051724067,65.08062323186107,6.288130737629881,17.208932190520976,14.638652214288475,143.33808481149407,0.8633525842678286,5.093780247180189
2024-08-13,Capsicum,Loamy,6.699584347667413,22.026606897510117,66.86328564947074,13.553144643629384,17.28470945558592,10.58796016544637,145.89165242987355,0.8524245733455722,5.029304982738877
2024-08-14,Capsicum,Loamy,6.133180494464616,25.62794006583464,66.75854908979404,10.874151637926667,10.000528269322968,17.292664058366334,196.95720518365584,0.7489020832511789,4.418522291181956
2024-08-15,Capsicum,Clay,6.28812881907627,26.547377024450473,67.71742214291507,13.890923982489602,19.539208038467223,13.288452882089896,129.61544682638578,0.2764906653468341,1.6312949255463212
2024-08-16,Capsicum,Loamy,6.494252741173894,26.604891971155613,65.36368130888599,14.378272069923833,18.14208767054663,16.534889320582476,162.73244695231713,0.5261061952230256,3.1040265518158514
2024-08-17,Capsicum,Loamy,5.727290215438536,27.027776885276772,68.95065686863055,5.536283903714492,19.039816965892854,12.79594370523232,142.00626695794472,0.2794421014599797,1.6487083986138804
2024-08-18,Capsicum,Sandy,6.153335899402475,27.982875372525317,66.08890400883784,10.009693018588685,10.156432953074342,15.7074374173332,106.11461810476862,0.3077403644711594,1.8156681503798404
2024-08-19,Capsicum,Loamy,6.018261936104007,24.999671935718307,68.38518907441005,8.749645490745293,19.338587957857392,17.721525048074646,148.9330831624236,0.588761415549022,3.473692351739229
2024-08-20,Capsicum,Sandy,5.690286189810924,26.84199351623657,69.01606061622047,11.25858397070117,18.097885286881045,19.28008741774554,181.33433290451083,0.1326668362824507,0.7827343340664592
2024-08-21,Capsicum,Clay,5.977794748978991,25.953381882926692,67.80938478120757,12.935911972023234,18.372191429586984,12.611271444330772,109.87529686816883,0.8755668534565662,5.1658444353937405
2024-08-22,Capsicum,Loamy,5.588624002201142,22.493119518381462,68.70441603360993,7.80590215974369,10.932873847219685,13.348569509989812,106.9591847396309,0.8349385380623716,4.926137374567992
2024-08-23,Capsicum,Clay,5.533555479034333,21.205517158955267,68.30930156107503,10.567983843731716,17.387780289185976,14.642664202859397,115.36315203932666,0.4046140577261758,2.387222940584438
2024-08-24,Capsicum,Clay,5.67571617590127,23.27633108541547,66.77764898576004,12.087285799048995,19.59916689642091,19.271748377359888,176.44001113893063,0.5123379584055304,3.02279395459263
2024-08-25,Capsicum,Loamy,6.7520496450659255,24.544269650700954,69.04429269516783,6.34431082835734,16.785473414181606,19.01386856810657,172.3995384144738,0.4728955354142072,2.790083658943823
2024-08-26,Capsicum,Loamy,6.214388396663522,25.93684755542925,66.47350684942764,13.140669059512668,15.705614046246065,10.89878280100638,156.50177689061104,0.8057598228939759,4.7539829550744575
2024-08-27,Capsicum,Clay,6.755568809499186,27.799674644025643,67.85606458875759,11.06109599852973,19.456296777489968,11.319298257538108,146.82264040926324,0.6508815010528888,3.840200856212044
2024-08-28,Capsicum,Loamy,6.062247241829171,22.569965733649326,68.7269886957077,14.495374371136515,14.429371217344361,14.955091773306382,188.8325814702622,0.3224889979394851,1.9026850878429624
2024-08-29,Capsicum,Sandy,5.905360973010837,22.004398319187818,66.89477954906253,8.395289191306933,15.992935663104788,11.066192728054235,176.66978238334826,0.4574730035722375,2.6990907210762014
2024-08-30,Capsicum,Sandy,6.157984421692317,28.70783957979462,66.51383803808713,6.081459423371987,14.763382934943662,13.455808733486975,181.1942251301805,0.443172780549411,2.614719405241525
2024-08-31,Capsicum,Loamy,6.071365195222783,21.864356475011256,67.29673005086411,10.065012010369252,19.32846221360299,11.483853782174776,181.32623013506543,0.8674681346271349,5.1180619943000965
2024-09-01,Capsicum,Clay,5.6373640895402675,24.827928560857515,69.08981747174576,5.858107717094389,10.760847267655073,16.36040355131886,164.2717154745558,0.2402487284117117,1.4174674976290993
2024-09-02,Capsicum,Loamy,6.333074209097268,25.684509830346414,69.64960881572833,14.695265233240068,15.011197008253482,19.494954317391617,145.8014624315946,0.1716610698355432,1.012800312029705
2024-09-03,Capsicum,Loamy,5.780849637262479,25.330995367259504,67.72541706429945,5.386849582571916,16.869524413854382,19.967337702943816,186.46777525856504,0.8044950657293523,4.746520887803179
2024-09-04,Capsicum,Clay,6.305464341367179,21.688257256263547,68.30733102661826,12.53503901107308,17.91906538422237,13.752411324969149,192.60074176032506,0.8173487916046968,4.822357870467712
2024-09-05,Capsicum,Clay,6.345261420117599,21.456215312028956,69.51636811119457,10.25102398142244,15.830186474441364,15.990126371146122,102.3806043258343,0.7973912703297318,4.704608494945417
2024-09-06,Capsicum,Sandy,5.6976323090672425,21.843867419688287,65.49273425706471,8.686206524982886,19.089177441214538,18.56267653524081,105.15548732662513,0.5087815325004451,3.0018110417526263
2024-09-07,Capsicum,Clay,5.579754515243868,25.6847014709809,66.16039288933082,5.6584216450865465,19.41991446883872,11.17462072796384,195.87432969084372,0.6277955426155684,3.7039937014318536
2024-09-08,Capsicum,Sandy,6.514990061888971,25.35475910107457,68.54450003125791,11.221669241736077,10.643192231935835,16.895644110519648,127.71606138441948,0.5506904380487871,3.2490735844878444
2024-09-09,Capsicum,Clay,6.097740550900117,22.869926336293954,69.11872230956149,10.852203293909552,14.023705395413744,14.088436617250682,187.33694396494187,0.1555582608435207,0.9177937389767724
2024-09-10,Capsicum,Loamy,5.575612934157118,26.102193134764732,69.28514514165289,7.808832730675998,10.234590217211544,12.061461602801641,138.87951189614026,0.576667917520578,3.4023407133714105
2024-09-11,Capsicum,Sandy,6.793326212320697,27.560540016445195,67.07553588427466,14.102217014103122,13.29416657374443,14.02753618747442,111.91000576093556,0.1108913178048807,0.6542587750487963
2024-09-12,Capsicum,Sandy,5.575114729295277,21.33263167877275,65.44669951145933,8.04110007342837,15.36868217970602,10.759602869649168,108.04432002093343,0.3599899276456689,2.1239405731094467
2024-09-13,Capsicum,Sandy,6.403545797516119,24.98503954838434,67.1889073864981,9.497254105921062,19.10794930509949,16.954071485893056,115.65078990804565,0.8458340606985336,4.990420958121349
2024-09-14,Capsicum,Loamy,6.778782602842438,26.514483296821524,66.15367295103528,10.437624559186556,18.465543224654027,12.527426687484532,124.98931948673648,0.343236215708646,2.025093672681012
2024-09-15,Capsicum,Loamy,5.810934135480704,23.018495416557496,66.45598227498311,6.002318781762861,11.274997266719858,13.11405645044878,148.85183539308264,0.8518613141153983,5.025981753280851
2024-09-16,Capsicum,Loamy,5.684924179293355,23.462167242345192,68.86133778418753,14.321617192136324,10.930303747408956,11.210812982414627,170.14979005657835,0.3001071657193954,1.7706322777444332
2024-09-17,Capsicum,Loamy,5.657800421249157,25.90910322391507,65.37763543012943,8.745361524510411,15.89267338756667,18.646591138898916,198.63985764852998,0.351649792369226,2.0747337749784336
2024-09-18,Capsicum,Loamy,5.894257691837874,28.183482347549894,69.13790608740351,5.807792138743436,15.321179724587827,14.934442792827387,144.1506743289171,0.6027259971508429,3.556083383189973
2024-09-19,Capsicum,Sandy,5.631359554313841,27.479395362423194,67.13834542912085,8.872911736753299,12.663776414300239,15.721468777864002,151.81849423431098,0.7093015782314359,4.1848793115654725
2024-09-20,Capsicum,Loamy,6.399809744202371,25.665041752796668,67.98031965550298,11.002025470925808,18.99453084553835,15.694326830948546,152.18157013832555,0.5011102144039072,2.956550264983053
2024-09-21,Capsicum,Sandy,5.580979337569081,26.841773742057995,65.44826115617839,10.136526718213297,19.273664094615533,14.104931145413417,153.94343554879362,0.8056925497553243,4.753586043556414
2024-09-22,Capsicum,Loamy,6.162248766594726,23.91857976166239,66.6867953917864,11.94541974037274,14.026114383401627,11.925299154381396,151.77406571044622,0.1321923372884954,0.779934790002123
2024-09-23,Capsicum,Clay,6.79570591000887,26.12772422479006,65.44850459507423,5.554839420679106,18.903025571135203,17.451327484984,100.87747550619179,0.8377558709074965,4.94275963835423
2024-09-24,Capsicum,Sandy,6.558161350357825,24.729452729020455,69.80771861440554,7.8454061027205615,13.839488942629727,11.270562653576743,100.17248221098407,0.2570462399163264,1.5165728155063265
2024-09-25,Capsicum,Clay,6.299785269700314,22.51948909166049,69.03630824663125,13.192305768401022,17.368168318297002,11.038737902788105,109.76663181261229,0.8073909960677248,4.763606876799576
2024-09-26,Capsicum,Sandy,5.898129707022595,26.613906191018057,67.2981637717823,5.798936877913609,14.75942217547724,17.101450375965033,110.15566034291788,0.4206905435891044,2.482074207175716
2024-09-27,Capsicum,Clay,6.31106458717913,25.451717098790574,66.11801274161836,13.554859546959577,11.22583156507183,12.088370204519839,170.4896908954796,0.7662056446968302,4.520613303711298
2024-09-28,Capsicum,Loamy,6.185153903085147,23.86897265562873,69.66727552624926,5.918960920771062,19.279342012370215,13.067727513528324,120.49160325159997,0.6373324398429561,3.760261395073441
2024-09-29,Capsicum,Loamy,6.053908399057483,28.290713520629048,66.72298297863486,13.344542148916965,14.540965933775366,14.752274670017403,189.4714104755613,0.2407533059826097,1.4204445052973973
2024-09-30,Capsicum,Loamy,5.669923489762259,21.167472942613866,65.80492215843688,8.607884010787267,17.344870403224036,14.493513167295461,192.86063295770197,0.8344380559051587,4.923184529840436
2024-10-01,Capsicum,Sandy,6.652585479812607,23.52618520999597,67.81582194226978,11.122090632572158,13.671738144312922,17.08579125064999,197.5893337895899,0.2964139123907677,1.7488420831055298
2024-10-02,Capsicum,Clay,6.084720043467719,21.455051182221172,69.71887060172408,6.5288711564799815,10.188808785762347,16.23431793443361,193.908130488702,0.2953120949559993,1.742341360240396
2024-10-03,Capsicum,Loamy,5.753009265366995,27.132218529773017,65.01915145250162,5.661687217251808,11.005303586918359,16.443961622818655,127.18883219185247,0.7513431173099044,4.432924392128436
2024-10-04,Capsicum,Clay,5.978087156140476,26.61685963291034,66.19062421627,7.159382040201351,14.962194794899244,17.140543306554573,150.97768447035125,0.1846986044580168,1.089721766302299
2024-10-05,Capsicum,Clay,6.038368678287605,23.650817749890535,69.69223820205204,6.278538179086955,16.899643571263624,12.926127274234654,117.5454970196941,0.2776287250963682,1.6380094780685728
2024-10-06,Capsicum,Loamy,6.575799264236936,26.405303217656584,65.85542983428581,8.124058976796318,13.34735326579279,13.223333118004737,180.62096551724332,0.5029420587368499,2.967358146547415
2024-10-07,Capsicum,Loamy,6.453698694729822,24.1674978095676,65.5662172581991,10.1438324651102,16.954884591776505,14.379977478955542,188.84317051440962,0.7643816229492995,4.509851575400867
2024-10-08,Capsicum,Clay,6.500096361733742,27.050030331379475,67.85093607899903,10.887594635650096,16.98635589431956,13.074621730335261,185.12888392975148,0.217987179789814,1.2861243607599029
2024-10-09,Capsicum,Loamy,5.514340643757241,24.633469301893648,69.30921911647415,12.898681073797428,17.03935907327831,19.849378689708637,143.3366948696835,0.5381345876098771,3.1749940668982752
2024-10-10,Capsicum,Loamy,6.04100019763369,24.298237822653324,67.38554908846963,11.562398932483584,14.925218540205083,18.140519264214298,175.8673884686781,0.6689924734423516,3.9470555933098734
2024-10-11,Capsicum,Loamy,6.12574739712592,28.47783932390641,69.97282128342262,11.08758325129553,19.148861501215038,11.646546882560296,109.75791695762695,0.7884761797727611,4.652009460659291
2024-10-12,Capsicum,Sandy,5.524949959869974,23.007032799125604,68.39585849768997,9.117820274857744,14.891965179806157,10.055941558818695,104.02447706192507,0.8484524481617757,5.005869444154476
2024-10-13,Capsicum,Clay,5.837757171368544,21.963578719972524,65.37037453605224,9.738084349601388,14.502651934966382,10.427832682472678,175.32364143087608,0.727711931575146,4.2935003962933616
2024-10-14,Capsicum,Clay,6.4883767700587756,25.676344906075666,69.96416065840988,9.14520829390181,11.99380819010627,12.440634510429252,142.53552743286838,0.6222627185776015,3.671350039607849
2024-10-15,Capsicum,Sandy,5.678242617447699,28.75457449827343,67.03947118390096,13.421660300613832,13.076550873563365,11.142912858368565,199.55492647395693,0.4468960682502126,2.636686802676255
2024-10-16,Capsicum,Clay,6.195903170888369,24.022713709817495,66.43701266922741,7.300004525483999,10.423344925183034,15.33338114892572,109.72542158555324,0.1896881233507357,1.1191599277693407
2024-10-17,Capsicum,Loamy,5.779762433622409,21.496294109030252,67.78939591788942,5.057209315419646,16.3353529361617,18.579952227273587,185.56276815352336,0.667789754020417,3.93995954872046
2024-10-18,Capsicum,Clay,5.515757007037061,23.71444213847654,66.52153795910432,11.513198972262392,12.485357439270928,17.367502209132276,147.99830655289918,0.8941898435803896,5.275720077124299
2024-10-19,Capsicum,Loamy,5.813561894879404,25.047453234556468,65.43228753560076,7.024621836388314,13.041552544854651,12.156090630821904,182.7150195503877,0.6894084757856799,4.067510007135511
2024-10-20,Capsicum,Sandy,6.768635881383069,22.29538405305771,65.00714171539589,13.901151363098093,17.70814521664321,13.992992560257859,181.7127282170145,0.113368874990181,0.6688763624420682
2024-10-21,Capsicum,Loamy,6.541998245447886,26.264817744451936,67.24791676460131,13.59046329706656,13.272211831614538,15.078942095312776,191.59920013620774,0.497007982433471,2.932347096357479
2024-10-22,Capsicum,Clay,6.747449637617343,28.981995112081606,69.18431711113296,5.767273719282059,12.421958920131422,18.102058495033354,129.78500112861028,0.5917173059863231,3.4911321053193065
2024-10-23,Capsicum,Clay,6.134210257104272,24.61391580785155,67.86157592815039,6.0638840541407735,11.690577491337057,18.391216031061646,194.9799353462003,0.6517393608822745,3.84526222920542
2024-10-24,Capsicum,Clay,5.642657058280754,23.837828453841702,69.9960364947172,9.951715922466663,17.74858402181956,19.097183119077762,115.16669603576203,0.6757806684805668,3.9871059440353447
2024-10-25,Capsicum,Sandy,6.2123473356658,24.20563333467573,66.434233228236,11.092226627693549,11.297062579900269,15.092452505028753,108.19687775934905,0.5464867529732192,3.224271842541994
2024-10-26,Capsicum,Sandy,6.090690534927949,21.921169427161608,66.40227532380028,7.749083374822407,14.537537602503535,16.94274746435863,143.1615517372349,0.2786882661873922,1.6442607705056145
2024-10-27,Capsicum,Clay,6.5976642075615,28.06618881140979,65.79874730116973,12.167977166993706,15.069301160771944,11.118003712339371,182.83229686418426,0.8537605291812373,5.037187122169301
2024-10-28,Capsicum,Loamy,5.627507355019518,24.318605244170815,65.82031794132668,10.949160209188715,16.873899126857147,15.65288959953982,147.34211306334456,0.6573331741309295,3.878265727372484
2024-10-29,Capsicum,Sandy,6.134713478128312,24.09819529139873,66.42593298005023,8.248241097485547,16.332834823329954,12.486918094711351,182.9286677530514,0.2894720294955276,1.7078849740236128
2024-10-30,Capsicum,Clay,5.6950632641021794,26.277522183443793,68.96420022636764,5.253714880423156,18.107206729451747,14.31716885026611,172.96868057943053,0.3578574658162183,2.1113590483156885
2024-10-31,Capsicum,Clay,5.9220787049570776,24.53626736744899,69.52878395318224,12.501502812985176,10.447514339262382,16.340505083067193,120.94283861389336,0.8375421365042958,4.941498605375346
2024-11-01,Capsicum,Sandy,6.4585642006041395,26.18586775046277,69.8754358485384,7.147536658250827,12.964407247793972,12.56985937853781,194.88816248994638,0.8099881493658686,4.778930081258625
2024-11-02,Capsicum,Sandy,6.118823568179397,21.4915703210463,66.16144827048227,13.344737434626284,12.801341187753797,10.52185057796761,106.07811686294033,0.4241171506864717,2.502291189050183
2024-11-03,Capsicum,Sandy,5.9886547706895,27.50978674977782,69.40648772807046,9.20290260054255,11.460169055921082,10.102338564087574,189.8279707543795,0.1306457775931608,0.7708100877996487
2024-11-04,Capsicum,Loamy,6.012819162141046,28.52403162303522,66.64127544638669,10.770774426317654,12.891782538564431,10.221595355445215,130.4443448990374,0.1387978951151505,0.8189075811793883
2024-11-05,Capsicum,Loamy,6.097280798927782,26.190123089275087,65.56420272258443,13.72948730409002,13.097653141429035,10.083497375137696,150.01480831643994,0.3271346327347112,1.9300943331347964
2024-11-06,Capsicum,Clay,6.520521506988174,28.636527430870487,69.35012462760083,13.636230009199531,15.218844619274783,11.103550565578754,142.23518727007345,0.6032977754711996,3.5594568752800777
2024-11-07,Capsicum,Sandy,6.659710095622304,22.211458514959705,68.1805281732181,8.715195752435733,16.63704478926256,12.394887145701299,117.18345569169162,0.5673557082676495,3.347398678779132
2024-11-08,Capsicum,Loamy,6.7419350924551065,24.81932951584283,65.82365448040531,7.088888927148432,13.81100513611814,12.212215141822991,135.81468664016933,0.6070622295551542,3.58166715437541
2024-11-09,Capsicum,Sandy,6.522974402131883,25.81445387156358,67.149156287565,12.751460777285946,17.19470231313381,19.867965941798968,119.29344362927952,0.6738263775456853,3.975575627519544
2024-11-10,Capsicum,Clay,5.910028964472416,25.653893179369494,66.43628847438534,9.33080203602131,13.3616533857958,13.060061052089432,120.38864754605238,0.1152258028741907,0.6798322369577254
2024-11-11,Capsicum,Loamy,6.394575117912504,24.211694232712347,68.68397284355099,6.920419935590041,12.902836773147603,11.27420783359399,118.70568360263803,0.1840684761379543,1.0860040092139305
2024-11-12,Capsicum,Loamy,6.068884061272009,23.70467527493009,67.26708115312134,14.044253423171504,15.411880558570243,15.45562544167758,148.90173803465942,0.3875867614617702,2.2867618926244444
2024-11-13,Capsicum,Loamy,5.831071808659867,22.01459218040335,69.94639972553192,6.981041942410874,10.237163603057907,18.579574553975085,179.79313675113156,0.2238879980172654,1.320939188301866
2024-11-14,Capsicum,Clay,6.593133053253699,24.133939604498224,65.27372491129798,5.258071681912311,10.797891236340003,16.78060376787675,156.8970033761241,0.1602560340356433,0.9455106008102958
2024-11-15,Capsicum,Sandy,5.5499542536510225,22.30128652084388,66.77507633068123,5.2027997376742,14.17969543586527,12.960820891354503,189.3206588550842,0.6127715167978656,3.615351949107407
2024-11-16,Capsicum,Loamy,6.6722905897760505,26.874925411937745,67.40950083554989,11.223153564542642,19.429127113917566,15.61616159791455,163.65444885767243,0.7522691819928793,4.438388173757988
2024-11-17,Capsicum,Clay,6.099920704012154,22.67064748395672,67.5156677737416,11.616750607175304,17.215117798434235,17.148559742004092,168.93401156326044,0.702101325947426,4.142397823089814
2024-11-18,Capsicum,Sandy,6.328361919850765,21.46852244227627,66.57967911192819,8.11041705056984,10.881265695005577,17.281044923677424,166.7607229727003,0.7536318228873434,4.446427755035327
2024-11-19,Capsicum,Clay,6.357160098867517,25.418929102537874,68.64620124548784,8.200109892470634,18.463180127808737,16.66538455297689,144.9459193183741,0.6326852352463017,3.732842887953181
2024-11-20,Capsicum,Sandy,6.663653062918497,25.76183786175521,69.37373536744488,8.394939150599427,17.32300770608181,18.708104247756182,168.9338822200083,0.6882762574513618,4.060829918963035
2024-11-21,Capsicum,Clay,6.327670586817369,27.975304490244042,69.69359650988932,11.801585467588788,16.10946525702653,18.701054583441042,106.97077464689612,0.3174230193666411,1.8727958142631824
2024-11-22,Capsicum,Sandy,6.29811366018808,25.615852899341455,69.02546688399764,5.581337910268286,18.20292960609177,15.789365594070032,185.9851471915663,0.8944064290273315,5.276997931261256
2024-11-23,Capsicum,Loamy,5.586647652728897,23.763846829787568,69.25290098653299,14.291163526913255,14.041098477429571,14.298563691112122,177.78121434439174,0.2465325235951097,1.4545418892111472
2024-11-24,Capsicum,Sandy,6.173930428528765,27.424095052210564,67.75272650309998,7.225210441774465,12.215010508538526,16.415702955651,124.52299582316789,0.271595099511506,1.6024110871178856
2024-11-25,Capsicum,Clay,5.695219701062154,25.32223114549937,69.12944113213408,14.996732052420922,15.120233891087594,18.182120013704633,176.80324542540825,0.3311374654526775,1.9537110461707976
2024-11-26,Capsicum,Clay,6.458663899337931,21.634242277049534,66.51751954573976,6.71522693787187,15.488417555934738,10.056521048411847,101.26426014000185,0.8802659440852632,5.193569070103053
2024-11-27,Capsicum,Sandy,6.165888497056477,25.526804482505973,66.99239381054608,12.715464573123777,15.383263720099121,19.91997009014851,121.72465724808805,0.8906308714831249,5.254722141750437
2024-11-28,Capsicum,Loamy,6.384296112970859,28.264148363373298,66.58456506909272,7.234125449296251,15.650737914801052,11.828937723291993,106.5137238670896,0.735914999765198,4.341898498614668
2024-11-29,Capsicum,Loamy,5.554174770783099,24.170501003985763,67.33693667723962,5.80846801643254,19.487049182391807,14.702489856599762,178.02269166178945,0.603246078847707,3.5591518652014718
2024-11-30,Capsicum,Sandy,5.610229620859545,23.370606415198402,66.42789808119318,13.749333243506488,19.022456230962312,18.720297348428666,175.5874151178387,0.5160500601476907,3.0446953548713758
2024-12-01,Capsicum,Sandy,6.431220404481487,22.14775565614416,69.80805721127223,13.58751259190892,18.757170365589396,12.250403990441994,181.36360238018307,0.8764966765494766,5.171330391641912
2024-12-02,Capsicum,Clay,5.593709636798275,22.21156417548286,66.56422314002835,9.035703924496014,18.01416810908627,14.767952239003833,100.44816933255288,0.656498242286598,3.873339629490929
2024-12-03,Capsicum,Loamy,5.592633746094836,24.46217187473455,65.4902226905547,12.023961425404268,19.43428107265285,11.325821801811792,150.1232726678408,0.8557841026608242,5.049126205698863
2024-12-04,Capsicum,Sandy,5.515741017805354,25.765438593292238,67.63408583025206,10.570659326839172,10.984946416794033,13.950763253881926,170.48361975173367,0.3532406395820991,2.0841197735343853
2024-12-05,Capsicum,Loamy,6.743451817789324,21.644923241356814,65.28549539222588,13.529561136737488,12.651232614457395,11.771354547930025,115.54011287390155,0.3670198338156525,2.16541701951235
2024-12-06,Capsicum,Sandy,6.458760867296709,28.516548712201327,65.5527158315429,8.150559693186544,14.950559456545848,13.63627748771157,164.97907275126246,0.7837796752947485,4.6243000842390165
2024-12-07,Capsicum,Sandy,5.959226831052684,27.04106893956157,66.09694694598123,10.236723999989852,18.46534493123405,13.73464216792722,108.41100993096858,0.2198839364682355,1.2973152251625897
2024-12-08,Capsicum,Loamy,5.885496255673952,25.692991346269302,67.32175124941071,9.853723712045504,15.051657115227325,19.93170789598333,118.13258561043132,0.8567422890368607,5.054779505317478
2024-12-09,Capsicum,Sandy,5.954614198669605,27.627509367511927,67.16625466154514,8.539058262568588,17.480347393415887,19.94813029303772,147.5796814994601,0.505979483730726,2.9852789540112834
2024-12-10,Capsicum,Sandy,6.507049590535536,21.641494054496906,68.99845931001396,13.914550645563722,11.389599052489162,11.147862786606124,165.3565152681102,0.8411311028669582,4.962673506915054
2024-12-11,Capsicum,Clay,6.359781794391538,24.814711021864994,68.69737326942057,6.658779246625355,12.524138129765602,17.259687793283472,114.58691269538961,0.3694342309806505,2.1796619627858385
2024-12-12,Capsicum,Sandy,5.740754238227709,26.040745014893307,67.1315914699535,6.495086395206961,17.317760950376723,10.51745479669101,118.5223330830938,0.6727671233115176,3.969326027537954
2024-12-13,Capsicum,Sandy,5.72634213593431,27.629223248946314,66.66852103787815,10.769095353227511,11.64734008887724,10.301920153371887,120.4446367065663,0.4863000975781517,2.8691705757110952
2024-12-14,Capsicum,Sandy,5.627914344627417,27.26775648039414,66.5823439203075,11.57494229984942,13.513559346549268,11.053338942449644,123.87008046989784,0.6014429041963785,3.5485131347586334
2024-12-15,Capsicum,Clay,6.358393535611739,23.216553997707198,68.86997543647004,6.946192543245652,12.648662578135713,19.65485657007934,122.65538485262913,0.5034979945113218,2.9706381676167988
2024-12-16,Capsicum,Loamy,6.4936844608882565,28.527041356473635,65.26036203110635,8.907174422546241,13.498616942224785,19.408635478946973,139.51491084976368,0.8736924938970891,5.154785713992826
2024-12-17,Capsicum,Clay,5.844560356822505,21.994766731446962,65.06410824755302,14.465638429787438,17.0832404907797,11.939278202806804,165.37896508367228,0.6536843182511338,3.8567374776816896
2024-12-18,Capsicum,Clay,5.527228449340186,28.001068948969216,68.97772195963324,7.46617422690674,13.678471811428011,11.616723355537115,143.80317831344695,0.3010551749010524,1.7762255319162092
2024-12-19,Capsicum,Loamy,5.606823167719355,28.767521996836948,67.38573187994524,11.68360702117394,15.552633226079402,12.40535086515947,177.59739087498883,0.8277415375240676,4.883675071391999
2024-12-20,Capsicum,Clay,6.758218045298539,22.417228185781006,65.65440569276788,12.401493936975909,10.999318770544097,15.155469940751422,171.9268505948615,0.3352237905240834,1.9778203640920928
2024-12-21,Capsicum,Loamy,5.884078210720646,26.776528513630282,66.1778296729725,9.481286994651596,18.05017693234628,15.697046320354099,112.65269140490757,0.397284079440685,2.3439760687000417
2024-12-22,Capsicum,Clay,6.499990092189574,21.322284150223986,69.6625197654869,14.37525986759583,13.698886256481249,12.215934304394473,104.8841623320744,0.1816989584161707,1.0720238546554073
2024-12-23,Capsicum,Loamy,6.312062639510543,24.24338260111324,69.29751487812449,12.366567352187904,16.485341590333427,17.566227880899454,187.79415639996063,0.8199732158369527,4.837841973438021
2024-12-24,Capsicum,Sandy,5.9965215315487645,25.130266393581394,68.54892525111987,9.579245798608978,17.253896016618327,13.095531694026509,107.98310665628735,0.3288896185822904,1.9404487496355132
2024-12-25,Capsicum,Clay,5.767393440854222,25.645161807277074,67.41112615168663,10.69335201776094,12.096609221117003,19.221313255294103,114.83391807197131,0.3071340943451058,1.8120911566361249
2024-12-26,Capsicum,Clay,5.657802343607228,28.487497985988476,67.60161813095692,11.926134434251008,18.8467498495335,16.567227064567305,102.2133275558118,0.8362100783959632,4.933639462536183
2024-12-27,Capsicum,Clay,6.299516858450526,26.37800549835356,69.87622267641979,10.921901804292183,16.16224251606953,14.363511943036116,162.83363652986537,0.7444214899240267,4.392086790551757
2024-12-28,Capsicum,Clay,6.507023914829125,24.850223609753897,69.82885221942144,13.78697583826076,14.287251417514815,17.89912001702845,158.23705631583485,0.2128631372154995,1.2558925095714473
2024-12-29,Capsicum,Sandy,6.33707552960347,27.477400290127115,66.07634522892917,8.568886622804012,11.823351835782196,18.17914626046665,198.69036664352558,0.7154596031229445,4.221211658425373
2024-12-30,Capsicum,Clay,6.189392773223906,28.60426256763527,69.05552283152659,7.998857400558049,19.423009379012065,12.904816056089437,188.6932396317172,0.8304264784430326,4.899516222813893
2024-12-31,Capsicum,Sandy,5.554536590461127,21.17652918945833,65.98621333083508,7.138388894952643,17.55068204131625,13.397145438360845,141.08431774809097,0.1628089745685951,0.9605729499547112
2025-01-01,Capsicum,Sandy,6.759035410872698,28.86017017804831,66.06768738941976,5.377829680645951,12.080245627332488,19.359551537286034,137.1585840912535,0.7601719959236585,4.485014775949585
2025-01-02,Capsicum,Sandy,6.538328449150947,21.689057112509442,68.38046517082289,5.430139643800553,13.377107747242245,11.64741038363272,129.68520342799852,0.5379360414984448,3.173822644840824
2025-01-03,Capsicum,Sandy,5.880668647711254,27.51509423415009,67.02500549293774,13.700551931092829,18.096742580880733,10.421504169629342,115.24069200378814,0.6353579595030405,3.7486119610679394
2025-01-04,Capsicum,Loamy,6.773961428166506,23.2426780204113,69.6577220355326,11.783931464059073,16.95677663215339,14.540553226095492,113.8083656602009,0.4942834711239495,2.9162724796313024
2025-01-05,Capsicum,Loamy,6.282446066527219,22.057437262030973,65.44504867448005,11.605324154364862,17.657842927157244,18.012099002436287,113.22837080096055,0.6582424679242229,3.8836305607529154
2025-01-06,Capsicum,Clay,6.2571494556694205,24.51884511771068,67.55762820404746,11.14642818934886,14.412011022129324,17.71668106310746,111.41147571867785,0.1272782893334025,0.7509419070670752
2025-01-07,Capsicum,Loamy,6.472495133258391,26.15165263558091,69.5926076522156,13.49219144694105,17.16476262642167,19.195306289128325,124.05120424055369,0.7101653785786269,4.189975733613899
2025-01-08,Capsicum,Loamy,6.555300724517179,24.0476147601878,69.52056830239752,9.802669256656277,13.864937228639137,15.332006643690402,130.66686303131164,0.1266749582871667,0.7473822538942838
2025-01-09,Capsicum,Clay,6.353422189530953,21.43652326626159,65.7826460670787,13.704108285583004,12.112629169381965,11.000646715665333,196.15789710389157,0.4642398781978748,2.739015281367461
2025-01-10,Capsicum,Clay,5.66652447027606,25.79568911726973,66.83318850048228,8.594450261822391,16.3267703484136,15.886889743360161,157.84732510018858,0.2207719945042359,1.302554767574992
2025-01-11,Capsicum,Clay,5.939747757792848,28.2192262088854,68.09560700023349,14.267075043390903,19.760139255987944,17.783956143532116,198.75957745132808,0.7588594218810457,4.47727058909817
2025-01-12,Capsicum,Loamy,6.706508732423865,24.065722927578015,65.79697442385701,11.9865698008124,13.106009713953295,10.933281202698264,137.24669478256732,0.3509287273405349,2.070479491309156
2025-01-13,Capsicum,Loamy,5.792000295397007,22.730662221046614,69.84011086022869,7.571771360244273,14.609695922125397,11.726574010975897,145.7626632589441,0.463274835683466,2.73332153053245
2025-01-14,Capsicum,Clay,5.9838171309887676,24.540618767462522,69.5737466436383,10.640849216886252,16.740013710698534,10.12290661155671,132.4578659165279,0.4430005930386492,2.6137034989280306
2025-01-15,Capsicum,Sandy,6.061699947827455,21.386901688390246,65.83475089517235,10.330305614882556,15.415062821224879,15.936525794468103,118.28876508965527,0.7180015725477652,4.236209278031815
2025-01-16,Capsicum,Clay,6.071226486602788,27.5639006758422,65.60577730630493,6.378988217303339,18.434277957090494,18.867343919459046,114.31647077775791,0.4849154878367804,2.8610013782370047
2025-01-17,Capsicum,Sandy,6.296821457242883,27.610726487601493,65.42704241404132,10.912429057506142,17.617427064695157,16.706633160020996,194.5079197807832,0.7311666680082769,4.313883341248834
2025-01-18,Capsicum,Sandy,6.725998589068119,25.70400370743703,69.54721832018316,8.147856237169579,10.58297203862357,19.82040087590982,198.68106817987558,0.1588066214421402,0.9369590665086271
2025-01-19,Capsicum,Clay,5.812900525382257,23.824823111507115,65.9681190489773,5.523487668096024,19.98421233923774,10.630336524997615,104.49094965087315,0.2532751743223961,1.494323528502137
2025-01-20,Capsicum,Clay,5.657951789191193,27.398266915566268,67.08142464272177,14.486561577065649,17.524024537194673,19.030010851514962,115.03458747317666,0.5412273997170886,3.1932416583308227
2025-01-21,Capsicum,Clay,5.7567116368179185,25.43749619830694,67.24425682826002,11.414903690642875,18.639033162941132,18.140682873866808,142.35240923010227,0.8576706598021561,5.060256892832721
2025-01-22,Capsicum,Loamy,6.65300237027205,27.60745846840013,67.99505522106784,13.76918931870847,16.511977120953464,13.14241520499505,118.63334763444072,0.1598062773774242,0.9428570365268032
2025-01-23,Capsicum,Sandy,6.339554056451767,26.051670340664167,65.35867671873713,11.760560050132533,18.562851280467623,19.73526551837252,136.38803936268835,0.1344673729254914,0.7933575002603996
2025-01-24,Capsicum,Loamy,5.871678826010908,27.27524378570238,66.13379308700257,8.56983692140113,11.123829749287093,12.879377481714151,112.90963498596334,0.2252405399422845,1.3289191856594789
2025-01-25,Capsicum,Loamy,6.560731020659202,25.78850394574208,69.65745193459463,10.126880723288114,13.477378355593157,18.893047238282186,145.65117567217902,0.6129225030881252,3.616242768219939
2025-01-26,Capsicum,Clay,6.619780995272467,24.31312854572533,69.54205053634284,11.75746760347177,18.76420943604493,18.807485770741895,127.16946161692593,0.4191943333361977,2.473246566683567
2025-01-27,Capsicum,Loamy,6.600468640297361,28.6635668794091,68.90645323702846,14.602523252014375,12.016552112668922,17.576576166029724,135.1905055758661,0.760441903534149,4.48660723085148
2025-01-28,Capsicum,Clay,6.69460449373142,25.328910599030756,65.09700622809108,7.536694591216965,10.782420985800227,15.63470473812852,109.43126514627475,0.1575465211850926,0.9295244749920468
2025-01-29,Capsicum,Sandy,5.82791332622537,25.840716148324308,66.63503384248051,13.749770586241176,17.88118939945219,11.20002749616888,142.81280507101417,0.2571312694517609,1.5170744897653894
2025-01-30,Capsicum,Clay,6.481554507370162,22.763901115317992,68.13979367671453,14.240778052942694,18.35486155643296,15.319717344964982,198.32576109615698,0.3400211243719165,2.006124633794308
2025-01-31,Capsicum,Loamy,6.098701346456382,26.005206315418214,66.37595105886737,11.704155146589564,11.626522181899006,13.567962556549347,132.88330468811904,0.6013840693510282,3.5481660091710663
2025-02-01,Capsicum,Loamy,6.59459811875708,25.572861195863553,69.54793347526889,14.312666274013376,18.543459827827157,17.922170331553517,187.6429274842435,0.6481381522412378,3.824015098223304
2025-02-02,Capsicum,Clay,6.447037880310097,22.478707183576198,68.16944730916221,8.978785874773685,16.867677955971697,17.581292064968448,184.31991416236852,0.199362635171019,1.1762395475090126
2025-02-03,Capsicum,Clay,6.509381680449642,21.47669677882515,65.35953358658223,14.530161760404429,15.20082683216584,19.10612507372605,195.20584182972107,0.8550437671933916,5.044758226441011
2025-02-04,Capsicum,Loamy,6.353010388985393,25.83487455771817,69.54502794417851,12.027828771659747,18.30250192781385,10.148301624317078,179.01095122670944,0.3728353081521673,2.199728318097788
2025-02-05,Capsicum,Sandy,5.730657400310619,27.109538154802564,69.78883329088112,5.420057674188119,14.192492493189658,18.091032168230463,165.9596827058815,0.6705350104002264,3.956156561361336
2025-02-06,Capsicum,Sandy,6.20853499456602,25.187210967376068,65.38856209195863,14.068728318190528,11.939939562233972,19.38462053124669,185.65844442274576,0.5193661751581591,3.0642604334331387
2025-02-07,Capsicum,Clay,6.780070661381861,22.814181002557167,67.66180117430658,9.844728090331929,12.848526766106136,17.893004491081502,107.56446806573496,0.2782064908376853,1.6414182959423436
2025-02-08,Capsicum,Sandy,6.718604486446255,26.33217581354428,66.51682141107085,9.603269847778328,15.051640182933149,11.301944598703667,146.28306571988077,0.7769826584923288,4.584197685104741
2025-02-09,Capsicum,Loamy,5.556125856536116,21.64084581287682,66.96419538240701,10.664666059796344,15.313307926731756,10.812791048408878,198.92562386150587,0.7545904225535439,4.452083493065909
2025-02-10,Capsicum,Clay,5.7142592604482685,24.534669638415636,65.89825608977671,6.493845467712279,18.055808264412335,10.208452398077007,176.96001512947322,0.4168574831333521,2.459459150486777
2025-02-11,Capsicum,Loamy,5.671247405490931,22.306934067187363,67.89036051006207,9.691660485673983,17.913527236523343,16.28745225828071,196.2075378037223,0.5708860685550844,3.3682278044749983
2025-02-12,Capsicum,Loamy,6.443773882980884,22.475672408479067,69.78989676624445,13.311272167177457,15.81366557204575,16.296726518598874,177.9634356133479,0.3062605567487518,1.806937284817636
2025-02-13,Capsicum,Sandy,6.563120928814028,22.61835159326563,67.51536300135804,5.154824591375153,17.807854833654766,19.869137142182122,187.4881967442144,0.6518813029970412,3.846099687682543
2025-02-14,Capsicum,Clay,5.7775647762038735,24.093656456351823,65.41457290697241,7.729171603243713,11.91773458293671,13.980431741040958,170.6529632303191,0.3472214500963451,2.0486065555684365
2025-02-15,Capsicum,Clay,6.1576085008373775,21.409201644963183,68.10000666738705,5.024545864438442,10.500645270932944,13.319062848974967,176.05020044172397,0.7752629875057879,4.574051626284149
2025-02-16,Capsicum,Sandy,6.5929139364145595,24.182347527432785,66.70111497225629,9.157113091498484,18.736338226347,16.244249271843927,152.31780098395006,0.2739080834218195,1.616057692188735
2025-02-17,Capsicum,Loamy,6.4526420081961255,25.093659576917606,69.27962594795649,12.283155104937348,10.755544937627695,18.25608672507594,192.4237700814133,0.1118427382547713,0.6598721557031508
2025-02-18,Capsicum,Loamy,6.204908367139403,24.8663542797306,67.17339074158235,12.987718291146283,12.466884297439973,19.36773949523002,182.50389106233615,0.3148064335743348,1.8573579580885755
2025-02-19,Capsicum,Loamy,6.267451997596405,24.062272803224324,65.96419804471122,14.451897611270066,16.953189496243844,18.031241661790386,184.38849656656322,0.2528419891675894,1.491767736088777
2025-02-20,Capsicum,Loamy,6.1608687109911635,27.71317286456602,65.95552811345573,11.085046129707866,14.094479376273092,14.266739806158046,167.30091009630524,0.5066291517799394,2.9891119955016427
2025-02-21,Capsicum,Clay,5.8868129867144665,22.16261353936403,68.8438209036058,7.546268666528954,18.76313969915509,16.34914235312064,130.4579947087249,0.262962633325261,1.55147953661904
2025-02-22,Capsicum,Clay,6.234528590716721,25.04557395025099,66.3279379915368,14.24147949136699,12.979797946622696,18.56299326716117,103.56297953901394,0.7105518965755958,4.192256189796016
2025-02-23,Capsicum,Sandy,6.395550892665118,21.496331335652435,68.83616697079611,12.75315753880376,10.118713466693594,14.906096883117394,193.56551294095445,0.2930965104032031,1.729269411378899
2025-02-24,Capsicum,Sandy,6.63531979061905,21.569245431023276,66.029436553833,10.744284830031445,13.00655640560744,12.166866437053926,158.6120348805497,0.6655745439301246,3.926889809187736
2025-02-25,Capsicum,Clay,6.327178760173022,25.59092679741677,66.60843184350655,11.95640215718936,15.780750491848316,11.697234397478729,129.81429711481402,0.5627767384109793,3.320382756624778
2025-02-26,Capsicum,Clay,6.489457998156105,25.52814739910257,67.3274348621985,14.243163550074293,13.759383754032934,10.001577445780567,114.91351078475378,0.8889998851775075,5.245099322547294
2025-02-27,Capsicum,Loamy,5.708093125440945,28.024268102755656,69.71597924846725,12.123940284729215,15.348727557587551,17.18237994981284,182.95231655007547,0.8999207816073853,5.309532611483574
2025-02-28,Capsicum,Loamy,6.100024716745727,25.462989405280585,69.65865712376912,8.683745075847341,18.76598118835019,11.110972088459905,183.65201944475788,0.795620866653864,4.694163113257797
2025-03-01,Capsicum,Sandy,5.512131105775222,28.678328163238803,66.03435937711144,12.130282022890968,19.124850542303683,12.438390996959404,181.45079681305316,0.707986695439001,4.177121503090106
2025-03-02,Capsicum,Clay,5.8206825238781095,21.389558787199437,66.79109520621536,5.402781627353878,12.65974064654112,12.978763315227933,164.5082691966786,0.409165131200459,2.4140742740827084
2025-03-03,Capsicum,Sandy,6.444400229646906,21.784061478245928,65.74699694226886,8.864155618305812,14.621404732699007,15.603798601367682,136.60153875918758,0.7026213817050428,4.145466152059753
2025-03-04,Capsicum,Clay,6.789352936754172,21.352526892563052,67.54992539656749,9.063230318455792,15.491440152414512,13.979572772957692,130.4070284780257,0.8653404296635926,5.105508535015197
2025-03-05,Capsicum,Loamy,5.62893152946338,22.48221480266832,67.30291275347334,6.6683823442083465,19.49112456888247,16.74673992023162,100.85547701181702,0.1187020603163553,0.7003421558664965
2025-03-06,Capsicum,Sandy,6.021942610619675,25.330160887533424,69.50380081225366,5.230854805517701,19.986173191643847,10.556386593287026,183.36075586882401,0.5303317601581911,3.128957384933327
2025-03-07,Capsicum,Sandy,6.540092259308907,26.164577451419426,69.65002688895537,6.333812366377428,12.354072488415266,11.239391942644394,108.74326974936425,0.2743986435107477,1.6189519967134116
2025-03-08,Capsicum,Clay,5.765246325017569,21.36468126358935,66.91783695503646,11.546214957970552,17.269798713458155,14.992115035332667,163.07549980407677,0.5463010526950803,3.223176210900974
2025-03-09,Capsicum,Loamy,6.221610434092972,28.567767118764795,67.45868971509495,13.022888163636877,13.780310622331951,13.369647878468298,150.40749468400884,0.473157671807113,2.791630263661967
2025-03-10,Capsicum,Sandy,6.452992684838577,27.73732301320305,69.48118124573067,14.88203492726974,10.081081968862133,12.958133627513597,152.66893589263512,0.5606148652418276,3.307627704926783
2025-03-11,Capsicum,Loamy,6.300781085338233,23.372899857256744,69.03353903872531,8.463635031084943,10.092525224359024,10.670280790375227,192.6712845307773,0.5407697771349794,3.190541685096379
2025-03-12,Capsicum,Sandy,5.744432155000041,21.617500241811744,65.01828155672325,10.993792222611017,14.605660075622557,18.957191747480014,103.16150112712421,0.8680856313348496,5.121705224875613
2025-03-13,Capsicum,Loamy,5.961999939291461,22.359096585752457,66.60029782091792,14.37144966815122,14.883349130043346,16.918185861250507,177.33922246287722,0.5417488871477889,3.1963184341719546
2025-03-14,Capsicum,Clay,6.518929319831017,22.01555531003978,67.10887120968063,6.670417813381526,10.225696965734427,11.216181568196493,105.20523983673071,0.7769856704998939,4.584215455949374
2025-03-15,Capsicum,Sandy,6.220494468371622,21.986270234391576,66.14858141841616,12.176455863427426,16.869274167743026,10.650459577371405,103.81536059353772,0.3558562294406772,2.099551753699996
2025-03-16,Capsicum,Sandy,5.506798497605787,25.14849350932587,65.9978580794797,12.549787331491633,12.940033885949532,19.748725334312432,142.9817698141382,0.4504805510328391,2.657835251093751
2025-03-17,Capsicum,Loamy,6.489287988036522,22.966779539947204,65.1889225329784,5.889755358693384,15.598931015359494,16.81172550439505,106.30751743429667,0.4763307808358479,2.8103516069315027
2025-03-18,Capsicum,Loamy,5.545904761422311,23.865117732233156,68.2168486253488,13.612493851830653,13.009190731654188,14.174560710937415,178.91439512929122,0.3229824346683038,1.9055963645429923
2025-03-19,Capsicum,Sandy,6.469453917550601,28.916042667074578,66.31255145241583,13.131050471108438,11.671343148693072,17.01731040755785,152.95630936483371,0.4038322091823642,2.382610034175949
2025-03-20,Capsicum,Clay,5.763224728214809,26.47451399140276,65.26173589215657,5.3340300657743445,14.071737385988753,17.56331786480159,102.90387826597744,0.5788104635734203,3.41498173508318
2025-03-21,Capsicum,Loamy,6.745495524155194,28.59184533637601,66.15489655264032,5.910844148800515,12.322733647905007,17.799622023887792,104.05006864819195,0.5641502106436259,3.328486242797393
2025-03-22,Capsicum,Loamy,5.978322976692709,22.140452440264923,69.00956976418064,5.491268938918523,15.34800976919168,14.778773056530577,161.26685297394795,0.6091482756587844,3.593974826386828
2025-03-23,Capsicum,Loamy,5.925011101239503,24.057115798660554,69.25744590823274,8.347435317993622,11.9882853028648,14.29882758124848,180.61118176584048,0.3814543323361129,2.2505805607830665
2025-03-24,Capsicum,Sandy,5.693554465432178,25.437854426258834,67.41533122596651,10.09288990679926,15.08405976644627,10.110280842689004,143.77995312747737,0.3526651961224457,2.08072465712243
2025-03-25,Capsicum,Sandy,5.897285480137279,21.614064495109904,67.08035335204343,10.323477279546289,11.573785148688675,19.265571151418378,155.45806715356244,0.5892943062033305,3.47683640659965
2025-03-26,Capsicum,Sandy,6.6396459903766605,21.033499549023663,69.88926846750891,7.676667597694426,16.70974709485785,16.03307878388943,179.98294540499018,0.2062893987420199,1.217107452577918
2025-03-27,Capsicum,Sandy,6.795234638915422,26.36347467037534,66.00282329794035,14.115968865602742,17.539376844414242,12.031539371899681,161.05061740418193,0.302425234825712,1.7843088854717009
2025-03-28,Capsicum,Clay,5.978802389658902,26.134556134411483,66.07679641427305,8.682627898719133,11.103942342499337,19.196034194214366,122.47602376588195,0.1337021895623961,0.7888429184181376
2025-03-29,Capsicum,Clay,6.083193820240905,24.286310479996892,66.459335885182,5.455501559653525,14.678024120373392,19.149319017702965,161.30520258694787,0.1580886820768641,0.9327232242534984
2025-03-30,Capsicum,Sandy,6.438692219663558,24.91715260825626,65.86378659140544,8.002271115413864,10.708717006548735,19.89184164366096,162.82794590652136,0.2947066234084871,1.738769078110074
2025-03-31,Capsicum,Clay,6.652054514604597,24.323544004736718,66.89682799102093,10.311094225441554,15.981824455420025,18.74056563138979,173.41069808811267,0.1156234242375352,0.6821782030014579
2025-04-01,Capsicum,Loamy,6.270957634442819,21.19204035875911,69.55417113494877,9.08221822588232,12.644042979296454,19.977843878200648,162.08741875568012,0.2963284736699692,1.7483379946528186
2025-04-02,Capsicum,Loamy,6.008983407631178,23.6829728497397,68.07673920314286,7.738425190992592,15.276244568387078,12.446861881232726,196.9242130458038,0.6239810584496208,3.681488244852763
2025-04-03,Capsicum,Loamy,6.036408393103211,22.41665804317832,67.05973274306132,6.313232497643174,15.174610093842912,18.42249585199234,119.72883087170685,0.1488856627751464,0.8784254103733641
2025-04-04,Capsicum,Sandy,6.404303590445849,21.78739351281095,69.67205397285608,13.191645000962298,19.243543461938003,18.230283087957645,195.10906795670763,0.4493893422357128,2.651397119190705
2025-04-05,Capsicum,Loamy,5.504183742685562,28.6537634711148,65.24232116237911,14.96145242124192,15.490832225687228,12.309403592207337,153.83394903500164,0.8304870295356396,4.899873474260274
2025-04-06,Capsicum,Clay,6.305466138697793,25.794877800337325,66.0513808895093,8.29542133523882,15.829984797183156,10.984375490009908,167.1956140494912,0.7330278631403208,4.324864392527893
2025-04-07,Capsicum,Sandy,5.962140913573765,26.82925027389282,67.8294430255088,8.816210441766039,14.016531257643802,19.794205136775997,109.94615974521898,0.3443500018358858,2.0316650108317265
2025-04-08,Capsicum,Clay,6.532456530660209,23.52290994612894,68.0777631159659,11.180375246769572,19.490796031828168,12.960245515206104,138.0575941378107,0.8398443833533177,4.955081861784574
2025-04-09,Capsicum,Loamy,5.620887831770072,24.145177035952123,65.19778753281307,12.184414747355412,17.771859094396095,18.70891790467806,176.93791464631727,0.3637171973981798,2.1459314646492613
2025-04-10,Capsicum,Loamy,6.264662947032908,22.89539195117379,67.01519378953566,8.920295348035912,12.854052903028416,10.041271546746039,170.69110150989903,0.15801239707005,0.932273142713295
2025-04-11,Capsicum,Loamy,6.125264756851961,21.775725367723396,68.24576982415437,14.049295169818151,18.442095857762318,10.210248072196022,104.01393881654101,0.8952447654144908,5.281944115945496
2025-04-12,Capsicum,Sandy,6.335023183676795,22.43225309953267,68.490352732017,10.600039892289184,14.323963601850899,14.658713086963683,154.65942634972447,0.7960180217513374,4.696506328332891
2025-04-13,Capsicum,Clay,5.5843096728278585,27.380112362371886,68.19069951258135,9.50390076405931,18.28667143533594,12.387146839350635,108.82781929684094,0.4727462266408738,2.789202737181156
2025-04-14,Capsicum,Sandy,6.253978923656571,26.420366441470208,66.60281612180462,11.466727531599052,18.22888068293502,16.898412834359643,199.58564291781624,0.6331012193539232,3.735297194188147
2025-04-15,Capsicum,Sandy,6.229929964347381,25.375431007883815,65.46760061798955,14.528038482491732,11.888701867628544,15.655643255679543,189.72965885332945,0.6369824622853362,3.758196527483483
2025-04-16,Capsicum,Loamy,6.2288581227410225,24.800718982934143,67.13556223209667,12.945522944217055,17.01141131383577,10.774857974504915,102.1080660428537,0.2555857845843683,1.5079561290477732
2025-04-17,Capsicum,Sandy,6.284533966575391,28.379474269248995,65.64377218684028,5.400131305351243,12.906429693065311,11.62628296315717,185.8649578902631,0.2600389065229058,1.5342295484851445
2025-04-18,Capsicum,Sandy,6.379408318394271,21.581879582229348,69.73811829260333,8.323099107399596,12.974926699926682,13.880492700584142,191.94296005584076,0.4756645626814606,2.806420919820618
2025-04-19,Capsicum,Loamy,6.546485699585,23.244806505903327,67.37585433011314,9.705446849512228,12.963480768805807,11.856040639554331,135.3548222563455,0.8292585121101584,4.892625221449936
2025-04-20,Capsicum,Sandy,5.8507669361666785,23.799502828565714,66.58629587178434,8.145175722091054,17.25568247559948,17.922223472439285,171.95016550477658,0.1079950198868566,0.6371706173324542
2025-04-21,Capsicum,Loamy,6.572564233234081,27.2594064977023,68.8315203555945,12.001875608304566,12.298260417925361,14.1607023555328,144.21037462077788,0.7260045087594874,4.283426601680976
2025-04-22,Capsicum,Loamy,6.14773238694249,28.94011696129577,67.48974296291132,13.262691498625813,10.009058352460903,10.934318668424993,165.5232484576344,0.1460214269717233,0.8615264191331676
2025-04-23,Capsicum,Loamy,5.60017576287463,22.925364118057225,66.55017012006225,12.313450951852715,17.15236853482633,14.84342902272125,134.03174042981914,0.4825776919064942,2.8472083822483163
2025-04-24,Capsicum,Loamy,5.576116208017173,27.994458673096645,69.05983871195401,14.893332868282751,11.711847438351253,10.908381810614141,132.25592366332683,0.6102982664587812,3.600759772106809
2025-04-25,Capsicum,Sandy,5.934509814304879,27.64498208345433,69.33576075500561,7.725476478930291,11.044823953078346,11.289373054198172,142.4433888857579,0.6494074136659719,3.8315037406292345
2025-04-26,Capsicum,Loamy,6.520366070244908,22.797259181134134,68.36504083144338,13.749894950244215,12.375161205940602,12.396098320282054,114.55677586525012,0.1467834108927291,0.8660221242671018
2025-04-27,Capsicum,Loamy,6.41998521516319,24.19466064159378,65.23482211203833,12.66622665174486,13.79900522322704,18.5952770524749,183.11389644353827,0.4348828939071746,2.5658090740523303
2025-04-28,Capsicum,Sandy,6.525199454074128,24.277382954340155,67.83161440083266,8.621787575581461,14.759063274732007,19.24612532332972,134.86978953616367,0.5670698084018597,3.3457118695709727
2025-04-29,Capsicum,Sandy,6.172449773374092,28.825765348212467,68.8164745599864,12.341245436569686,10.445700407126308,18.26257729332069,140.01495539058453,0.1528364298448055,0.9017349360843528
2025-04-30,Capsicum,Clay,6.0722586973421375,22.44713521103119,65.68251506041791,6.040759564182469,19.705733326273602,13.340772174178472,189.40546127021446,0.2080756452762478,1.2276463071298622
2025-05-01,Capsicum,Sandy,5.691688284718169,27.393263768838256,66.14335375692302,12.893334823405525,17.160630534195583,12.724464411088316,149.66238140631714,0.6309191916032308,3.722423230459062
2025-05-02,Capsicum,Sandy,5.9266505796921045,23.67354171338488,69.41247552534068,10.323306025871029,13.231940653243361,15.491556907902392,154.42539093508628,0.5173105572725214,3.0521322879078765
2025-05-03,Capsicum,Clay,6.064225176026038,26.846962766209284,65.10060860926536,7.9229017270925315,13.186972572853973,17.218531605331123,195.64981247770984,0.2294629290146324,1.3538312811863316
2025-05-04,Capsicum,Sandy,5.615180558583503,24.360088034365305,68.76363568912988,11.557773017841802,14.485425493684595,19.933727881601747,188.67263831449893,0.5281914695317868,3.116329670237542
2025-05-05,Capsicum,Sandy,5.786795538524575,25.62687810493232,67.36886646257211,11.41619998714409,16.26244822763033,11.315707118789263,116.94667088884395,0.8301538987555327,4.897908002657643
2025-05-06,Capsicum,Sandy,6.27769288228286,27.66089418660905,67.23386079419804,7.094862227195997,11.463730665889678,10.492919990238045,147.32150299181052,0.1124700678202911,0.6635734001397178
2025-05-07,Capsicum,Sandy,6.456362048510947,27.43332451987107,65.03548266247444,5.303974148115262,11.889298137649524,16.943558889952712,197.12962274285456,0.6141070187886837,3.6232314108532337
2025-05-08,Capsicum,Clay,6.797851764810835,27.9313854683176,69.09699115483247,9.336225869016738,18.59434582833551,18.322257835039053,137.23662982286027,0.1589203476842735,0.937630051337214
2025-05-09,Capsicum,Sandy,6.713047330746624,21.476938602757272,66.79912450318284,10.695118693444211,12.562549238890725,18.463487798664232,137.15731085162,0.1051595543717606,0.620441370793388
2025-05-10,Capsicum,Sandy,6.3353347593957485,26.536404424317958,67.70382815650271,13.766052783705984,13.801949979751775,16.784635490771606,119.50302317891544,0.220523590928507,1.3010891864781915
2025-05-11,Capsicum,Clay,6.0476224692822935,22.119899013774102,68.38650343167829,14.282167956475943,18.712718509501173,19.540158041191873,111.43231141191252,0.4383253054831354,2.586119302350499
2025-05-12,Capsicum,Loamy,6.327030574120703,24.326548544147286,68.51314788218959,10.288052181567664,16.631478293998224,15.11004763544587,174.03047907559818,0.7418751991855624,4.377063675194819
2025-05-13,Capsicum,Clay,6.521347103504302,25.388707320437508,69.77990029413036,12.538034837685448,13.417118793416883,19.138147983362124,177.00304687015165,0.3254283972836469,1.920027543973517
2025-05-14,Capsicum,Loamy,5.653837048200404,24.221915877974645,67.65669976618304,9.393032723279967,16.836995457246207,19.67812136991523,196.9012963503,0.6005385699110068,3.5431775624749404
2025-05-15,Capsicum,Clay,6.032876356605175,25.15689340642406,66.99859775487214,12.46082156572893,10.196832153814137,18.471574570031077,177.3418210905363,0.4289253103642453,2.5306593311490477
2025-05-16,Capsicum,Clay,6.591742971326302,28.97221047038895,69.76851813245854,7.0480152493916695,17.35642660011365,13.097585632586206,124.33524940335987,0.2874654335728064,1.696046058079558
2025-05-17,Capsicum,Sandy,5.9989828375129575,22.081738509702838,68.2105511751276,8.710647348035314,14.870160405162395,11.962156511702952,104.01165782885154,0.5113976914262869,3.0172463794150928
2025-05-18,Capsicum,Loamy,6.243433952595343,26.403648362691406,66.49075178138278,11.342279988136148,18.131821472844614,15.481200649818184,198.543738436966,0.7379715922980986,4.354032394558782
2025-05-19,Capsicum,Sandy,6.264100169120858,24.16800773108492,65.63232122701785,5.181579656070788,19.546376520064683,14.530147503801885,134.04506955436057,0.7659938960449154,4.5193639866650015
2025-05-20,Capsicum,Loamy,5.739819129073731,22.06407839125863,69.21277250732591,12.22461310338954,19.257885494945683,18.777583421927332,131.19715424324207,0.7772156255017894,4.5855721904605575
2025-05-21,Capsicum,Clay,5.970906074147975,22.269894106994478,66.81090801397076,13.355355012681668,19.092650434553406,11.000316710671537,190.59552097493827,0.3708462500439835,2.187992875259503
2025-05-22,Capsicum,Clay,5.934864675364512,28.594184849964936,68.30234860682215,8.991416610939513,15.121699559338872,12.577400613115186,158.5099898544986,0.7347648517726024,4.335112625458355
2025-05-23,Capsicum,Loamy,5.5340557210916845,28.036811973694096,67.35408209682949,9.479424171771644,13.60142114138938,17.517989445187084,121.48711738491346,0.2697427640871263,1.591482308114045
2025-05-24,Capsicum,Sandy,5.5314492930587615,28.256335683320174,65.99464889897519,13.51282212216531,14.650353247306729,10.949866449773122,188.90962427162395,0.6907400809943066,4.075366477866409
2025-05-25,Capsicum,Sandy,6.581206156778506,28.932262206619093,68.00843304310233,12.756546353260331,16.89896003313361,13.207644140217003,199.33608550547433,0.8587075410180933,5.066374492006751
2025-05-26,Capsicum,Sandy,5.854992052964656,22.666523120068142,65.30341534475342,7.88149489033375,18.83997776871187,13.871553940539831,108.66785611508307,0.1109950677527657,0.654870899741318
2025-05-27,Capsicum,Sandy,6.17350239611046,23.843514698912493,67.06671229935596,8.23976106561539,12.069863030001196,16.225937965626898,186.22516283024873,0.4522911449430384,2.668517755163927
2025-05-28,Capsicum,Clay,5.888343245665405,26.353752239398933,67.73307469831836,11.788782323905966,19.181931584617033,11.581326457193645,139.0515697684394,0.6182167907312037,3.6474790653141023
2025-05-29,Capsicum,Clay,6.722883018649942,24.870420318885177,67.1802348705929,10.631980924481612,18.15180231969889,18.606044903497093,152.40724465067044,0.6614206163900425,3.902381636701251
2025-05-30,Capsicum,Clay,5.837085786525506,24.347116267026667,68.74336087625495,6.62229571096497,19.788560151782345,14.475422354662744,191.48159757649807,0.2408702066153617,1.4211342190306344
2025-05-31,Capsicum,Clay,6.058553856560615,23.862489994684744,69.13962477272656,8.099299092291664,18.802517732816874,19.170217118805567,197.33791957751174,0.8777466201908742,5.178705059126158
2025-06-01,Capsicum,Clay,6.634549325629982,25.750245055547616,68.85621537016588,13.999832768786542,12.799373296919066,14.678699136339315,126.21639104087994,0.5922122943767784,3.4940525368229927
2025-06-02,Capsicum,Sandy,6.594513636829351,25.604747429120657,65.19406473905902,11.881744367222634,11.059559113440477,12.750402589407333,121.28507709599138,0.2314724809826142,1.365687637797424
2025-06-03,Capsicum,Sandy,5.7419318432001605,22.291662672513922,65.97064385222986,14.859743176855195,11.122410719915885,11.418288286876749,108.05165585915118,0.1164180093700122,0.6868662552830722
2025-06-04,Capsicum,Sandy,6.543436302734423,24.77391870014751,67.68303754631887,12.670125299807694,12.91223318578276,10.037450947112848,156.1797852662138,0.7266113590318207,4.287007018287743
2025-06-05,Capsicum,Sandy,6.095642952759261,25.427774209678798,69.67411020221901,14.419744321435902,16.141837239845394,15.321574849848357,101.36043954506682,0.1637637915563672,0.9662063701825668
2025-06-06,Capsicum,Clay,6.127859533710962,25.562295509851126,69.17478387526059,7.161885738704754,18.043203260971726,11.071566969269234,141.18982976099366,0.2128407368561892,1.2557603474515169
2025-06-07,Capsicum,Clay,5.673523964140727,22.680857543298814,69.212672541759,12.714848748169256,18.992503069815648,13.917277636311782,107.33840166520085,0.5598640214845525,3.30319772675886
2025-06-08,Capsicum,Clay,5.604781967884262,26.938171138018294,66.51604096879838,5.202175201477974,16.237533843692326,15.892717612370866,140.5225782929334,0.5828044027596958,3.4385459762822053
2025-06-09,Capsicum,Loamy,6.446321099065894,21.20159275856856,67.14723948539351,11.707600217115338,10.056313127480538,12.756858969027004,103.99321892656093,0.6495096948739187,3.8321071997561207
2025-06-10,Capsicum,Sandy,6.14539949806189,23.8386548443453,67.35352973657969,9.692822781202413,11.863167765185334,11.752242923661152,183.5217260608769,0.4148112101308966,2.44738613977229
2025-06-11,Capsicum,Sandy,6.067905913399733,27.24170118828507,65.78685791674955,8.467600719200686,10.99726203853368,17.747216226093414,120.97389939385658,0.7191189351734584,4.242801717523404
2025-06-12,Capsicum,Clay,6.448360697248115,25.511143368443218,65.15534065122228,13.62404352293089,13.6332447556901,19.467911722816204,132.8308710357912,0.879486879692711,5.188972590186995
2025-06-13,Capsicum,Sandy,6.495166768688443,23.08929946008688,69.73451449730258,13.542676926575307,15.01350993633746,11.00440417861966,187.0047996606392,0.3168759544639064,1.869568131337048
2025-06-14,Capsicum,Sandy,5.706580617970159,26.559624954744383,66.20356292831754,5.223017048986436,10.433971785785609,11.555903243850079,174.6266061332205,0.6624228932303567,3.908295070059105
2025-06-15,Capsicum,Clay,6.293292694320933,25.539127553248587,66.19974451861816,11.09505122449431,13.484779757956552,19.600126572527188,121.90383616420584,0.8427749219161255,4.9723720393051405
2025-06-16,Capsicum,Loamy,5.675960306960991,27.369948875651097,65.4168952688438,8.678322243209564,11.791796746253226,10.377842218122463,107.1899418657496,0.6490294100936341,3.8292735195524417
2025-06-17,Capsicum,Loamy,6.476787611837759,26.880201489518587,69.64253875971889,9.156610015004492,16.470701662588738,19.776323365504723,171.56737768553396,0.6448875989154076,3.804836833600905
2025-06-18,Capsicum,Loamy,6.354041703147281,25.880863376289877,67.89868557469886,13.32040739218776,14.6427236932434,10.046444830849888,139.07025506881092,0.2790180552681652,1.646206526082175
2025-06-19,Capsicum,Clay,6.743599007408495,24.90542140248651,68.33518428562677,8.098397715276782,14.953176469339088,18.736686556513312,176.6079999118221,0.5281041602557544,3.1158145455089508
2025-06-20,Capsicum,Sandy,5.589645421263348,22.065457005340186,69.55788443631526,14.4304881063762,14.276917880334612,13.073251809877496,144.52947723752104,0.5500182748836642,3.245107821813619
2025-06-21,Capsicum,Clay,5.574171137496631,23.09066414308307,66.72810084450394,6.796338263721408,19.560197104865672,19.385888581772967,134.60024129722763,0.6601036499647622,3.8946115347920975
2025-06-22,Capsicum,Clay,5.8668431971011605,24.35279578333668,68.10753655569042,11.627224233681778,12.147351251215632,13.169452886355854,145.12054082123964,0.8974571599169461,5.294997243509982
2025-06-23,Capsicum,Sandy,5.8402173888566775,25.79439429605111,65.19399727364444,11.721050670137648,15.166642598438743,16.54306321534056,174.85589856706767,0.1269150580350097,0.7487988424065573
2025-06-24,Capsicum,Loamy,5.8210724387936,25.10966284172244,65.93386264115564,7.521951614279182,17.360173683653358,10.800325697659366,190.22202865403742,0.1521861290139894,0.897898161182538
2025-06-25,Capsicum,Loamy,6.678130954677347,23.305476207676236,69.15622902544972,8.247506089672019,15.568444131345625,12.42329811453739,104.97671965885755,0.162360055544735,0.9579243277139368
2025-06-26,Capsicum,Clay,5.824410059804358,21.051714862317684,68.83384178169167,13.347984925799404,19.29020885716801,17.736793464792505,152.4111541226955,0.6943833075911654,4.096861514787876
2025-06-27,Capsicum,Loamy,5.853534643967221,24.96991377520651,66.75321345728574,12.618052549549525,13.779683556412841,15.286858536788197,103.28354290838776,0.209083036088606,1.2335899129227756
2025-06-28,Capsicum,Clay,6.487217741143352,23.285007908497946,66.88405313887107,8.290958803147596,14.63675805773178,19.279690617870447,146.84095450243586,0.5979614995922762,3.52797284759443
2025-06-29,Capsicum,Clay,6.084661795185702,26.876866405684282,67.6677721677679,10.339565469349338,10.885223152147285,14.287514083413543,188.52828290969003,0.3597351023147668,2.1224371036571243
2025-06-30,Capsicum,Sandy,6.509723724041735,21.191570122163867,65.00120502342567,5.616802962530954,16.089991110519286,18.69812365813923,136.15902664203097,0.4658559649685688,2.748550193314556
2025-07-01,Capsicum,Sandy,5.584976004833701,25.678622490446326,66.20622168019014,7.087458823986292,12.882119684481061,14.489554374782376,193.24504210806433,0.2725305278539311,1.607930114338194
2025-07-02,Capsicum,Sandy,6.133842551775399,28.531793900048523,66.04115904304108,9.85820558860399,11.60309039515569,19.792482787019853,163.06084716506095,0.7928852490436337,4.678022969357439
2025-07-03,Capsicum,Clay,5.543697680238267,22.395274136891995,66.25241473374882,5.859737352792116,15.44531292904508,19.59834381398877,193.41553437930065,0.5689202593304211,3.3566295300494846
2025-07-04,Capsicum,Sandy,5.581449164491961,24.773195926004764,69.0295292126672,13.433323548919375,15.323102633799106,13.291367055560803,175.71666254125196,0.8556506108658021,5.048338604108233
2025-07-05,Capsicum,Loamy,6.678368689347734,21.731375934537105,66.39836928273222,12.180062101076478,10.758716412240476,18.859236704168033,110.34351666487623,0.5596769997634636,3.302094298604436
2025-07-06,Capsicum,Loamy,5.681018982452874,26.005455298090823,65.95760661025074,14.436336706484948,16.982154534944726,18.476113742156492,123.1151367562677,0.1991264244775573,1.1748459044175883
2025-07-07,Capsicum,Clay,6.192146886957782,25.404253444769804,67.52131730396516,11.934669059640273,16.23772190650853,12.106803973275628,139.41704545835063,0.2366963470707803,1.3965084477176042
2025-07-08,Capsicum,Clay,6.034424283380918,24.258924193702658,69.32822518186366,14.404013722621857,11.890172827464973,16.2429040078327,117.0106882012076,0.8912591810942778,5.25842916845624
2025-07-09,Capsicum,Sandy,5.951546324136496,25.17101617178993,66.2067485191875,10.54512555690965,14.694348621540438,10.726823155898149,149.49116047766606,0.6804521578646943,4.014667731401697
2025-07-10,Capsicum,Clay,6.6697833493934535,28.17259726775208,65.392681213964,11.002186110619691,17.2032291647856,18.367107205834614,147.13681557014905,0.1394230000232717,0.8225957001373033
2025-07-11,Capsicum,Clay,5.528370415808136,22.570354418488535,66.78202367924833,14.769710546262608,15.294357405412764,11.745458835034965,195.6259198027381,0.6630248040277318,3.9118463437636177
2025-07-12,Capsicum,Loamy,6.362926592028265,21.18051609364278,68.73825912282489,11.421291468642604,13.954890761835703,10.708147013857644,143.37278828959776,0.4297384374476893,2.5354567809413675
2025-07-13,Capsicum,Loamy,6.752412764477615,27.893319077592807,67.75345272347397,5.307865688607466,13.223384580809437,14.002190955388112,178.56268042879978,0.3457667094585524,2.0400235858054594
2025-07-14,Capsicum,Sandy,6.228218638500395,25.616936659103253,69.08396684787174,12.238027766305231,16.103938666440534,15.769221385996435,194.191054485148,0.2232486349844274,1.317166946408122
2025-07-15,Capsicum,Clay,6.717869200643019,28.12526764369474,69.79796073804617,14.054686921374156,19.391086983102404,18.54916958559771,187.69888309739855,0.7719231636452525,4.55434666550699
2025-07-16,Capsicum,Clay,5.5679352430718305,25.77556178730538,68.96331238375808,12.955802497943267,16.717448404774835,19.742425255217363,120.86676245115919,0.1510731031912805,0.8913313088285554
2025-07-17,Capsicum,Loamy,6.04443131479641,27.48128871967762,68.01901539421877,10.838332726254226,10.747459036363155,14.394925125698636,149.60298942535442,0.3318683699037122,1.9580233824319024
2025-07-18,Capsicum,Clay,5.838205128250666,24.437386906841184,67.4667079402619,11.713035130935165,14.606849734821338,10.604469229852702,134.77397822959256,0.3451063150605635,2.036127258857325
2025-07-19,Capsicum,Loamy,6.450067254474948,26.99887945030615,65.20034543174134,14.901917892516718,18.908241315106274,17.491155790258706,139.98586951372155,0.2287242271708003,1.349472940307722
2025-07-20,Capsicum,Sandy,6.77568621764642,28.304331735118847,69.9216098940702,5.906620885093384,10.944624258010869,15.651732562239374,136.08068262457513,0.5065479066294962,2.988632649114028
2025-07-21,Capsicum,Loamy,5.833489081177522,25.57698370977765,66.91740561287521,11.672448286332395,19.888757121375434,14.478913448444631,182.6359210175004,0.1093621014487141,0.6452363985474133
2025-07-22,Capsicum,Clay,6.350426981916296,22.446281204499037,65.76114106958434,7.833976945705938,19.490693936454214,13.092688787921897,145.21390551224474,0.3407804123283273,2.0106044327371317
2025-07-23,Capsicum,Sandy,5.757526922587662,23.150380920241584,68.33354427698228,11.4009039658617,10.782744807298759,15.023985278435356,152.36943322446882,0.8469035552264512,4.996730975836062
2025-07-24,Capsicum,Loamy,6.234929330943093,22.589156615179245,66.4214414454773,11.076235758839388,19.33413320449555,13.38679604457031,198.24473570470747,0.3484236554736045,2.055699567294267
2025-07-25,Capsicum,Loamy,6.103112232694837,22.974856220765865,67.92889135465524,6.534568321081621,13.631325902594622,17.5701186774736,105.99792721915165,0.3883675096854013,2.291368307143868
2025-07-26,Capsicum,Sandy,6.763606928520998,23.45132359480829,67.93383953922296,7.067466457402391,18.447091670758624,15.43893696492641,148.79576397907488,0.4785320385872572,2.823339027664818
2025-07-27,Capsicum,Sandy,6.2910854545054065,25.441070294025508,67.22864910451435,11.216295780432135,14.183833377132714,18.76847774154112,177.4061706946116,0.5493546998811798,3.241192729298961
2025-07-28,Capsicum,Loamy,5.954358283712864,25.703933035710662,69.1805930777252,6.2822994730377415,14.40855112702516,15.43543914649442,115.11619581882266,0.7469669158565952,4.407104803553913
2025-07-29,Capsicum,Clay,5.648324520354313,24.411997977934888,66.32483530777722,7.6518087513032285,16.342430909775427,12.3826241333993,161.1531594614774,0.2522569785248141,1.4883161732964032
2025-07-30,Capsicum,Loamy,5.696620877355415,25.923366238566683,67.24316295808867,13.352455477380024,17.744774192759834,18.510918822321443,123.94647795344667,0.7973971017540458,4.70464290034887
2025-07-31,Capsicum,Sandy,5.7929120089366055,21.65259940489093,67.68846064295485,8.270915060016385,10.337891509482485,15.57219044930044,186.74041132245674,0.7060394857151115,4.165632965719158
2025-08-01,Capsicum,Loamy,5.826256659742388,21.70230589646528,68.3181236038365,9.88060156269663,15.931559955271343,12.068410381435612,132.70996654000794,0.6781202677292442,4.000909579602541
2025-08-02,Capsicum,Sandy,6.605800875193479,22.374635682861268,68.91985925252794,14.411403351458404,11.86732994097371,16.235078099562223,132.90628169009096,0.1694436589717082,0.9997175879330784
2025-08-03,Capsicum,Sandy,6.229589624767282,25.14461998432276,66.97403641439128,7.271490888369463,13.459495178632029,13.577167649424275,159.81938785178934,0.1173125519796677,0.6921440566800398
2025-08-04,Capsicum,Clay,6.1804081847866765,22.71195742958651,68.23023472048298,8.896260173580103,13.479686661552165,18.444056122920657,118.35629081199087,0.5752101607264672,3.3937399482861568
2025-08-05,Capsicum,Sandy,5.649199533429982,23.266275227940618,65.7530547653426,11.064577755435456,14.690603402211536,14.532997386465428,128.4888638903061,0.790507170018529,4.663992303109321
2025-08-06,Capsicum,Sandy,6.618181601354266,24.20250268938395,69.6632405027124,12.553389295039722,13.341364118761733,17.264413581074166,141.66318501194115,0.5675531713125087,3.348563710743801
2025-08-07,Capsicum,Clay,6.4396585941710285,27.49492899208304,66.91529403210502,14.016533867127052,11.073611184506678,10.955362076362372,135.36378631401104,0.2705878923564246,1.5964685649029056
2025-08-08,Capsicum,Sandy,5.587968870470002,21.11089708730288,68.64760710988219,14.154729875735152,11.456287385254514,13.960243463023462,152.48772180055823,0.1724159183593706,1.0172539183202864
2025-08-09,Capsicum,Clay,6.420185626398699,26.195030561892978,65.10170540941088,12.76640074372623,10.334379855610976,19.832414364723988,159.96401440689664,0.6596771622541879,3.892095257299709
2025-08-10,Capsicum,Clay,6.2065996825454395,26.351012248325482,66.02593571452404,7.283308365933104,14.702490853287543,18.084602894771486,156.66674537501646,0.6774162218542477,3.9967557089400616
2025-08-11,Capsicum,Sandy,5.606242949470812,27.38924624285309,67.4354127216179,5.2480933004256585,19.544476948529883,11.599408023669287,165.4168311991932,0.2380253605496869,1.404349627243153
2025-08-12,Capsicum,Sandy,6.0957908339872535,28.462023512482507,69.39126233866173,8.837739303556237,11.156752236481166,12.777640494772552,130.77495166078202,0.122552252397229,0.7230582891436513
2025-08-13,Capsicum,Loamy,6.130105173269061,21.161102791594317,67.63627574975338,6.415488509878234,19.46264493003082,13.29815808856361,112.64262271550281,0.4266268105785576,2.5170981824134904
2025-08-14,Capsicum,Clay,5.715506902212258,22.23026964410573,69.6493524114694,12.10387647438298,17.333615147320934,16.503655604954456,176.0807541431077,0.5661749617064177,3.3404322740678647
2025-08-15,Capsicum,Loamy,6.729407591100367,28.089370352447943,67.41898448291398,11.611305868257167,16.37498802934163,17.569947594896554,185.0780382630682,0.6648019276537529,3.9223313731571423
2025-08-16,Capsicum,Sandy,6.60496798292486,24.668148497496123,67.45224548367975,5.439716416214548,16.452777553235627,17.4952660880791,125.70062322224322,0.7479560073223223,4.412940443201702
2025-08-17,Capsicum,Loamy,6.369729038527841,25.516725111467707,65.59873394250266,13.365937791309513,18.26727648396282,15.098740563064029,140.70919561580197,0.5884299418453859,3.471736656887777
2025-08-18,Capsicum,Clay,6.100984229300789,26.304217629785178,69.0132812207611,7.487432662911822,11.069198643798213,18.108205378381513,149.85692169635553,0.188704486878788,1.1133564725848497
2025-08-19,Capsicum,Loamy,6.035295204059861,26.432532835965098,66.23482706233531,9.322270754910422,15.047543235655418,14.370780827574752,153.33268427529364,0.6460653377139318,3.811785492512198
2025-08-20,Capsicum,Clay,6.34626550729624,28.453923226532066,69.49806244686158,11.679337354557424,16.970911382607586,11.23880565295562,165.9490171087652,0.8873413143159057,5.235313754463844
2025-08-21,Capsicum,Sandy,6.209061430228977,28.975595339293356,69.55412110165199,9.294187868522531,15.868204450735636,15.644418416538134,104.16032333553214,0.8244676676779231,4.864359239299747
2025-08-22,Capsicum,Sandy,5.580955037646452,26.76125968744752,69.71655055937075,9.412878027999431,18.327790710232946,19.523013846011068,172.1477082734017,0.7973351274156102,4.7042772517521
2025-08-23,Capsicum,Clay,6.166253443401431,23.297769673641206,67.60115244551545,5.656279953357403,10.722717090113514,17.929936513925114,106.19710069794102,0.3417361226866727,2.016243123851369
2025-08-24,Capsicum,Sandy,6.548324702402692,28.038019218354748,68.38546892391822,9.014435492600038,16.90701039499166,15.787006476922425,146.8288567672868,0.7006305411632006,4.133720192862883
2025-08-25,Capsicum,Sandy,6.097011840876045,21.39376731632609,68.89257940030832,12.648478932199836,15.340277303847177,16.468056603490968,182.7671135569194,0.7808827567721165,4.607208264955488
2025-08-26,Capsicum,Sandy,5.567543550820549,22.84864682299597,65.65507309325233,14.151763371865975,13.791608639799435,19.305620270355725,145.12153132783962,0.6426609637050105,3.791699685859562
2025-08-27,Capsicum,Sandy,6.522161659199243,28.17908573970972,68.00478597498748,9.134971370633718,13.402749822340308,14.283427944349604,114.90897487682477,0.3004494052543844,1.7726514910008684
2025-08-28,Capsicum,Clay,5.761772916776767,23.04953211551484,65.17148950651656,9.235858268790787,16.20832632774193,13.313941389426374,198.50338450059598,0.8630671774999666,5.092096347249804
2025-08-29,Capsicum,Loamy,5.8362070853544505,22.76520847697399,67.48783041694362,12.02627106323652,18.909953746442646,19.77241565000449,188.92854620742634,0.4606555291669407,2.7178676220849507
2025-08-30,Capsicum,Loamy,5.714118259461984,22.105002345121978,65.77421340810113,14.427720011052768,14.961759261011153,18.634431335103336,177.1313633225014,0.2038444469327035,1.2026822369029508
2025-08-31,Capsicum,Sandy,5.929279584332947,27.87289406117533,65.91461462981043,7.670609402393602,18.2472316407692,13.230435846186024,141.15116028992105,0.1878223160459136,1.1081516646708902
2025-09-01,Capsicum,Loamy,6.483776957395225,25.000466073528692,66.825237833463,9.401442065379369,14.021563818439676,14.637805973609229,118.38457268892978,0.6180151898392366,3.646289620051496
2025-09-02,Capsicum,Loamy,6.1752016173551185,26.39914562443324,67.16218583358251,12.959732435523012,11.023944627931765,14.15078129007799,194.14111814185014,0.4501677171333913,2.655989531087009
2025-09-03,Capsicum,Sandy,5.766345656395926,22.91253107260024,68.11586212266094,11.096935693740384,10.615057364586386,11.490956786714339,153.2351126517139,0.1755871001431709,1.0359638908447084
2025-09-04,Capsicum,Sandy,6.641179101597653,27.06432336808973,65.37214209219258,6.105863439639547,10.513343713236775,19.57819323813259,185.2355460387485,0.6922916577248757,4.084520780576766
2025-09-05,Capsicum,Loamy,6.643456411436988,27.08004435969679,67.51845880618723,11.277327355622656,13.801501419576699,14.043124312197587,134.20950057594257,0.7394601338068958,4.3628147894606855
2025-09-06,Capsicum,Clay,6.631751952559808,23.500784199266402,65.9131256512655,6.867462845973269,13.37237750835842,18.75329082637908,133.52883170794706,0.6803325046291611,4.01396177731205
2025-09-07,Capsicum,Sandy,5.810435074796001,24.285461064082263,67.86987587515871,10.10215934078404,17.179370236225694,11.893562276806652,198.55404806740393,0.2618087021472103,1.5446713426685408
2025-09-08,Capsicum,Clay,6.086611147435285,22.677522219441606,68.18702306130592,10.291032676604384,17.428215015848657,15.478708106372197,152.18330484948498,0.6518203647968555,3.845740152301448
2025-09-09,Capsicum,Loamy,6.780486552983137,28.812488186583234,67.78354628276426,13.762033622249849,10.508539688337398,10.239613851242698,114.06954238607463,0.108578242315508,0.6406116296614978
2025-09-10,Capsicum,Sandy,6.503616219202987,26.164820616467292,68.69147755239153,9.624942740124382,12.21123262889015,17.642204838423083,121.96746779947074,0.3440897117427274,2.030129299282092
2025-09-11,Capsicum,Clay,5.535317647593228,28.476351045724122,66.67804622120451,7.794424222358942,12.742618501588996,15.809138982462784,148.1944279392721,0.419057225126035,2.472437628243607
2025-09-12,Capsicum,Sandy,5.5847659686386395,23.427084349033066,68.82553295816565,7.309663482160316,15.476119841428094,16.255895834697526,104.24709104884113,0.7681975591084013,4.532365598739568
2025-09-13,Capsicum,Loamy,6.103110789856032,27.25512730397512,67.16383540854096,13.74251876684336,11.445152239069502,10.517208825546534,146.25339853783004,0.4123154984555234,2.432661440887588
2025-09-14,Capsicum,Clay,6.681986267620028,27.126869151077937,67.42092249161298,6.710108544182284,11.339412194000003,12.110383302086154,141.89408420801277,0.1090155569515186,0.64319178601396
2025-09-15,Capsicum,Loamy,6.200312337338528,26.533245214932332,68.24051063630536,9.258685608831438,19.43788889207958,10.743308723535801,177.93362653194868,0.3818771294624076,2.253075063828205
2025-09-16,Capsicum,Loamy,6.147156260444577,28.725111802134403,65.09179191999613,6.87173114926947,18.04202907297781,12.889143158038117,135.49419644892419,0.4991392786874298,2.944921744255836
2025-09-17,Capsicum,Sandy,5.637115809943619,24.148442688850523,68.26997110710124,12.733040401143754,11.806549020911703,16.27439007682151,198.25487615395994,0.8592038293382188,5.069302593095491
2025-09-18,Capsicum,Clay,6.353814136141582,22.04573858871806,68.09292574536057,9.74372639974619,14.065678079054909,15.661859843173751,118.07699193009032,0.8528274430316358,5.031681913886652
2025-09-19,Capsicum,Loamy,6.568734108780293,26.373670873952484,66.5492355837664,8.511436905568122,13.556219992575656,16.1214982161339,159.0986684968135,0.2446992305771292,1.4437254604050629
2025-09-20,Capsicum,Loamy,5.994546009759831,26.83447840381765,65.42897142449745,8.610996406264668,17.910040740654072,15.492512713778943,108.96992970082546,0.2481172333915612,1.4638916770102115
2025-09-21,Capsicum,Clay,6.508295406202926,25.60048458767052,65.45467724956521,13.522142067229794,15.102129164781221,12.730287956758595,173.38639839939822,0.2307051651716404,1.3611604745126786
2025-09-22,Capsicum,Loamy,6.753819650071055,22.65454314506717,69.61611873492615,10.53773954294438,11.27849736993467,12.445074973444253,199.47536880619714,0.7311375459312827,4.313711520994568
2025-09-23,Capsicum,Loamy,5.764896396865995,25.035647533354844,68.44639660612918,12.178678511312636,17.38992063156244,11.370596835365813,181.91386377516324,0.1048176322947251,0.6184240305388782
2025-09-24,Capsicum,Clay,6.1803285205531635,23.497517892553034,65.6355130688537,13.970385162506846,13.96887978224919,18.490708749034923,155.5703540720301,0.2017417585535018,1.1902763754656611
2025-09-25,Capsicum,Clay,5.873279345509948,24.41973222533351,66.78361584654454,14.01741676040642,12.62924247632147,16.164793585412447,148.4741357399692,0.5303677053152792,3.1291694613601475
2025-09-26,Capsicum,Clay,6.530710744743991,26.16174860675731,67.96241496950799,8.285090543378631,13.7549862202072,11.865110125040598,183.5029961266847,0.2980496535094124,1.758492955705533
2025-09-27,Capsicum,Clay,6.250871375645505,26.961717941526675,69.17785852545325,14.524512631463852,14.977565636068963,11.772093798212396,193.5974084710724,0.1738851665914096,1.0259224828893172
2025-09-28,Capsicum,Sandy,6.324957142815395,22.857797527210746,65.21830464356505,5.248758820146055,13.431155164170095,18.730356015261368,198.9206525798093,0.3879024098670675,2.2886242182156984
2025-09-29,Capsicum,Clay,6.537288407500662,24.24260288517563,66.18316565735005,8.768355610161656,12.419057725917579,17.427308637633192,139.65392275644842,0.3193660840481958,1.8842598958843555
2025-09-30,Capsicum,Sandy,6.014761614461191,23.153292567933033,69.4487449514769,13.957988575088416,13.985020288039802,16.593990799053714,199.09174747945121,0.5088834452114276,3.002412326747423
2025-10-01,Capsicum,Sandy,6.689617088929156,22.589052910894953,65.04582775091909,7.746368798169829,10.191729107498983,14.068641075392998,115.59262521738314,0.8833868750641567,5.211982562878525
2025-10-02,Capsicum,Sandy,6.192937527419982,27.267097759966706,66.00699551396944,7.730814503213184,17.72497846096314,12.619755642785176,125.35497759319092,0.1994437094519347,1.1767178857664151
2025-10-03,Capsicum,Loamy,5.7053412696859525,28.27402155549594,69.79512087986483,8.026222850818886,11.709448935675859,19.794507631128237,108.90161247338962,0.3981813638672754,2.349270046816925
2025-10-04,Capsicum,Sandy,6.404668853619443,23.961857485476614,68.06700923261086,11.123133848469225,10.439046136306372,17.972395750228003,127.17385164844816,0.8455880142979798,4.988969284358081
2025-10-05,Capsicum,Sandy,6.531239755569731,27.010231394990136,66.30835683318753,9.383327756143538,16.53698692905079,13.017792231362765,176.79375516180113,0.8014984347950581,4.728840765290843
2025-10-06,Capsicum,Loamy,5.911790180187785,28.17596231491529,65.33495547197924,12.267348363533426,17.739361288236722,18.475647962784947,185.292435817845,0.4154168278274245,2.450959284181805
2025-10-07,Capsicum,Loamy,6.614333034098379,27.768993684241853,65.14095670223611,13.949106425646658,18.138291315928434,17.589319486146813,177.8892645102572,0.6591626116157892,3.889059408533156
2025-10-08,Capsicum,Loamy,6.677986231195496,22.462507108313808,66.22372539818464,11.741993749428604,14.935091826606,12.970805498779985,163.10657781676963,0.1702856108650764,1.004685104103951
2025-10-09,Capsicum,Clay,5.859975833591151,28.65033505210689,69.40742909794456,7.044667201975755,12.053681846899853,14.265528542416398,151.39665125226458,0.6700328444348921,3.953193782165864
2025-10-10,Capsicum,Loamy,6.778577914529788,24.0134115234357,67.07956827148755,14.326819023605022,17.372276772498267,11.859534453910266,170.87042892136463,0.8782861835877932,5.18188848316798
2025-10-11,Capsicum,Loamy,5.6829249864633855,23.71392528939069,68.60166684582997,7.644928733474785,16.99713077154337,11.110524443781093,139.08335492672217,0.5299905222673533,3.1269440813773848
2025-10-12,Capsicum,Sandy,5.762620368923237,21.49945061822224,69.59142517689979,6.498942953281581,12.462707341031733,17.227620328396966,184.13083514997018,0.4987921816275315,2.942873871602436
2025-10-13,Capsicum,Loamy,5.739492291009434,24.889389232839065,67.04020230801409,5.8996727886096085,19.034077558627928,12.675118573538667,167.71900939767855,0.2498548957615282,1.4741438849930169
2025-10-14,Capsicum,Clay,6.662186623010231,21.872108925127428,65.95638685518699,10.633837406661655,11.04371458082829,18.200593657462534,169.78046984944086,0.6070305591258335,3.581480298842418
2025-10-15,Capsicum,Loamy,6.35058031802245,22.98831856741941,67.5855896542846,6.137624624806518,19.82688239591326,19.95608711514426,153.59359931290712,0.5723498246231319,3.3768639652764785
2025-10-16,Capsicum,Clay,5.697735568188954,23.53554097413825,69.54041843529927,6.387758841126308,18.602478109774644,10.766198139296487,188.52289842111725,0.6215464475806004,3.667124040725543
2025-10-17,Capsicum,Loamy,6.072420443878854,27.47061058793347,69.0218720706885,8.000304805954967,16.878986454790752,14.730351250837003,125.20147336790525,0.1208666293477774,0.7131131131518871
2025-10-18,Capsicum,Loamy,6.299887432590743,28.003909203167172,65.32914921681576,7.816530096844638,19.38749888279833,18.02062559310803,138.11476533610508,0.5389787906792589,3.179974865007628
2025-10-19,Capsicum,Loamy,5.608503310486198,23.419730539691756,68.46286400038791,11.042395103321423,17.22311168323708,17.889508965412336,177.76425696776892,0.5759478747978984,3.398092461307601
2025-10-20,Capsicum,Loamy,6.64714127892954,27.86958496995659,67.85948761229477,13.167452794726817,11.904569970300459,17.599971583309685,149.27488961293378,0.2660241083302417,1.5695422391484264
2025-10-21,Capsicum,Clay,6.544684596073996,27.85784749895833,69.53731588173213,12.613496562028924,14.421561381128118,13.48994935301911,188.92140134241907,0.2666662859908288,1.5733310873458903
2025-10-22,Capsicum,Clay,6.156768805649629,27.117207603078988,65.61240708425149,7.624844547164767,10.715030243316354,14.538532556850523,134.63993197628523,0.3209745348087598,1.8937497553716836
2025-10-23,Capsicum,Sandy,6.757264599836922,22.173560912121452,67.67018056602328,7.453104979859799,13.896574222881153,15.949683573414703,136.93301688196448,0.6693772733817901,3.949325912952562
2025-10-24,Capsicum,Clay,6.04308927305763,26.522582775205834,69.39731346755946,14.657915301069677,17.416030197372088,19.739405835732573,188.87357893866255,0.5850128508258974,3.4515758198727946
2025-10-25,Capsicum,Loamy,6.779343414747447,28.56019251664455,67.05011893370872,5.082362415919601,13.864433509308174,13.275472709384928,146.4370320182041,0.7766101168942438,4.581999689676039
2025-10-26,Capsicum,Sandy,6.368295998444715,26.460323830137256,67.40997458866434,13.797205330602155,13.302941754681342,19.23143887716858,151.6124584202487,0.3365268574744785,1.9855084590994236
2025-10-27,Capsicum,Sandy,6.325072655230124,23.652934792862673,65.35230338833479,6.99728519122405,15.953557225103118,12.693569181804941,133.27637153356795,0.8296544479106547,4.894961242672863
2025-10-28,Capsicum,Sandy,5.71574136388452,25.00463453944665,66.39071820224456,14.47284323089768,18.722045289988948,19.89074465473705,127.66699421790818,0.6949649295866867,4.100293084561452
2025-10-29,Capsicum,Loamy,6.646506085796037,26.165800346808428,66.62253324584474,8.423072848275197,10.475831925461124,16.702636868275917,165.5948710838392,0.4160093360109576,2.45445508246465
2025-10-30,Capsicum,Clay,6.0557365942968,25.084563269828028,69.72561224372444,9.403517738932525,13.854704346997355,14.635114803585509,111.98406615412038,0.1762096525003647,1.039636949752152
2025-10-31,Capsicum,Loamy,5.7109034275172235,21.959623533847758,66.4133368027058,12.07120613944381,11.582407418152627,16.13390428063605,187.9272641182909,0.305586929989986,1.8029628869409176
2025-11-01,Capsicum,Sandy,5.516389775968487,23.496512357216165,67.30434367634825,10.876690514732603,16.953542507318694,12.725311690402068,177.92031367651077,0.8654145737718802,5.105945985254094
2025-11-02,Capsicum,Loamy,6.227682388729897,27.41916824442906,68.3565221178214,8.179393297068227,11.05724560431135,12.741738575114667,119.07482637058028,0.3482907007072635,2.054915134172855
2025-11-03,Capsicum,Loamy,6.185619508759479,27.891344368764138,65.81091686203939,10.538309158678237,16.648077585802447,11.135545438434939,169.40199458245655,0.3639207681192515,2.1471325319035843
2025-11-04,Capsicum,Clay,6.435159709079906,22.098400261724564,67.43221193570938,12.307068843628862,12.861808707979073,11.140502977053988,160.26329212856348,0.2516711448781736,1.4848597547812248
2025-11-05,Capsicum,Clay,6.657335468923143,28.619094019189795,68.69269519737954,5.423349459024921,11.989168137372246,13.476717414689112,118.45350507366442,0.7454804809110124,4.398334837374973
2025-11-06,Capsicum,Sandy,5.603228560035938,23.630580942788875,69.33427606513533,5.111993052557041,19.363525578249856,17.628554778963718,127.32035060502325,0.3205153841938218,1.8910407667435487
2025-11-07,Capsicum,Loamy,6.450945437442471,26.29850990984576,68.13129637331214,9.580669390728913,10.18524576745956,16.079711675981624,140.89865037338345,0.3642065986950845,2.148818932300999
2025-11-08,Capsicum,Loamy,5.743635527326857,27.01460116765345,68.34526757658475,6.318366178035141,14.37777271889569,11.025845603310207,169.9242735245474,0.4314784867453013,2.545723071797278
2025-11-09,Capsicum,Clay,6.615630169104313,27.495569877103065,65.63141736292285,11.643442914647144,10.216269924617938,18.522365249759112,163.8723408817006,0.4469826238196878,2.637197480536158
2025-11-10,Capsicum,Loamy,6.564782568020153,28.56599761780744,69.72888248623174,7.140524562274342,14.83593048104329,16.013676269900664,153.2234847676698,0.4290726323320174,2.531528530758903
2025-11-11,Capsicum,Loamy,6.203031881481207,23.50335638423058,65.66287038742242,9.32851106795671,15.010473777944181,19.608555767847797,176.8410543114034,0.502994956299783,2.96767024216872
2025-11-12,Capsicum,Loamy,6.423315638210305,27.868051636412435,68.873364685909,6.976709368742689,13.216624713947471,16.701854674112077,175.7937739606166,0.7516103036931226,4.434500791789424
2025-11-13,Capsicum,Clay,5.908655147138873,22.053495227489655,66.32408160889159,10.484835857491245,11.321617775250237,11.75174863704181,161.7859154062256,0.7554280325936177,4.457025392302344
2025-11-14,Capsicum,Sandy,6.112518268612659,26.64032725082874,69.66796571850625,6.160534593845689,13.763875377344753,14.737833623078222,178.69900833848254,0.7386505070106776,4.358037991362998
2025-11-15,Capsicum,Sandy,6.568127967023613,26.935821836111888,68.5997976968474,5.231068527874802,16.722629399325662,16.48497597547204,133.42633747792092,0.18089987129319,1.0673092406298212
2025-11-16,Capsicum,Loamy,6.097044756325178,26.421785929610564,68.76906856489184,5.511316381066972,17.82395808644459,10.282647010499776,188.12495283226056,0.7397430426198514,4.364483951457124
2025-11-17,Capsicum,Sandy,5.965137744923075,23.018517889081224,66.09529586529942,14.5425844151531,15.307506023881423,10.14910264154808,161.4910085801941,0.1962014187892614,1.1575883708566426
2025-11-18,Capsicum,Clay,6.14247618142539,27.98434517612163,67.2151998831758,6.422862186109358,15.898343944397556,11.294030005985679,182.23635138124305,0.1997790160418064,1.178696194646658
2025-11-19,Capsicum,Clay,6.576724028168384,22.35086770696316,68.08906597294643,12.084782531368353,12.006163711246527,12.516644350454708,154.6279104790284,0.8582902173079686,5.063912282117015
2025-11-20,Capsicum,Sandy,5.935770461582134,21.429078332166647,68.849868091033,5.679262042228262,12.873303332276494,14.295491235206756,121.84382449886803,0.7555182757644331,4.457557827010156
2025-11-21,Capsicum,Sandy,5.725890071076467,26.739719924895297,65.51979687956195,6.081603522351822,11.618956100523585,14.874404737597883,154.24101286783088,0.5419283734944069,3.197377403617001
2025-11-22,Capsicum,Loamy,6.425618226430015,24.80380572186187,69.81182658227264,10.088762514093348,12.492953500046113,11.380276089378969,137.1111663776588,0.7999761635822897,4.71985936513551
2025-11-23,Capsicum,Sandy,6.573771676520506,27.79278415966941,69.45110335277278,9.648709301543438,12.248867802255319,16.73391579115831,169.74990360370947,0.8914917140414903,5.2598011128447935
2025-11-24,Capsicum,Loamy,5.630828722080594,24.06717712846607,66.35174295247792,14.515803094398697,15.194487863912375,15.961380616965348,147.57937917347357,0.588513653305422,3.4722305545019903
2025-11-25,Capsicum,Loamy,5.811836346582728,22.3462287080617,69.11380121516166,14.448354530207371,15.626887557907294,12.944640988411603,183.61128049276877,0.5903187495852145,3.482880622552765
2025-11-26,Capsicum,Clay,5.684563586689292,27.691537539758958,67.59161961519912,12.796086425424653,19.449474208215044,10.13659883435292,167.80725123219167,0.7035416233279425,4.150895577634861
2025-11-27,Capsicum,Clay,5.952323835056816,25.391277053120575,67.3090324078101,11.021018301273497,11.95570647101523,10.776479153532907,168.4544433031324,0.2857111618922662,1.6856958551643706
2025-11-28,Capsicum,Clay,6.085456272577036,22.51356633912284,66.57217052905703,9.54960317393011,16.41675710161496,13.916947755108394,121.7155333491065,0.2336998892150394,1.378829346368733
2025-11-29,Capsicum,Clay,6.473474238052298,26.763071988691564,67.90484293315797,8.56178534328421,18.17259268987523,11.53974351165684,198.42497664912904,0.707664600012058,4.175221140071143
2025-11-30,Capsicum,Sandy,6.346491860346176,25.088909107916002,68.64944558851799,14.470875469755557,15.602414637830524,13.768196061479708,184.16752092714887,0.3759238359952819,2.217950632372163
2025-12-01,Capsicum,Clay,6.30720713772196,25.83450385792256,67.05466452481379,11.029088114246855,12.550036525010757,16.28182604510355,178.90048845606947,0.2080562850447472,1.2275320817640087
2025-12-02,Capsicum,Sandy,5.958087430592551,24.687186705652657,68.14609596504145,10.790725276859945,12.625502300200003,15.472374278792834,133.02152251600273,0.3519021807341999,2.076222866331779
2025-12-03,Capsicum,Clay,6.593881819010187,27.62967187054405,68.49656460577651,7.319011217689148,10.39253053071,12.311758831373943,153.5631652847232,0.3869094942996604,2.2827660163679964
2025-12-04,Capsicum,Sandy,6.112673317617614,27.6365017254644,68.55560908507643,5.4669781788511305,13.054442265484816,13.438224912587524,113.71031880743287,0.8721821276045526,5.145874552866861
2025-12-05,Capsicum,Loamy,6.772836419419701,26.675110574595088,65.2598304906559,14.451885797595445,17.4460367900338,16.140311984486505,153.8475976662706,0.6583677688703385,3.8843698363349977
2025-12-06,Capsicum,Sandy,6.324384779784458,21.843211019171697,69.29873902842533,8.13735258844654,10.475177572071104,18.608550280434486,114.58892464832873,0.5246850539197871,3.095641818126744
2025-12-07,Capsicum,Sandy,5.6641441640338535,27.71083089523255,67.29126657382524,9.425890233244589,12.192952825048307,17.532134387388773,155.30378439896012,0.8750985109460839,5.163081214581895
2025-12-08,Capsicum,Clay,6.379030830698064,26.368103844263278,66.31208040848107,6.146399435857068,17.06232498531782,15.53400026833415,164.87218801549056,0.8225117923793446,4.852819575038133
2025-12-09,Capsicum,Sandy,5.922635220061209,26.576193328034396,66.2088225373984,13.36924329909292,17.826515628228766,13.622929983164862,139.01959672499024,0.5096006852913278,3.0066440432188344
2025-12-10,Capsicum,Loamy,6.392225355691926,23.903862723230972,67.41507056421975,5.276318328559306,14.553184100619283,13.650512775418054,149.85448783312933,0.8245437083015846,4.86480787897935
2025-12-11,Capsicum,Loamy,5.590533492611128,28.034236449256053,69.4341576973448,13.339907620990964,16.98074338478649,18.79417310264396,187.56533876745857,0.4234437264501253,2.4983179860557394
2025-12-12,Capsicum,Clay,5.727345868328747,26.80297280187886,66.89173790841323,6.402850127879668,13.87952168654892,10.392435760405464,110.85631447028094,0.2843365322852997,1.6775855404832687
2025-12-13,Capsicum,Loamy,6.612458436577522,21.900723732233555,68.74862873391771,13.86564112631152,11.599132450241274,19.87982644420261,179.1732892999653,0.2861425414576681,1.688240994600242
2025-12-14,Capsicum,Sandy,5.795333424130569,24.262224275249302,65.48409365493609,12.297726373361574,13.981494935229065,16.643754108515623,117.07545509961965,0.6298524195537014,3.716129275366839
2025-12-15,Capsicum,Loamy,6.588153462815821,28.091042895681134,67.3802835107553,6.6467026250730505,15.799678202031428,16.811376990723907,103.67079828046283,0.5008562565658217,2.955051913738348
2025-12-16,Capsicum,Clay,5.8630589149907335,21.37757361357903,69.95843070196368,10.65817992859468,19.480532818528904,10.379978373047422,118.55746027450478,0.6271606776043573,3.700247997865708
2025-12-17,Capsicum,Sandy,6.33574648307632,28.691332957136396,68.85218901396169,8.126563143552195,10.687509520886774,16.05529274891272,176.50431899704898,0.6488607714097359,3.828278551317442
2025-12-18,Capsicum,Clay,6.40239574556278,26.433300546556502,66.05264244220307,6.7823309891158345,15.073940938449606,14.84778060090447,140.512607333686,0.1178582983181741,0.6953639600772272
2025-12-19,Capsicum,Sandy,6.166451179088568,26.051007821147014,67.50720736848956,13.591821994111084,13.289197782107244,11.05778906894067,187.2520516846182,0.1432316738783219,0.8450668758820992
2025-12-20,Capsicum,Loamy,5.896903879705751,23.16447405190393,66.16812381824283,9.035227665072297,15.083116942766946,12.77922010769359,152.47075411822658,0.5261421812729999,3.1042388695107
2025-12-21,Capsicum,Clay,5.7764376892824245,22.990334309913415,67.04780463631255,8.985437143653826,10.239754473765316,18.90314456213651,102.2250351926331,0.2528283822080615,1.4916874550275632
2025-12-22,Capsicum,Clay,5.543146160931154,28.536465755908765,68.90042011867483,6.6988667480662,13.130253547015814,15.49988415865953,171.67136096019266,0.6060270150435517,3.5755593887569552
2025-12-23,Capsicum,Sandy,5.895130321612941,23.38617963387298,68.85612407645202,8.830656760857787,18.19868147527005,14.134165751739086,111.02329087212327,0.5417485913365184,3.196316688885459
2025-12-24,Capsicum,Clay,6.349111627690668,27.204042373751996,66.14050188951192,13.716168463288502,15.539417338546375,10.72682155840811,178.93796334619245,0.568608286696713,3.354788891510607
2025-12-25,Capsicum,Sandy,6.719796263983027,24.14497438565663,69.6111165907743,8.631287104896359,14.505824928161175,17.141215274023054,116.81025498051801,0.3419643038648086,2.0175893928023707
2025-12-26,Capsicum,Sandy,6.632565826941967,22.114032566277633,67.96284091382414,14.51603562499788,12.855250717153396,17.028508233960324,134.54463858055135,0.6118748050223173,3.610061349631672
2025-12-27,Capsicum,Sandy,6.495884209495893,21.08572238156287,66.89962145481007,14.463088992083875,12.980425227913559,16.140436069725634,176.12714296253603,0.7635941091880184,4.505205244209309
2025-12-28,Capsicum,Sandy,6.524981546229288,25.354058696122006,67.5096779039043,6.44898659307346,13.831014335905845,15.102626462206493,195.42313574764216,0.8984570028737897,5.30089631695536
2025-12-29,Capsicum,Loamy,6.364480374518793,28.80623054839146,68.02535626718871,6.773112535226449,18.355707099645606,14.337844022073726,137.14339506467323,0.7707555089377714,4.547457502732851
2025-12-30,Capsicum,Sandy,5.838372914835804,23.953089550473635,67.79945265922893,13.626740703318893,19.672132068082682,15.932710929879923,182.94002201989358,0.5459990077439579,3.221394145689352
2025-12-31,Capsicum,Clay,6.679353539917579,23.857538671944358,67.43202517768088,8.927609189247192,14.386553813503745,12.333954517284067,119.07922654758387,0.2547436733439652,1.5029876727293952
2026-01-01,Capsicum,Loamy,6.371952005477584,23.752732942795536,67.524664020447,5.043739822830093,13.933528387477619,19.412590641776475,180.71797702024912,0.6451567008958567,3.8064245352855552
2026-01-02,Capsicum,Clay,6.228572820274572,25.164350698438867,65.88205955213942,7.73871819705371,18.465507758198626,15.887945291802296,165.7494059256251,0.8501230284463825,5.015725867833657
2026-01-03,Capsicum,Loamy,5.644286309977526,24.52531906739435,69.06366452152339,10.976289931955598,14.269053206363036,13.111924443543765,119.27435072123684,0.2694932317858419,1.5900100675364677
2026-01-04,Capsicum,Sandy,6.081172206948353,28.039317013816117,67.70880159970508,12.99265965959968,15.520181722956512,14.496798508851573,130.25039603514116,0.3047964964212617,1.7982993288854443
2026-01-05,Capsicum,Loamy,6.098465752562504,25.04416633378792,65.65539930852351,6.333886170932596,12.309416645987444,18.05684788876892,113.1770888597036,0.2192068347293209,1.2933203249029936
2026-01-06,Capsicum,Loamy,6.623932692379471,25.062062705508552,68.83078550791389,6.105413644167354,17.435025357790753,11.616160607302975,138.29670110643133,0.6893773149011213,4.067326157916616
2026-01-07,Capsicum,Clay,6.210642686244125,22.106972757764453,69.66221989188675,14.220926535723317,15.31988318270782,12.928356224602604,120.36486411232774,0.4252492027389274,2.508970296159672
2026-01-08,Capsicum,Clay,5.994520713661532,28.861916327283087,69.73653449618482,12.511483678225826,18.090345502403416,16.795080227365553,164.39979536304736,0.1501565111091072,0.885923415543733
2026-01-09,Capsicum,Sandy,6.769840427063857,22.99978312695064,66.84508866205586,10.897796007780784,17.807327300286698,13.154892064822238,199.45051042205586,0.7999599931922242,4.719763959834123
2026-01-10,Capsicum,Loamy,5.64393677132421,21.58691253967682,65.67758436780377,12.69186789995928,12.150047682700286,17.925016818614658,101.20091630842641,0.5461375237620534,3.222211390196115
2026-01-11,Capsicum,Loamy,6.049312956805528,26.30516999180167,67.59199813316532,9.288543613066384,17.156355505577622,11.304534871773608,154.09198132872987,0.3648754336002846,2.1527650582416795
2026-01-12,Capsicum,Loamy,5.554632077722827,25.76293096125498,65.5630461467461,12.584557473091266,18.000544079513716,17.626861704546087,157.36665975490098,0.3751863808488775,2.213599647008378
2026-01-13,Capsicum,Sandy,6.461875356997009,24.321165231941965,69.66993709256309,8.718029912745358,13.46107240782395,10.683517148505663,191.42087896808118,0.3322009761527254,1.95998575930108
2026-01-14,Capsicum,Sandy,6.693499517858895,24.377537871045426,65.91789813677573,7.440945724926023,11.726091129022745,10.125926126674948,150.60053347669376,0.4643841379141135,2.7398664136932696
2026-01-15,Capsicum,Sandy,5.864048528415636,27.28051136837145,66.26382929975583,12.290134212929686,10.026321555795882,18.98223518832162,154.37014196449175,0.3696333507905159,2.1808367696640443
2026-01-16,Capsicum,Sandy,6.615844179838857,22.565701120797193,67.03318263442485,9.196722921572682,14.509036530931482,15.813392169322986,147.16528013283886,0.5383570432564876,3.176306555213277
2026-01-17,Capsicum,Sandy,5.879883699600467,27.562026551559118,66.91582234279564,14.813771043261948,13.524327315388415,13.518268970868114,126.89043045614814,0.7188138018170354,4.241001430720509
2026-01-18,Capsicum,Clay,6.684001210137089,26.189976911160144,68.97331446198945,8.49485182308101,15.54909833825409,12.325946369638505,105.60291332489138,0.6395690267554988,3.773457257857443
2026-01-19,Capsicum,Loamy,6.480150474675819,24.351758190236197,67.2815841027548,14.21727420531066,11.880410925887858,16.16885783260816,140.86576822098363,0.3355655142032937,1.979836533799433
2026-01-20,Capsicum,Loamy,6.54637880989387,24.664228932670948,65.85384130001668,14.329625485670794,18.59665547666475,15.090021835367383,105.25914712406785,0.5229928092318235,3.0856575744677586
2026-01-21,Capsicum,Loamy,5.523408522280591,23.053177657488767,66.33604947743036,7.418529470647462,12.577552156281097,19.915977755299853,155.04924694659178,0.7721009279298007,4.555395474785824
2026-01-22,Capsicum,Loamy,6.751653464196234,27.016914661575797,67.5455669259376,12.982211815880136,12.2642960508765,19.83215986653746,130.72936432422932,0.1545649877941803,0.9119334279856642
2026-01-23,Capsicum,Loamy,6.44467228969142,25.102997938442144,65.73726958713067,9.330745051445652,14.807140564843559,16.350245661416096,153.3602401525428,0.1626378135895238,0.9595631001781906
2026-01-24,Capsicum,Loamy,5.896176424001974,23.566836341998748,68.05827837823007,14.17524727230348,14.988510237442743,14.428705061058906,113.42969643951866,0.5449360544398028,3.2151227211948363
2026-01-25,Capsicum,Loamy,6.5782130643165,25.7684009260876,67.82873653275573,9.501242726352388,12.150852287850928,14.91140969134662,193.26299657393596,0.6112921027118425,3.606623405999871
2026-01-26,Capsicum,Loamy,5.865977557939409,28.965875616410585,68.57351158191129,12.44303717337366,12.718607267259157,16.82479066236862,189.4521243549935,0.2691304126207233,1.5878694344622677
2026-01-27,Capsicum,Clay,6.634579991435967,24.48209823725243,69.68852307689684,9.66967409163798,11.69705239155245,11.015745442353813,118.99965092022845,0.6961761013532144,4.107438997983965
2026-01-28,Capsicum,Loamy,5.646354507535518,28.365531206228958,69.56127280550578,7.278007557128562,17.184601783231667,13.283520738107182,134.34442832940098,0.617010701632582,3.640363139632234
2026-01-29,Capsicum,Clay,6.4147917706990345,23.76013471939653,69.73037809034416,6.993501289446863,17.70089031254082,10.75272241003604,161.34927718519796,0.8386314145890291,4.947925346075272
2026-01-30,Capsicum,Sandy,6.202908019638383,21.437861655399885,66.22357798511851,9.254311942563456,14.623284974592826,10.733607595169195,109.56862073059062,0.2351633614868293,1.3874638327722937
2026-01-31,Capsicum,Loamy,5.6254948112540735,22.633936850947432,65.65782653319677,12.55494657014215,17.140870226850176,11.958392418942337,135.4567821116151,0.7010994122864086,4.136486532489811
2026-02-01,Capsicum,Sandy,5.8144619767364905,24.349561146621475,66.51138350248225,11.050714851807667,17.359353919374456,14.852532545932268,125.11122868190061,0.1669144724666136,0.9847953875530204
2026-02-02,Capsicum,Sandy,5.51612524716051,22.75707942875655,69.47542586383157,11.886292899005433,11.382755276778086,17.847743211627893,191.55167287166967,0.552233927614318,3.2581801729244764
2026-02-03,Capsicum,Sandy,6.109398355103858,21.001816305746043,69.86026737311744,7.823263507319424,19.661780248345366,14.854958911658725,185.25106362892052,0.5415161115993167,3.1949450584359687
2026-02-04,Capsicum,Clay,5.891644838988,28.320012301980217,69.29662475535238,9.814353459576054,18.210319470964308,13.354766105608697,157.98327412668638,0.4107080357173925,2.4231774107326163
2026-02-05,Capsicum,Sandy,6.277864729587086,27.751035289847433,65.55008860563771,5.44395264969327,12.044834611958235,10.823529903367582,152.03463368715742,0.7756569181348538,4.576375816995638
2026-02-06,Capsicum,Sandy,5.886409150021202,26.938337851895575,69.73713999029897,13.175324159581209,11.861650357460702,15.502955231831296,193.07257945453972,0.1034965158288098,0.6106294433899778
2026-02-07,Capsicum,Sandy,5.8898948449590804,22.342516765168227,67.11679013675393,14.898921622398746,11.256611455795827,12.712685864831768,193.24277829788153,0.5161435215188166,3.0452467769610183
2026-02-08,Capsicum,Loamy,6.466151158351084,21.96290860967989,65.04655145381177,9.06879062624671,11.383785625419184,16.149341779171476,196.93301253516603,0.2737228398681499,1.6149647552220847
2026-02-09,Capsicum,Loamy,5.562585686771859,21.540837995779064,67.21196870374096,5.1096365313154335,17.481617990286964,19.771877391324182,112.53788841081877,0.6947988952931463,4.099313482229563
2026-02-10,Capsicum,Clay,6.6737634937495836,26.79223351018337,65.23034584837734,6.697926395509474,14.696542569516236,11.113143214775501,116.05578107631702,0.1344539410448777,0.7932782521647787
2026-02-11,Capsicum,Clay,6.6079430367085354,28.43046368550308,67.71938960580559,11.525268777504188,17.82934172739867,12.121253987219399,167.67366986798868,0.7652437505452622,4.514938128217047
2026-02-12,Capsicum,Loamy,6.368146088194329,24.444286567304296,66.69277013718526,11.120793182038591,17.462548943502053,14.730945380993747,154.1434476609845,0.7704737813655612,4.545795310056811
2026-02-13,Capsicum,Clay,6.2711880411396,21.953125375968384,67.36717466797025,12.87864719585544,16.046127135052217,19.686138153459297,101.8465904893236,0.7662928099228024,4.521127578544534
2026-02-14,Capsicum,Loamy,6.659993247581548,25.09914256585685,68.06585180371559,7.538840109610682,16.863666065786795,17.718097762699955,106.19750359895194,0.2220548213861359,1.310123446178202
2026-02-15,Capsicum,Sandy,5.7409292333873285,23.79065525966904,69.3440054790891,12.63631915547134,10.183557243791418,18.982291931628303,188.80803822588052,0.604325214848836,3.565518767608132
2026-02-16,Capsicum,Sandy,5.602659910848077,23.99859939479998,68.30950788235964,11.879840215236698,13.11777646805022,13.337148484757929,186.88707955393863,0.1114938873467116,0.657813935345599
2026-02-17,Capsicum,Clay,5.8113632208823995,25.970644993245656,67.1702443423909,8.228144977138433,16.378221792594104,19.920384737785945,135.7270921996045,0.7783700730313599,4.592383430885024
2026-02-18,Capsicum,Loamy,6.5329517623102475,26.749744906097618,69.09713926835182,10.45488148056962,10.093449534862442,11.028328160641575,189.10506169305347,0.6783801548068964,4.002442913360689
2026-02-19,Capsicum,Loamy,5.545071346744428,21.88482879098529,69.52791068786566,6.472738084983267,10.329769436825934,10.529729060461008,159.3675074397902,0.5249229847194021,3.0970456098444727
2026-02-20,Capsicum,Clay,6.257648885608536,21.28472184645181,65.59879983216099,9.525645034355826,18.51887982470383,18.55602627054028,180.59056470189017,0.6844731464772937,4.038391564216033
2026-02-21,Capsicum,Loamy,6.794068771048702,28.95464242148572,67.65966488776395,13.811973395556407,16.840248616920718,19.272648702069862,142.74310711602143,0.1754592773214177,1.035209736196365
2026-02-22,Capsicum,Sandy,6.6124049219888015,22.861826791324415,66.42255979871221,9.211913798253908,12.653697331203439,10.905853575461018,111.33983273449087,0.5229246657414851,3.085255527874762
2026-02-23,Capsicum,Clay,6.1778793957566664,21.43064419926767,65.23530598938474,13.39566706475422,16.87962840118709,11.134274267458416,143.37270626460162,0.3330211934531564,1.9648250413736228
2026-02-24,Capsicum,Clay,5.582733182072635,22.51900263276736,68.34273347556993,10.902533652596944,17.924566691392634,10.331741577557738,145.7299797996898,0.8780955705783784,5.180763866412433
2026-02-25,Capsicum,Loamy,6.5807855687014225,21.311662770787713,69.31385388729613,6.918767131023568,13.067942831101012,11.045075626427241,155.0944193840603,0.7856943604991214,4.635596726944817
2026-02-26,Capsicum,Clay,6.278672060630374,24.134487156937375,65.81451327238698,10.811062446978964,10.360373774991874,12.094198168002809,110.5582712904428,0.6866205566671815,4.051061284336371
2026-02-27,Capsicum,Loamy,5.649412896177437,27.419214275610592,69.0620682881195,10.059833291570634,19.327791246877347,19.70076618910001,199.14018630496116,0.8469981081997856,4.997288838378736
2026-02-28,Capsicum,Loamy,5.622014470270363,23.729955598061764,69.26697866768471,8.98641335196384,13.451798382956305,16.678602222396805,124.41368208069063,0.377474643652379,2.2271003975490364
2026-03-01,Capsicum,Loamy,6.68251486526757,24.55346725502693,69.57170221333241,6.196304395160704,11.064817632847063,17.78553025518542,119.85524035370929,0.820703919190545,4.842153123224215
2026-03-02,Capsicum,Loamy,6.369960341819501,26.40469418853951,66.32642544543026,9.167086638472298,14.918568713931474,17.76139403691522,152.68029188559365,0.3601905856853683,2.125124455543673
2026-03-03,Capsicum,Loamy,6.5780728391117815,25.071152560559042,69.51976532594945,5.727623762396271,17.684677956641337,15.350737497792146,153.72081793948885,0.6862373757529224,4.048800516942243
2026-03-04,Capsicum,Clay,6.642672570366948,27.891565488170592,66.60331377368216,5.987690513987513,12.216473146175591,17.974889777130173,143.98207378332444,0.6891335294211592,4.06588782358484
2026-03-05,Capsicum,Sandy,6.243304057662819,27.92828540036605,67.76169006727751,9.15916532932716,12.694900501333635,15.958075323899696,177.18921463252545,0.1146799011632747,0.6766114168633213
2026-03-06,Capsicum,Sandy,6.172680257281554,21.07928556392923,65.2525373541614,8.053814819684638,12.427149867985833,13.145460976033576,151.66544007286026,0.3888477586225561,2.294201775873081
2026-03-07,Capsicum,Clay,6.059555633417287,27.224370451865592,65.21940544184372,14.255443258622234,19.916730528316783,15.611101087684007,160.9695455144984,0.1155461379267983,0.68172221376811
2026-03-08,Capsicum,Clay,5.912030564128455,24.685868801933392,68.60186606366102,8.757058053802705,11.974037337305425,15.335085861345135,172.37463854077856,0.8976736140881989,5.2962743231203735
2026-03-09,Capsicum,Sandy,6.064974749116326,28.910724330429304,67.22239988988896,12.578581220721002,15.75520216966124,18.23453053759321,102.50251015638666,0.1977574094633904,1.1667687158340034
2026-03-10,Capsicum,Sandy,6.506043552449203,24.86585660700348,66.2814618768461,10.302475263662426,19.252646416569643,19.81727217381659,157.0644182545045,0.5342487165184875,3.1520674274590763
2026-03-11,Capsicum,Sandy,6.282500460319671,28.89516756310638,65.95206748012455,12.040856686423352,11.468965688777793,14.110425654209305,188.4194471228369,0.7324449910101098,4.3214254469596485
2026-03-12,Capsicum,Sandy,6.660280276941299,27.036554889645892,68.34976745429609,7.601159830153992,19.708541978677005,17.633906784413597,101.73887429254339,0.261010881808714,1.5399642026714129
2026-03-13,Capsicum,Sandy,6.076394018692944,22.98883907690645,65.0020077201267,14.41904972838329,19.474772343956246,10.997630040381335,140.5182103800961,0.4880421344763781,2.879448593410631
2026-03-14,Capsicum,Loamy,6.28921645233438,25.30715983429566,69.02945584598427,10.30088496914424,18.845719870582627,17.768313694482885,192.622745020583,0.5859430087369207,3.4570637515478326
2026-03-15,Capsicum,Clay,6.320699819019585,28.937085115828662,65.39624803064964,13.313240712852496,12.145565213300022,13.714169119932322,135.31544022825378,0.2281638035164363,1.3461664407469742
2026-03-16,Capsicum,Loamy,6.269206310998223,27.86024486201539,65.9574480745406,8.650456934761134,16.340550560109833,10.393901628896867,145.8728824200241,0.7228443679292308,4.264781770782462
2026-03-17,Capsicum,Sandy,6.413423905011171,21.77893515032977,66.93118197649545,6.002113490505245,17.6089147296124,13.632461785621771,198.15413930443128,0.3394691657514922,2.002868077933804
2026-03-18,Capsicum,Sandy,5.808663508887248,26.65097597447997,67.42429369858051,11.737116477208488,19.860279281964296,16.10642750921645,119.93238589505738,0.2688184610710722,1.5860289203193263
2026-03-19,Capsicum,Sandy,6.166072910809528,23.764636686966504,66.7749755790697,5.077596483374245,11.804238220813705,11.192501676814665,106.52551891250059,0.5466309971499336,3.2251228831846084
2026-03-20,Capsicum,Loamy,5.635492243650852,21.055858095042787,66.60356082492147,9.752929765655082,17.660258995192965,19.240344924302548,185.94225908613043,0.4282509021143503,2.5266803224746672
2026-03-21,Capsicum,Loamy,5.999864725938256,24.227847752215997,69.81958006036594,6.928019026664592,13.388011699271129,10.776724132728386,186.84653412123686,0.8362287557091342,4.933749658683892
2026-03-22,Capsicum,Sandy,6.1339671892076435,22.87803537379977,68.20789840621697,11.27375504435362,11.756264655680024,19.30006719833166,147.2077834680013,0.8040501585585232,4.743895935495288
2026-03-23,Capsicum,Loamy,6.347891537409114,27.550954164163773,65.11716477683694,14.794198731378522,14.21376941213855,17.071375179356863,151.42071744772863,0.4866805307111066,2.8714151311955294
2026-03-24,Capsicum,Loamy,6.735690368362064,23.698644870766124,67.15087954222156,9.64402906320646,17.938359121486165,13.297121754142037,183.58063696178363,0.3874110197804781,2.285725016704821
2026-03-25,Capsicum,Sandy,6.280846386512863,27.62018955163054,69.37504349871985,13.174982565256666,14.648498037040522,13.907503477090932,173.8559498115795,0.3604143853050122,2.1264448732995724
2026-03-26,Capsicum,Loamy,6.466672091029528,21.00478351067836,66.50728093205333,10.07784186951121,15.375231002030485,17.40809364732744,126.51490022170107,0.3140508984652059,1.8529003009447151
2026-03-27,Capsicum,Clay,6.158145877343763,23.46255320020895,65.47278172387195,9.95840031104024,19.951594102001213,16.014711008812075,101.68933550715184,0.5356382829699818,3.160265869522893
2026-03-28,Capsicum,Clay,6.324335240789231,22.929321714462095,68.79192385794958,14.30423493178778,13.99109299557426,16.71642921454945,147.97001625335457,0.7439828837876349,4.389499014347046
2026-03-29,Capsicum,Clay,5.592211880973905,22.868538888548887,68.03006915968041,13.899658687466816,16.154007547092398,13.8916461651348,185.89123260956416,0.3486052865628462,2.056771190720793
2026-03-30,Capsicum,Clay,5.830709055094401,21.545492958123702,67.85156253913252,12.858004651879744,13.652442016153719,14.87813481807599,189.58346766901622,0.2520752717504652,1.4872441033277446
2026-03-31,Capsicum,Sandy,5.97040902116668,22.496994163284015,65.26788279803704,7.962557533167841,13.92785646328705,19.898674840378934,195.6226197076154,0.4803870449466294,2.834283565185114
2026-04-01,Capsicum,Sandy,6.114241361508467,25.444396559084957,65.70249504897758,10.450084157239406,16.95640753445408,12.139228704997176,187.95632376127813,0.1552275334381332,0.915842447284986
2026-04-02,Capsicum,Sandy,5.5593433691530985,23.330888582701956,68.11274698106557,7.23897233305685,19.378869760948835,14.178561865221315,158.00435552980983,0.6610232049037654,3.900036908932216
2026-04-03,Capsicum,Clay,5.682031326819313,24.339158258633184,66.03911920729418,9.439166980465398,15.423589504923214,12.918231875739673,144.4605599236101,0.514686613041547,3.036651016945127
2026-04-04,Capsicum,Clay,5.859858600128698,24.01493504277751,67.52035039874212,9.842130657597906,17.683999289487797,17.6511151043985,177.48498465340992,0.4970998463782833,2.932889093631872
2026-04-05,Capsicum,Loamy,6.762992498171366,28.007239399999158,67.72440843014697,13.31640040169331,10.892065588169638,17.640126256657208,173.98216343655963,0.340356303640018,2.0081021914761066
2026-04-06,Capsicum,Loamy,5.930751109233966,28.242391992084123,66.4175359513547,13.960283653249933,12.11158037431927,12.924454609973958,153.81434300814544,0.8237387500253893,4.860058625149797
2026-04-07,Capsicum,Clay,6.1266533755457075,24.94365577324688,69.74212577770746,9.14620062396478,15.021316409195325,10.81390316632983,108.73273725584691,0.1723890334796421,1.017095297529889
2026-04-08,Capsicum,Clay,5.754927026559911,23.641247602524835,69.21232053417788,5.177044450732372,10.200117236287747,10.11432676672204,192.6081346786919,0.7958592071096251,4.695569321946788
2026-04-09,Capsicum,Clay,6.294014092398498,21.85440563201891,68.61186753816399,13.617738397893548,12.528549787625588,14.274505332424855,145.56025375016623,0.4013641619327381,2.3680485554031554
2026-04-10,Capsicum,Clay,5.864888180170767,28.62722303505676,65.38996933204704,6.742786785013607,15.17401289824966,14.103375943357708,136.33337819162642,0.8044988127800179,4.7465429954021054
2026-04-11,Capsicum,Loamy,5.769090351969955,21.48181555920238,65.5306500965451,11.218819638903934,10.149611982563007,19.883898786398632,162.95673951687718,0.6830091666659068,4.02975408332885
2026-04-12,Capsicum,Clay,6.171544416979772,23.381202220546243,67.46390672932478,5.249709004341312,12.645462862260416,14.698020756976796,167.38379611669768,0.1833365813296306,1.0816858298448209
2026-04-13,Capsicum,Loamy,5.507157538908547,23.384529609360033,65.80356674595492,8.995064752605643,15.140308194758695,12.564183695754206,121.06879170303014,0.7652290292074829,4.514851272324149
2026-04-14,Capsicum,Clay,5.509963242443993,23.56321028912172,69.89132731764737,14.859603021153498,15.731492479812456,18.912294410314672,183.69388448099562,0.6457414669596041,3.809874655061664
2026-04-15,Capsicum,Clay,5.784789451832415,22.314294746179275,65.79260117013705,6.006936011038031,19.257516930553052,14.910679496535785,128.9937093662378,0.1258415303322787,0.7424650289604448
2026-04-16,Capsicum,Clay,5.547737771251067,27.26529144738958,67.43733917731987,9.236931519996425,16.453456232506078,15.991756352105778,118.66839259143167,0.2069621456877359,1.2210766595576423
2026-04-17,Capsicum,Loamy,5.640433480369898,21.979982895727915,66.82060528420753,8.071499501899522,14.147358025299937,10.956687104282127,140.63998528544974,0.6085024446685561,3.590164423544481
2026-04-18,Capsicum,Loamy,5.940518844140377,26.0792532732253,68.19693210727048,14.050881233882643,19.303511771330676,13.82916407329774,173.0560080897465,0.6300804023042279,3.717474373594945
2026-04-19,Capsicum,Sandy,6.543361383453757,21.99076821364654,65.64518204444713,13.693401079073553,17.848829833877943,19.44223674473787,196.54581784398033,0.697321146270076,4.114194762993448
2026-04-20,Capsicum,Clay,6.243663236380091,21.564285100743653,67.15158214021196,7.376987603062288,12.000089211127476,15.895053841754255,180.9281264371433,0.6761963206199855,3.9895582916579135
2026-04-21,Capsicum,Sandy,6.1664680437433415,28.27543602948701,66.37352516403571,5.811877870504311,11.308423613488198,13.445018551424617,194.03483776701916,0.627615963735964,3.7029341860421874
2026-04-22,Capsicum,Sandy,5.881535470170558,22.521030130549647,69.43875762335844,11.271383940611177,16.75811635742733,16.256671806315932,114.06058040765268,0.712991121397138,4.206647616243115
2026-04-23,Capsicum,Loamy,6.711279835262661,27.570001236477633,65.20292856067347,8.363687118837097,15.598831655769839,19.10411089578116,107.11767988636768,0.5600685647138983,3.304404531812
2026-04-24,Capsicum,Loamy,6.016119553608349,25.357046968857087,69.5686374700323,11.72084390606063,17.896736137927558,12.739906004725901,155.77047619066713,0.3086331084195639,1.8209353396754275
2026-04-25,Capsicum,Sandy,5.613220596834503,21.622852156870156,69.164970692765,5.3211975606781445,17.388050500786864,15.051167184706744,129.02974830440343,0.8299012909845745,4.89641761680899
2026-04-26,Capsicum,Clay,6.302186470953141,28.64358553150454,66.48785358220408,6.333992351774894,16.252115338575152,19.586906539117553,182.80549729692729,0.1145712247455823,0.6759702259989359
2026-04-27,Capsicum,Loamy,5.6479899115195815,22.97568933593514,68.94645327338553,11.863722327726434,19.86382171628892,11.723961432984527,167.1987871402326,0.3932493758971922,2.3201713177934344
2026-04-28,Capsicum,Clay,5.9487900856422,27.877162762820852,65.15606780169374,7.123706553024977,15.335897301104087,17.196639255967114,197.07281639857945,0.6830962344777307,4.030267783418611
2026-04-29,Capsicum,Clay,6.159635520333151,22.350480046276513,69.83432775146697,13.575876757624016,11.131057565017198,16.144810082029824,125.47923557313042,0.4417248329197395,2.6061765142264632
2026-04-30,Capsicum,Sandy,6.636489282090729,27.831543057134823,67.63297471294895,5.585908877101354,18.282735648159885,16.796751311406346,148.57841143552324,0.1198675259840114,0.7072184033056677
2026-05-01,Capsicum,Sandy,6.141610554442154,21.105830503242352,66.51640513032723,7.154819827855746,12.51853362345709,13.512196306675698,150.1240477425353,0.1527847224929705,0.9014298627085264
2026-05-02,Capsicum,Sandy,6.412936395841164,25.094243652555846,66.81291606297339,14.985602484850686,17.773021481439184,13.138793734837648,123.91767948573762,0.6189098953106309,3.6515683823327225
2026-05-03,Capsicum,Sandy,6.790661890698791,27.155540635372454,65.33202676730248,9.330761025867924,19.57107096000051,16.842096705883705,159.00933994880077,0.8718916795242397,5.144160909193015
2026-05-04,Capsicum,Loamy,5.670935855867376,28.478364139942265,69.94674757021019,12.029656635446436,16.96795513964341,12.155432851045454,144.32859860792394,0.5414909086675992,3.1947963611388355
2026-05-05,Capsicum,Loamy,5.857150983175376,28.273617089651896,65.19645972575346,6.826630488570137,15.96030160949801,14.196547448590051,144.67215559898736,0.5054062544190153,2.9818969010721905
2026-05-06,Capsicum,Sandy,6.012948898276941,27.556998956381157,68.2745356157393,11.098687349855378,14.603861756750405,11.88174646052918,136.27366479724836,0.3546601704450138,2.0924950056255818
2026-05-07,Capsicum,Loamy,6.048376632100481,28.105530797290434,67.2136796385323,12.261060683694184,13.644098659954032,10.083048411233298,101.6929352425535,0.3053525390928505,1.8015799806478183
2026-05-08,Capsicum,Sandy,6.034327397845209,22.59375748669661,69.74458109094357,8.144766358665105,13.530047509718361,19.700573600380693,152.2095236914789,0.1167879854050277,0.6890491138896639
2026-05-09,Capsicum,Clay,6.679894303323521,23.27347436569383,66.22999870153397,13.288971119758775,16.363727057095907,14.317029786564191,133.52478357003312,0.318363894112377,1.878346975263024
2026-05-10,Capsicum,Clay,6.428242437806913,23.311748199368466,67.66043411969005,11.034175784722834,17.51273116937746,19.693496144198253,100.13198689843297,0.4592883526922019,2.7098012808839917
2026-05-11,Capsicum,Clay,6.2902767783179145,24.01643144801359,67.41178104291376,8.891230096150302,16.785170694844144,11.40323519767826,130.7943707661932,0.2583598264391601,1.5243229759910448
2026-05-12,Capsicum,Sandy,5.902184533221616,24.14656536308151,68.51433222025051,10.576423933431585,11.984101011935627,15.87366779457486,127.8628333089757,0.1698783907851433,1.002282505632346
2026-05-13,Capsicum,Clay,6.5709274994876825,25.356442597237404,65.3400511597621,10.767608474359244,14.939871801434911,12.009740327912397,139.3448153223636,0.6741822938036821,3.9776755334417246
2026-05-14,Capsicum,Loamy,6.741578664930485,22.27903810693153,65.96894565011678,6.65535292693866,17.91640072183063,17.900741269632746,113.18519896433969,0.8156962152544537,4.812607670001277
2026-05-15,Capsicum,Clay,6.567557767315295,26.529973310287915,66.07282410046425,9.027323698669662,14.757040781890563,17.837029887609752,150.76838246350843,0.8494176557496685,5.011564168923044
2026-05-16,Capsicum,Clay,5.502034636748915,22.340532314436054,68.69075377420845,8.43430588019493,15.36623279735494,11.126071490393118,169.244035251813,0.5943989827975915,3.5069539985057903
2026-05-17,Capsicum,Clay,6.327321781238429,23.48246785683638,65.9456934816337,9.00902722579126,17.711360481708223,19.12064452876389,163.01855690545725,0.1422196660794254,0.8390960298686103
2026-05-18,Capsicum,Loamy,5.566475995874731,25.02676104484923,67.86745881945488,12.61110588485258,16.612653062650914,11.946296472032246,180.37549475691907,0.6926901039694188,4.086871613419571
2026-05-19,Capsicum,Sandy,5.834889386433838,27.371524492187817,66.07621910250477,9.825384074666726,14.093449208823927,16.129773415893602,145.20082879870813,0.1880762442095091,1.1096498408361035
2026-05-20,Capsicum,Loamy,5.5773821104521035,26.915753865909817,69.30812475041989,14.403161532392645,18.95412711194219,19.85633620087704,151.90917303397282,0.6357984941502591,3.751211115486529
2026-05-21,Capsicum,Sandy,6.284934088834204,26.164274851284176,69.71092727244819,7.9367641335843615,11.625670686634786,18.823965347663638,181.04019408589835,0.7234926685983006,4.268606744729974
2026-05-22,Capsicum,Sandy,6.392566887540388,22.246186084641362,67.5924648747112,9.15703578284929,19.955164485903246,19.565639285611688,142.77011708192384,0.6806917686611782,4.016081435100952
2026-05-23,Capsicum,Clay,5.648833929485677,25.37636276492462,66.7615444210459,12.869568104790414,11.188525784762373,13.425987712181193,170.1599349899597,0.8615070446089045,5.082891563192537
2026-05-24,Capsicum,Sandy,5.998990547958473,21.699572014399084,66.1702888750875,10.460245933207505,10.149499711042388,11.055756422194634,143.46023687179917,0.6905170275739118,4.074050462686079
2026-05-25,Capsicum,Loamy,6.093107461642204,24.018905414373208,65.24890500761522,10.470281464244476,18.900189011487647,11.883468732894501,141.77361945115626,0.6545678223854468,3.861950152074136
2026-05-26,Capsicum,Loamy,5.979768928289191,24.308132242319672,66.34250038098747,5.533401630051835,12.449535083659562,15.004948950766138,176.020562452916,0.3093945377464819,1.825427772704244
2026-05-27,Capsicum,Sandy,5.657332500630751,21.31849151556603,68.27117889972659,8.985996627184559,17.296996274467208,17.93229678273322,117.48369154662112,0.8398149491487213,4.9549081999774565
2026-05-28,Capsicum,Clay,6.044632127243718,23.191904795759775,67.66808465654606,7.707337324217325,18.110153749320695,11.501536441838752,133.85859719415737,0.2436350966353335,1.4374470701484678
2026-05-29,Capsicum,Clay,6.476531462150944,28.645195738131914,69.72020639140463,14.993351228311154,18.58986391032117,16.59731532260757,122.41722767469018,0.8239172891785012,4.861112006153157
2026-05-30,Capsicum,Loamy,5.592309963893232,28.629060862637516,66.9813863124585,8.083550706323102,19.915942356641665,13.23577604039512,135.91099429675972,0.3501300346767283,2.065767204592697
2026-05-31,Capsicum,Clay,5.6042340183064745,23.818616434020313,68.46931671164197,13.844965347938636,12.940397100399991,13.412020723921536,123.0374822366024,0.204130875102135,1.2043721631025963
2026-06-01,Capsicum,Sandy,5.96120267938678,21.344800871586592,67.4466137373756,11.762337350404774,17.102433419272593,16.619177301579263,157.94056310866546,0.7613464218169366,4.491943888719926
2026-06-02,Capsicum,Sandy,6.724243425104603,22.432759514625452,67.56288107962106,8.409164091920903,11.153998582808281,14.669994195332201,179.81708026178453,0.1019963628806633,0.6017785409959137
2026-06-03,Capsicum,Loamy,6.369144440739788,24.137742347468322,66.33887157302058,10.435343783741237,14.068092913568494,18.12033293025994,178.66130612179018,0.7656706541446646,4.517456859453522
2026-06-04,Capsicum,Sandy,6.382270943674334,28.582237583753837,67.27475388421,13.405358799491935,18.479716933125903,11.559185096628271,136.45009645487926,0.3098494736367807,1.8281118944570065
2026-06-05,Capsicum,Loamy,5.970495988089224,22.129592508297478,67.35392498506354,13.83368298030912,13.676580460591083,17.899482697670386,198.87604058942617,0.8077770182044971,4.765884407406533
2026-06-06,Capsicum,Sandy,6.2717590285711,27.108126749345697,68.53321260874466,6.603938750061452,15.91095380535614,10.642352480574209,159.3854364705801,0.6531833457932633,3.8537817401802537
2026-06-07,Capsicum,Loamy,5.513170539236066,21.869460314997536,69.70319999593058,8.395731412081696,15.03773443724634,11.94053880245605,139.94003017782947,0.632946666280472,3.734385331054785
2026-06-08,Capsicum,Clay,6.326924860332404,28.850060619130215,66.64660638741252,8.352231802135716,16.45951531112045,16.56149714503165,183.55392792414256,0.3922556505318747,2.314308338138061
2026-06-09,Capsicum,Sandy,6.687273031849108,24.05293199287308,65.2110023429065,5.420447960759447,19.72894389387695,18.54925656511071,172.98740126426407,0.1475223791126167,0.870382036764439
2026-06-10,Capsicum,Sandy,6.2963455088482645,27.20187631119245,67.4814756275032,10.982377598518966,10.55735526501402,12.52679627739349,174.92753368241046,0.7640584785644619,4.507945023530326
2026-06-11,Capsicum,Loamy,6.635808171506248,23.740728662489055,67.72230666074584,13.54820052992188,15.739615175016297,13.27191605828913,119.61393497338716,0.2367230361412224,1.3966659132332122
2026-06-12,Capsicum,Loamy,6.441164972105922,26.02135101727047,65.84220275565957,8.815743878255178,18.63028779250285,15.3712074828674,146.8324307368555,0.3978069135158018,2.3470607897432307
2026-06-13,Capsicum,Sandy,5.6567259413247974,22.536128677920296,68.80232303138034,12.400359449841767,14.813827117484275,12.115728064893023,186.18281308246026,0.5802837484072655,3.4236741156028665
2026-06-14,Capsicum,Loamy,6.673189299471594,22.1681681543757,69.92464554220746,11.2770041360074,10.785271859415728,18.11156261587506,150.40380076287573,0.4858029908484974,2.866237646006135
2026-06-15,Capsicum,Sandy,5.586376997662508,28.50451311654505,69.72887358504231,8.756487354930009,15.60539352416771,17.73636645005761,168.34527434210503,0.2589285081370545,1.5276781980086216
2026-06-16,Capsicum,Clay,6.194157714312093,28.341178223235467,65.98553019411825,6.410597994922971,13.320738908238205,11.452917119657815,158.79337330342645,0.2124930855058271,1.25370920448438
2026-06-17,Capsicum,Loamy,5.684778260931495,28.09975152170306,69.3768161995038,12.093238527759674,11.549417853379358,14.638297318166321,184.2356787718382,0.1985970178002325,1.171722405021372
2026-06-18,Capsicum,Sandy,5.515218593950175,26.003467601332748,68.52246818205842,13.545651689412404,18.49034513283473,17.748277666546215,128.45608397616027,0.7904063051993607,4.663397200676228
2026-06-19,Capsicum,Clay,6.048644538165931,27.466145689730226,67.26923281903456,11.858544924014918,15.215995129911217,13.373295311034148,157.5475277886365,0.1252476392490669,0.7389610715694948
2026-06-20,Capsicum,Clay,5.883552919950403,21.552295495291,67.70305497162364,5.178784840348181,19.332764123790668,16.33106822717732,112.3234668009804,0.8816114076799154,5.201507305311501
2026-06-21,Capsicum,Sandy,6.131800641936884,23.678312335125433,69.2480008749123,7.1623289439099125,18.06016504603069,10.502131214575726,169.02107766994678,0.2588229523083313,1.5270554186191547
2026-06-22,Capsicum,Loamy,6.250359852754916,23.509624998057248,67.40067469819186,5.694799848835319,16.929717937736672,16.086887605293178,173.19678383527122,0.1882578375032625,1.1107212412692489
2026-06-23,Capsicum,Sandy,5.556860794001632,26.085162575620906,66.86603684552563,10.703860995762268,10.05025503365312,11.52652980000607,104.28373211889985,0.5615773238214361,3.313306210546473
2026-06-24,Capsicum,Clay,5.659904283660869,23.847662187765124,67.46623746512992,12.564776788404124,14.2782345663825,18.305833251144513,167.5790963627985,0.1639887663525573,0.9675337214800884
2026-06-25,Capsicum,Sandy,6.226235115385553,22.188054253149446,67.89564902017524,6.105791870686595,11.974862816520323,13.554494635804785,141.46901541657863,0.581962610530876,3.4335794021321684
2026-06-26,Capsicum,Loamy,5.946117559124455,25.771736603308348,65.94538826889175,13.383378205933852,19.107979110488678,12.815538627281956,112.40968761096823,0.7805013158508906,4.604957763520255
2026-06-27,Capsicum,Clay,6.447925533814282,27.515071365352654,69.50453865133495,10.555089783954832,11.745839846763603,18.40888976711485,141.99075476984677,0.1383184171739399,0.8160786613262454
2026-06-28,Capsicum,Sandy,6.347979143169521,24.056987955679787,68.37093474414807,11.89969012141725,12.860600516592855,10.501440230718103,119.42329296955816,0.7398948836228353,4.365379813374728
2026-06-29,Capsicum,Loamy,6.599285671886879,22.058149720787853,68.16634458668744,14.714018486086465,15.168367677344992,13.966087993343448,141.55595321233164,0.415581952785695,2.4519335214356004
2026-06-30,Capsicum,Clay,6.400240674669993,22.573505578502584,65.4974811309032,5.836809882476973,12.633636189980793,13.700035405750313,138.43390279585276,0.227592507064968,1.342795791683311
2026-07-01,Capsicum,Loamy,6.058910400607193,22.899866441355073,68.02086969086295,14.012240229777891,12.098646772791213,12.848003742495509,173.83916369360574,0.2408771842139672,1.4211753868624069
2026-07-02,Capsicum,Clay,6.374856609112762,23.39918074395629,65.60480331119246,6.261026959874093,15.990993251027525,19.117543320014768,177.42155581663587,0.835011634955381,4.926568646236748
2026-07-03,Capsicum,Sandy,5.857995526532044,26.142360564050474,65.393488375977,8.929588066366822,10.889295227550239,17.509283935167222,160.70286543845467,0.1884846015525315,1.1120591491599363
2026-07-04,Capsicum,Loamy,5.898207548411676,25.807563876301753,67.63655447821196,13.514386963311145,10.581677587209247,10.639231641919388,102.26868421824476,0.7934262296925256,4.681214755185901
2026-07-05,Capsicum,Clay,6.525680707897031,26.568638892536313,67.01392767023248,14.062542367378684,13.722452951860713,17.14687449434954,193.1022279070994,0.5353956967868917,3.158834611042661
2026-07-06,Capsicum,Loamy,6.080345371322057,23.900015876252105,67.94405135078111,10.063716735451454,17.206644545078625,15.27299133128794,168.62332800964475,0.1312449430531512,0.7743451640135925
2026-07-07,Capsicum,Loamy,6.537894442673858,27.591981215039826,65.4461108402862,10.941046382754251,15.54806758273948,19.00867894401579,103.41954499211889,0.4715809165738707,2.782327407785837
2026-07-08,Capsicum,Sandy,6.569149085768762,22.632701289246082,67.15491531423629,12.081473345985572,14.228764684667787,13.129456173483584,181.8832899214118,0.7539596115810405,4.44836170832814
2026-07-09,Capsicum,Loamy,6.614831038959669,24.75232598014523,65.87393357522579,13.32758668452714,15.657515642245823,15.741619996095828,120.02661547179962,0.6809622301112803,4.017677157656554
2026-07-10,Capsicum,Clay,6.691625806593569,27.407509772331444,69.93550042962059,6.215111695376661,13.654514846532736,15.00755274740986,157.92211895711068,0.4910259341477743,2.8970530114718684
2026-07-11,Capsicum,Clay,6.060280786667285,22.441269181860953,67.80575106217587,13.100693082292276,19.36146335432113,14.895609062276058,146.6634369950187,0.7880399037569736,4.649435432166145
2026-07-12,Capsicum,Clay,5.91452686381748,21.878904909926263,68.43718430470433,9.812761505116168,10.549048909107743,14.561053995172127,141.98387823550766,0.1962918094241837,1.1581216756026844
2026-07-13,Capsicum,Clay,6.256858370572348,28.069471741503918,66.62709140341303,9.50623425108169,16.73391479029835,12.056294755322813,188.97137201243976,0.8279528427138951,4.884921772011982
2026-07-14,Capsicum,Sandy,5.982524150468916,23.743437302073566,65.47369457389672,9.238997519969985,18.912826648277505,17.557099224923927,143.73612915626148,0.7771529667866791,4.585202504041407
2026-07-15,Capsicum,Loamy,6.281396416840303,26.470960999272258,69.87935431391769,10.092115852460426,18.038847087352536,14.513360327392887,107.53441175731507,0.6666214605257889,3.9330666171021536
2026-07-16,Capsicum,Sandy,6.417261621436972,21.20278883411151,66.43129517691591,14.450505533946036,11.840410348214467,19.585162750026058,194.66387272149524,0.7543101937029995,4.450430142847697
2026-07-17,Capsicum,Loamy,6.394926524039778,26.520375107275598,67.11904092586786,10.482037727921515,12.959263489802883,12.608084271927762,192.05352312396275,0.5350524054741328,3.156809192297384
2026-07-18,Capsicum,Loamy,5.986918753126158,23.528810492375765,68.24931960851288,14.531775382631391,17.170479387071047,16.82743839627041,168.44326895815988,0.6401299432781336,3.776766665340989
2026-07-19,Capsicum,Loamy,5.716918262208378,21.445926828699534,65.12348648843056,6.802901306156405,10.842705591807656,19.407170796391085,146.7892528132025,0.5484784565662232,3.236022893740717
2026-07-20,Capsicum,Sandy,6.05968814000087,25.878502092384934,69.05129565258643,12.241359788326331,18.11861699832584,16.634583230160924,109.28594729435213,0.3843428244063595,2.267622663997521
2026-07-21,Capsicum,Loamy,5.685372387306481,22.926430528585385,67.6828909501431,13.122395386087472,17.189069446047903,18.712729076173947,179.07481185774762,0.555088637888942,3.275022963544758
2026-07-22,Capsicum,Sandy,6.657126145738951,24.09445793641504,66.39108593534411,11.79128831334862,17.296066492353425,18.274809597570062,107.5477914424029,0.3059722660255406,1.8052363695506897
2026-07-23,Capsicum,Clay,5.9496406989592145,21.644646498292108,65.30803992646234,11.069222802265404,11.002413702675915,13.601177154890038,106.86009848951457,0.4522233366726282,2.668117686368507
2026-07-24,Capsicum,Clay,5.700797671390321,22.17730600875956,65.81249207737221,10.648127810861824,17.17760544816231,16.001239399394965,153.73838424393682,0.3246203258081945,1.915259922268348
2026-07-25,Capsicum,Loamy,5.533082087877476,23.38381788396675,69.47516929426719,13.60930482578696,16.7981812521997,11.562613398113555,116.01282401846402,0.1983102315691112,1.1700303662577562
2026-07-26,Capsicum,Sandy,6.33956910217243,21.718076004481258,68.43012111967946,13.216465971645,18.309224908218503,15.355258826955996,100.7730267340349,0.3574894851119249,2.109187962160357
2026-07-27,Capsicum,Clay,6.327973012691166,28.286610117490522,66.24950860818444,6.222887211805995,10.415959562564694,12.304219718143372,142.3113430995786,0.7815897745478165,4.611379669832118
2026-07-28,Capsicum,Sandy,5.9427854165556795,21.048376345471826,65.32800382472514,13.48587657030878,10.231106684677922,17.437368149524456,113.7217231610066,0.4048646165138446,2.3887012374316834
2026-07-29,Capsicum,Sandy,5.593225455501947,24.870881750914492,68.45307656193319,9.140686194404424,13.730070998785607,15.280584218921245,116.05154152806912,0.6984029191750952,4.120577223133062
2026-07-30,Capsicum,Loamy,6.032517563363801,21.985979665060412,67.86203862983882,7.536968299958108,11.48788283849153,14.112273626316604,107.69106387353347,0.240158283390529,1.4169338720041214
2026-07-31,Capsicum,Clay,5.904582743582411,23.461432715823587,67.02259762229117,13.69768568013926,15.583844775702218,12.687970961669777,120.50937537236099,0.4395353273341132,2.5932584312712685
2026-08-01,Capsicum,Loamy,6.380256831655512,28.408476478546124,66.81805724595031,9.320247996337416,19.17348901506749,19.986984818412868,171.54841797743893,0.1918848554681412,1.1321206472620335
2026-08-02,Capsicum,Loamy,6.287513024288497,22.293556426191895,66.08407137964554,13.083646901768166,13.914797303340158,10.717105208849327,180.89273072177915,0.2108968506939917,1.2442914190945515
2026-08-03,Capsicum,Clay,5.973971846656802,28.72665855774666,68.3480562826876,7.634036119558445,18.44950377272604,10.4356068057242,145.25336440293006,0.5939491039120554,3.504299713081126
2026-08-04,Capsicum,Clay,5.783260320531487,22.646355015915375,69.85334013896936,5.0392932142221785,10.002408745178665,12.172574004938646,150.65538158814178,0.5859854539592089,3.4573141783593324
2026-08-05,Capsicum,Sandy,6.78444675600227,26.932528867734636,65.87857622918413,9.954591929029444,11.685146434591843,19.710724586278197,103.26550345942026,0.2706975258838898,1.59711540271495
2026-08-06,Capsicum,Clay,6.0902021075549495,25.373418119178496,67.98558310007752,6.002282566428843,10.304235396540856,19.792381683199842,106.93162613713169,0.4795385554310389,2.82927747704313
2026-08-07,Capsicum,Sandy,6.394756506514308,28.075829820774075,67.12092527872989,12.543759555249096,13.281471805150687,16.549277347721358,125.75677256495169,0.7906449335823583,4.664805108135915
2026-08-08,Capsicum,Sandy,5.682718857851869,25.431946044025047,67.23344360872332,7.760751360694104,19.081895956965027,18.801066672064046,154.38984207131475,0.2393612069411863,1.4122311209529994
2026-08-09,Capsicum,Sandy,6.131266609557217,25.27647375325047,66.27073640063907,9.436456466034787,10.969521235989877,12.139617308407953,173.9551148734993,0.1153684264588118,0.6806737161069901
2026-08-10,Capsicum,Clay,5.535797735830305,22.5636640029472,69.1256743783071,5.870335650915543,16.064097767438003,19.720420941766236,160.5003061338033,0.6215961125308579,3.667417063932062
2026-08-11,Capsicum,Loamy,6.157091653283585,22.32983489641327,67.4262780207362,7.866592484472527,14.514959391194441,11.427848501395646,139.21278549867884,0.142798566470948,0.8425115421785934
2026-08-12,Capsicum,Sandy,6.753222629253013,28.331913208924114,67.71702926099132,12.81490243258572,19.384682123658123,11.011251881816582,111.83240730031382,0.8839521908579567,5.215317926061945
2026-08-13,Capsicum,Loamy,5.99946872688154,23.622705590800273,66.52380456398663,6.515879119023195,11.225191425370939,11.122115392472729,178.07732348871895,0.5876962270391048,3.467407739530719
2026-08-14,Capsicum,Loamy,5.550694816347385,23.976658039703167,65.90904232833475,11.471595611269574,12.12027850502229,15.731279232725647,136.3786051599057,0.4763170822751779,2.81027078542355
2026-08-15,Capsicum,Clay,5.540242528195146,27.078589267427105,65.4295519410141,14.174258528045012,10.295419686114933,17.809744007180523,173.60540144827897,0.4439940320194454,2.619564788914728
2026-08-16,Capsicum,Loamy,6.00438278793093,23.710587859382457,68.57059570462458,11.798367597577204,14.339352496313737,13.66667177874633,151.29788419143418,0.5584565268135452,3.294893508199917
2026-08-17,Capsicum,Loamy,5.708032417402152,28.616499573112023,65.98117140843928,13.110216892922269,12.778328995646543,19.778959877861265,173.86620535618252,0.1724995493761719,1.017747341319415
2026-08-18,Capsicum,Clay,5.530357725226642,26.9034221519904,68.45037677094399,6.089716293039158,18.69905933890321,14.344201381183295,190.7289561452572,0.8440152470555966,4.97968995762802
2026-08-19,Capsicum,Sandy,6.483077698135229,25.77943394058736,66.95188223023477,7.507318260020544,16.04940813197755,11.504485507732163,192.1029516053802,0.6005136548415022,3.543030563564863
2026-08-20,Capsicum,Loamy,6.0960799115464575,28.04716128435802,67.07887400494826,13.94538852240591,16.140907379757017,14.659667481861367,153.51067800006035,0.247182798088727,1.4583785087234895
2026-08-21,Capsicum,Clay,5.876018203564451,21.396847266795863,67.34588748046386,12.151056136180893,15.319106968813024,16.790371654224398,151.15083647656388,0.5500648430117303,3.245382573769209
2026-08-22,Capsicum,Loamy,6.670108137921424,23.056501537513668,66.83854254063772,11.395538263773112,10.91850337229201,18.322257805043787,126.56784655028372,0.2066052046664093,1.218970707531815
2026-08-23,Capsicum,Loamy,5.650980648260683,24.72029067376728,65.50309988611295,11.637667361217,14.450186837253552,14.58768289956593,193.57998315292912,0.1140421740466497,0.6728488268752333
2026-08-24,Capsicum,Sandy,6.742694477641915,22.81582831577217,66.54815905001423,9.142005543046434,19.995051897085165,15.936068260491675,145.7919167199621,0.6044135881711984,3.5660401702100706
2026-08-25,Capsicum,Loamy,5.908156732590559,26.951241498417215,68.3186718034697,5.445566316176532,18.35229290846015,12.673447121588534,112.75912392873772,0.6187866734961023,3.650841373627004
2026-08-26,Capsicum,Clay,6.654924774001286,28.3536642484298,68.32892200734436,12.84441542070729,18.93459054167116,16.45916526405514,143.270491462655,0.5669572662427325,3.3450478708321216
2026-08-27,Capsicum,Loamy,6.2838257394233,24.390160959447385,66.43112153619997,11.78713236215354,18.232263592464996,19.859719439503436,112.7053250238004,0.2467865634880184,1.456040724579309
2026-08-28,Capsicum,Sandy,6.574719567663934,23.737060800895158,67.30051313278844,9.728044641127248,11.030416934309827,10.490535725877939,150.2531684257075,0.5827438867958137,3.4381889320953007
2026-08-29,Capsicum,Sandy,6.779217112173603,28.692405857100532,65.96723614005968,13.997596153682574,12.274482540647996,18.86530670705168,156.1275514856212,0.1452087527396158,0.8567316411637337
2026-08-30,Capsicum,Clay,5.87492706916437,24.558819462620328,66.05186040764917,8.361596649850988,10.031216513564097,15.622825027675228,133.77557614935853,0.5873906844575378,3.4656050382994734
2026-08-31,Capsicum,Sandy,6.749476131029871,24.912387203594264,65.11523544203304,7.943217442312359,13.035101248781114,12.520986595623,107.16506142314847,0.543213615286095,3.204960330187961
2026-09-01,Capsicum,Loamy,6.006326463373147,23.813198978735244,69.48373274953872,13.727963250794428,11.086074023464926,19.54889710009258,194.3503535633239,0.6242038646712796,3.68280280156055
2026-09-02,Capsicum,Sandy,6.001165476157999,28.276387784097107,66.05353332537453,12.969876547589855,14.72793345301583,14.83354303058899,177.33531134834294,0.816380484601915,4.816644859151299
2026-09-03,Capsicum,Clay,5.942503235530857,25.551643866254807,66.13766938468231,10.149798106483448,16.771274885739018,13.316902516733856,183.8881080505121,0.7802864841916293,4.603690256730613
2026-09-04,Capsicum,Sandy,6.20382988955186,27.097396697453156,66.39800716322566,6.3073473945785,18.74505295038077,11.814976282708411,136.68683942862293,0.8845233532500311,5.218687784175184
2026-09-05,Capsicum,Sandy,5.700388556132033,27.49445374680709,65.63704035847715,7.150714714650524,17.492171650908983,12.444522102566621,176.08310300194506,0.88099282634926,5.197857675460634
2026-09-06,Capsicum,Sandy,6.219824930965414,23.734792335338064,68.19631441590681,11.562279904088069,19.385855957785054,18.328490415914423,148.53728951691943,0.7178557546990021,4.235348952724112
2026-09-07,Capsicum,Clay,6.204216256133005,24.46955465056304,65.37571476588793,8.850412378404116,10.538982903937889,16.14410009317166,120.10834884060459,0.8651356977421825,5.104300616678877
2026-09-08,Capsicum,Sandy,6.490472356386331,27.787774195250115,65.67101213163176,13.364731916659712,10.121798354165414,19.13245619488316,112.44233769072133,0.7938271087112896,4.683579941396609
2026-09-09,Capsicum,Sandy,6.583744950518861,23.906042813406483,68.22378363295047,14.49955009332204,16.613381138362126,12.319684521577859,134.5050869322057,0.6820659599159783,4.024189163504272
2026-09-10,Capsicum,Loamy,6.072573755406151,27.35148106761481,66.69830310240721,13.056369252749182,12.893524102222463,11.211385738489014,113.75521114751396,0.1603074037150041,0.9458136819185248
2026-09-11,Capsicum,Clay,5.893033224156942,28.527938580595496,68.53973913350595,8.775454229955571,12.53501016105773,10.0608753097559,199.82689762040687,0.1392399106159102,0.8215154726338705
2026-09-12,Capsicum,Sandy,5.837135366512223,25.985682984544056,67.7871237233507,12.88686429231424,13.308870876937942,15.078620376159938,104.9188990232022,0.7700796540046162,4.543469958627236
2026-09-13,Capsicum,Clay,5.753010987716333,26.93301829961511,66.28010586530756,8.514416734706835,12.697960578923642,19.98306930381988,144.11435993690765,0.4917246862973586,2.9011756491544163
2026-09-14,Capsicum,Sandy,5.574941856858732,27.44077849632908,68.25413975244663,6.671000877656339,15.114364063015874,16.94965268818639,145.20935223903842,0.7516853474999368,4.434943550249627
2026-09-15,Capsicum,Sandy,5.945182372485127,27.76031719117314,65.5813684014644,5.333932048658574,14.401484472241325,13.08394591965146,130.06319285816755,0.3503346165241755,2.066974237492636
2026-09-16,Capsicum,Sandy,5.851321999770018,24.160426702854366,67.68205191540015,8.8571671276102,15.124285513766562,18.768585830261717,157.13515657069453,0.4181198866584102,2.4669073312846206
2026-09-17,Capsicum,Loamy,6.756342601626329,21.410107673407985,67.18574052522517,14.035593036972818,16.727136115004363,17.817222659879597,114.99770241515446,0.6601493768095456,3.894881323176319
2026-09-18,Capsicum,Loamy,6.225021474125057,24.215010169893915,66.3393679140872,7.389865877556765,13.871305089711484,10.154151660765393,178.39123805872336,0.8322613895456746,4.910342198319481
2026-09-19,Capsicum,Loamy,5.95146015073966,26.390049838272716,68.0200249886975,7.06513164929784,12.513076871421568,18.168604805410226,133.24477182476383,0.1702091795831087,1.004234159540342
2026-09-20,Capsicum,Clay,6.254607881291805,24.602803086246343,69.35666796170142,14.698207852410404,11.662005368087454,13.005267572384959,159.13425897986417,0.789182515707685,4.656176842675342
2026-09-21,Capsicum,Clay,5.680955711749404,26.99170520688319,69.99452349881538,5.250041128505921,13.494741195326256,11.49673464583601,171.56392360669594,0.7344101799034922,4.333020061430604
2026-09-22,Capsicum,Loamy,6.077256873962864,23.85585943574931,68.03881384371712,12.857821503937544,17.41806475246172,12.263308397370746,188.90421176901611,0.3524314165838837,2.0793453578449146
2026-09-23,Capsicum,Clay,6.3141046178473825,26.077953128832235,67.02352937164585,8.213699557408702,17.567049101114698,14.68579804375139,183.57874364522002,0.3841732913052477,2.2666224187009614
2026-09-24,Capsicum,Sandy,6.135567181330186,22.491358438831796,66.126035501081,5.374879568696594,16.669053866842102,14.24867927068011,160.83090281035595,0.1371691817775277,0.8092981724874135
2026-09-25,Capsicum,Sandy,6.022312440850621,26.994955493159654,66.28548044697555,14.178025402095836,12.340281753068746,12.888872993742268,138.83931803838868,0.1125924888933743,0.6642956844709089
2026-09-26,Capsicum,Sandy,6.792002905569607,25.365567750504205,67.39727489074883,6.396423302095836,15.880862458546977,11.722183222070328,150.3204670074964,0.4816049010861832,2.841468916408481
2026-09-27,Capsicum,Loamy,6.6444091907936045,22.632515108372804,66.83638850640355,10.517792837256954,15.70689661576848,17.62230789642169,176.87347933788027,0.1764317163978484,1.0409471267473058
2026-09-28,Capsicum,Clay,6.310427745607272,23.335289387982456,69.56907261312472,7.740542074295478,14.842661981097255,19.90109783734917,187.7545542559473,0.2552014515321704,1.5056885640398057
2026-09-29,Capsicum,Loamy,6.240190569536967,26.988869668654658,66.84147733827855,5.65192802184691,15.499789863838643,17.777915804196905,110.37819281766718,0.7774137596213309,4.586741181765852
2026-09-30,Capsicum,Clay,6.3068586237719595,24.860809885292166,66.86722295572717,5.499224856633791,14.91790632623668,12.959369676715411,138.48562624930534,0.556822713000362,3.285254006702136
2026-10-01,Capsicum,Sandy,5.761705740169163,22.72825152314458,66.91767256216988,6.155566988363388,15.654563660741083,12.448089614121333,177.61165984135005,0.6069059498128907,3.580745103896055
2026-10-02,Capsicum,Loamy,6.013679066243614,28.73816952296238,69.18310105183829,5.7136701388938,17.155059546211287,12.176658760659382,143.1651762593961,0.249983464665536,1.4749024415266627
2026-10-03,Capsicum,Clay,5.551297392758169,26.721000158535105,68.25394160423451,12.605581155199229,11.096281944034397,11.366950744890364,133.22277640662838,0.7629294435635356,4.501283717024861
2026-10-04,Capsicum,Clay,6.118209848732874,28.65707866031837,68.07084425159447,9.855662022834291,17.496257521490236,15.513305496923012,141.13226968232698,0.794383817951798,4.686864525915609
2026-10-05,Capsicum,Sandy,6.205931959144962,24.416840362882745,66.6707151119193,8.428920913489797,11.358861501275943,16.05400371953344,160.2844746786351,0.5186620749704347,3.060106242325565
2026-10-06,Capsicum,Loamy,5.796074656934173,24.800802725533764,69.0895208841622,9.183689101320072,10.666279984103747,17.055026606631372,199.98051441338015,0.8300462175029278,4.897272683267275
2026-10-07,Capsicum,Loamy,6.7532375013151675,28.183641729480154,65.19181930677851,14.289467355726233,19.760796862214676,16.80213370933668,149.2992429104532,0.7758628999636653,4.577591109785626
2026-10-08,Capsicum,Loamy,6.682290994218414,25.20039472196308,69.35398586169056,14.107518127381471,19.569917688704415,12.923333112833824,120.84944749542606,0.6850593413395505,4.041850113903348
2026-10-09,Capsicum,Sandy,6.4387862060926775,26.658231295245336,67.56374949896964,12.15676480122577,10.604365449405641,13.303110053968465,116.28465752790947,0.6872607325549029,4.054838322073928
2026-10-10,Capsicum,Loamy,6.193402617394971,23.01738301996424,66.99125117431706,13.846823774216878,14.432534414749622,16.81514535442338,104.23497474764143,0.1843147791606906,1.0874571970480749
2026-10-11,Capsicum,Sandy,6.630959907541991,24.573811749621125,67.48583640358842,8.196480275876247,11.862449382997747,13.494476407836284,155.88172349183213,0.3166688301565326,1.868346097923543
2026-10-12,Capsicum,Sandy,5.669848046970502,21.98759892648284,68.33707765266915,8.811093260082828,14.85344897134418,12.12623189619313,154.4572091488834,0.1534777758541408,0.905518877539431
2026-10-13,Capsicum,Sandy,6.52766273255735,22.647840287015693,65.06382713258948,11.13712181854228,18.30177242999587,13.743361536967395,120.52339267803092,0.1069449673810469,0.630975307548177
2026-10-14,Capsicum,Clay,5.662267058156902,21.00754732214105,69.35775928229124,11.23625947297264,19.506117747428902,12.720841575779776,169.5329406452567,0.2266476251071281,1.3372209881320558
2026-10-15,Capsicum,Loamy,6.532473861314227,21.314120413189283,67.23369762655696,9.81699838012341,16.342526534515372,10.883127212185778,174.1107041629681,0.8043897461175521,4.7458995020935575
2026-10-16,Capsicum,Loamy,5.858497838726764,28.818270585415434,66.7148325985004,9.006578484379533,13.539056672118171,18.301389022766536,125.90982053821112,0.2918992472288412,1.7222055586501632
2026-10-17,Capsicum,Sandy,6.640217755323645,22.9388295610941,65.69122782817028,14.861803116086952,16.033255656445984,18.531113891570364,134.40997640297365,0.8761231700733774,5.169126703432927
2026-10-18,Capsicum,Sandy,6.727254721973017,26.306485676032015,67.19732687179221,13.211236261177245,13.120013061084503,12.197503001668794,199.04716723472566,0.577832799648965,3.4092135179288934
2026-10-19,Capsicum,Loamy,5.69343476022665,27.712797590396892,67.48161385642189,9.349801978880452,19.098236408320602,10.647721995252017,137.4264467850734,0.2898067901077523,1.709860061635739
2026-10-20,Capsicum,Sandy,6.101478286585012,25.405283673892512,67.01823347246739,12.272924772395683,18.704004631058368,17.388274373511795,176.0801671756102,0.4977046427873702,2.936457392445485
2026-10-21,Capsicum,Loamy,6.77528359161149,22.22515600067165,68.39330046913449,7.695616932524595,15.58231750279661,12.115286258634137,145.272542662994,0.2752758581600923,1.6241275631445449
2026-10-22,Capsicum,Clay,6.128429666765091,26.82493149868933,67.10448264379613,6.001693262373299,13.247989153803605,13.934354894368603,179.3344827860976,0.8871788465458991,5.234355194620805
2026-10-23,Capsicum,Sandy,6.622611779268908,25.802011280796663,69.80708788923286,8.524310255527407,12.933896755829783,10.641352522373833,176.90232387826478,0.7778119871239711,4.58909072403143
2026-10-24,Capsicum,Loamy,6.265350978770716,26.850004714779,67.99638758911796,9.02972800123394,10.334179947050595,12.262695847584352,166.77560251985358,0.1209910310258632,0.7138470830525934
2026-10-25,Capsicum,Sandy,5.987928880295482,27.1579729828567,69.03738967825954,5.165371245606708,18.158208510252955,17.929022783296357,185.47783462955792,0.8582208251739769,5.063502868526464
2026-10-26,Capsicum,Loamy,5.871518622183631,28.80328294147796,65.5467795155474,13.14792001635896,14.50383213039008,18.04396446915202,193.9218494877685,0.6768520858423098,3.993427306469629
2026-10-27,Capsicum,Loamy,5.764190018411913,25.58850624021368,66.98645646472953,8.591934023891815,13.251329284002644,12.070848248877104,157.99833204520837,0.1659050016170226,0.9788395095404336
2026-10-28,Capsicum,Sandy,6.490337648791006,23.733128901524815,66.68423850723576,10.80418165780147,14.711103549977539,13.359138451066896,123.74689072227457,0.6365101970611564,3.755410162660823
2026-10-29,Capsicum,Clay,6.002502658869936,26.187716455201898,67.84741194068296,5.73963187270956,18.187379904546518,11.342384190937436,139.86289616440752,0.6175413583725484,3.643494014398036
2026-10-30,Capsicum,Loamy,6.164658100860977,21.54752567394101,69.30556760030713,6.74996828750584,11.246142077075213,10.741726302849223,175.83057135132933,0.2750309966460668,1.622682880211794
2026-10-31,Capsicum,Loamy,6.140023124001536,28.17917854657269,65.39169108881003,13.8969372532756,18.576559882418273,19.921717144484095,165.08834851238697,0.7067573600060605,4.169868424035757
2026-11-01,Capsicum,Loamy,6.250462738003071,21.955048090705574,65.36287399022355,11.086875278828009,18.975088351083542,16.55593951244839,117.77983385652487,0.1696517626503736,1.0009453996372049
2026-11-02,Capsicum,Clay,6.625250289311918,23.622742703086544,69.25158854078799,14.502840501704856,19.467079150338883,15.420965091983188,105.12395411464247,0.4915561449849982,2.9001812554114896
2026-11-03,Capsicum,Clay,6.774961146658458,27.525963045008968,66.06425043019179,14.987500343913169,13.974879924226277,17.654985004052996,168.29615935420648,0.1079385657304703,0.636837537809775
2026-11-04,Capsicum,Sandy,6.029859471145962,25.778499026645694,68.34376627224907,8.718601153330944,12.171404040376718,18.40077159687724,125.10790240293454,0.8749899911157971,5.162440947583203
