Date,Crop_Type,Soil_Type,Soil_pH,Temperature,Humidity,Wind_Speed,N,P,K,Soil_Quality,Area,Crop_Yield
1/1/2014,Tomato,Sandy Loam,6.499340487458107,23.869526238704236,72.62775326147131,8.297530922877655,177.49080237694724,106.55106104548094,50.8117142426939,42.29166667,0.39963209507789,5.99448142616835
1/2/2014,Tomato,Sandy Loam,6.9934935450251885,23.330642987274924,71.94281194189551,10.024798726438052,189.0142861281983,93.4141672662496,68.27454988012919,42.29166667,0.8605714451279329,12.908571676918994
1/3/2014,Tomato,Sandy Loam,6.625333561312666,23.361208508171796,81.82719197918665,7.830138030809474,184.6398788362281,90.6092737261792,66.65988277106001,58.0,0.685595153449124,10.28392730173686
1/4/2014,Tomato,Sandy Loam,5.666605166223593,22.87116590783755,65.70604509028139,9.443836100875195,181.97316968394074,94.08896744928546,55.95141432881631,33.83333333,0.5789267873576293,8.68390181036444
1/5/2014,Tomato,Sandy Loam,5.871160473567111,23.517518431530892,84.49473894515015,8.677775931154159,173.12037280884874,96.80823112228519,65.78581309354209,58.0,0.2248149123539492,3.3722236853092387
1/6/2014,Tomato,Sandy Loam,5.938656368061839,23.277487443490145,77.96359116530746,12.352960480205113,173.11989040672404,100.2116151491912,50.62427120677495,42.29166667,0.2247956162689621,3.371934244034432
1/7/2014,Tomato,Sandy Loam,6.0157285072896896,22.79632111240085,73.64966776398884,11.0350079567505,171.161672243364,102.30258281082399,69.33731100586787,13.29166667,0.1464668897345595,2.197003346018393
1/8/2014,Tomato,Sandy Loam,6.630806783901009,23.883373205555152,77.56109062300851,11.536294323173154,187.3235229154987,108.21211434428844,60.53189885179579,42.29166667,0.7929409166199481,11.894113749299224
1/9/2014,Tomato,Sandy Loam,6.507931559650787,21.57478484905327,67.45481892917965,7.105838940826445,182.0223002348642,100.19708019100915,56.06562052130891,13.29166667,0.5808920093945671,8.713380140918506
1/10/2014,Tomato,Sandy Loam,5.906320076728418,23.830139156984252,75.28104910587095,8.255021653268894,184.1614515559209,100.02551289251458,57.251664251893544,33.83333333,0.6664580622368363,9.996870933552543
1/11/2014,Tomato,Sandy Loam,5.635109686911374,22.204314485996594,84.70191046679595,5.211654476120743,170.41168988591605,91.00486019645965,51.32810706920995,33.83333333,0.1164675954366419,1.7470139315496296
1/12/2014,Tomato,Sandy Loam,5.842864408949437,22.58519695020446,69.70538875693414,6.083747072931699,189.3981970432399,90.69823105312447,69.78699028084078,33.83333333,0.8759278817295955,13.138918225943932
1/13/2014,Tomato,Sandy Loam,7.468762625237207,21.368217958632926,79.44556198072699,7.650542319888873,186.64885281600843,101.02319923832744,50.78583890301385,42.29166667,0.7659541126403374,11.489311689605062
1/14/2014,Tomato,Sandy Loam,6.437093899582944,22.620322316765375,73.69942751663402,5.6546372130202105,174.24678221356552,98.76357226496688,63.098142462957185,58.0,0.2698712885426209,4.048069328139314
1/15/2014,Tomato,Sandy Loam,7.234691009404225,22.83362025557458,78.04916296975907,11.026324003547025,173.636499344142,106.78360789960597,58.854718554129164,33.83333333,0.2454599737656805,3.681899606485208
1/16/2014,Tomato,Sandy Loam,7.197504933337687,23.993104625425573,69.09774457383551,14.981301159238251,173.66809019706866,93.2135916942369,68.9783243637743,33.83333333,0.246723607882747,3.700854118241206
1/17/2014,Tomato,Sandy Loam,6.523039114925748,23.92557723321458,74.40929965235205,6.008152140653885,176.08484485919075,90.499433242341,54.919994806135904,33.83333333,0.3433937943676302,5.150906915514453
1/18/2014,Tomato,Sandy Loam,6.913375416921087,23.89919187562286,84.60185427718551,13.21230212669265,180.49512863264476,98.98077535860251,60.64173647876022,33.83333333,0.5198051453057903,7.797077179586854
1/19/2014,Tomato,Sandy Loam,5.885504020825424,22.045164180306173,68.90574302032019,6.188162472651472,178.63890037284233,94.74957113504514,59.64712417165506,13.29166667,0.4455560149136927,6.683340223705391
1/20/2014,Tomato,Sandy Loam,6.876793409853817,23.97379949623513,77.72890055697515,11.69914018796436,175.82458280396085,90.99228746677674,64.05732888100202,13.29166667,0.3329833121584336,4.994749682376503
1/21/2014,Tomato,Sandy Loam,6.044769158526579,22.36643445478533,76.51195497533591,11.431576030590172,182.2370578944476,104.49196573695258,51.36020463904841,58.0,0.5894823157779036,8.842234736668553
1/22/2014,Tomato,Sandy Loam,7.164124193508302,23.555508776285702,76.30103172580806,14.027169348111991,172.78987721304082,92.23185999914494,53.8757826004671,58.0,0.2115950885216334,3.173926327824502
1/23/2014,Tomato,Sandy Loam,5.66744826621782,21.648959907056916,77.30246579303234,6.139456136805124,175.84289297070436,102.16639000015543,54.291296401857,33.83333333,0.3337157188281745,5.005735782422618
1/24/2014,Tomato,Sandy Loam,7.046277345770555,22.51749953896981,75.04475947376456,8.154444660818978,177.32723686587383,95.62099500333778,64.7630150968338,13.29166667,0.3930894746349533,5.8963421195243
1/25/2014,Tomato,Sandy Loam,5.6998738131372395,23.898036288382816,65.33861500515316,5.907797603546857,179.12139968434073,93.46992100710044,53.7827739265348,33.83333333,0.4648559873736287,6.972839810604431
1/26/2014,Tomato,Sandy Loam,7.262378473788618,23.84109419077028,83.00193622926236,9.073833258044338,185.70351922786028,97.59503045838635,61.469835277819534,42.29166667,0.728140769114411,10.922111536716164
1/27/2014,Tomato,Sandy Loam,6.108409036270007,23.05120463346428,81.53957654968062,14.11593173557445,173.9934756431672,106.02891552445908,54.30487641001908,13.29166667,0.2597390257266878,3.896085385900317
1/28/2014,Tomato,Sandy Loam,6.80878672966115,23.39344296765918,68.48335361842243,12.81523151061856,180.28468876827225,97.84187153809145,67.23249900167957,13.29166667,0.5113875507308893,7.670813260963339
1/29/2014,Tomato,Sandy Loam,6.47500455724056,21.529280089807205,73.26546354757738,12.229001004453192,181.84829137724086,105.01539298422111,68.84370908979277,58.0,0.573931655089634,8.60897482634451
1/30/2014,Tomato,Sandy Loam,6.232606290524678,23.164975648452472,80.41097961387136,10.33027504862702,170.92900825439995,92.50972593598301,60.36985949884481,33.83333333,0.1371603301759981,2.0574049526399727
1/31/2014,Tomato,Sandy Loam,6.790883666366993,22.854152425006117,84.60124630774568,13.83485742335523,182.15089703802877,105.45542839330159,57.04617768418356,58.0,0.5860358815211507,8.790538222817261
2/1/2014,Tomato,Sandy Loam,7.3950459611024755,21.274655207253737,84.02274092883573,9.494417982413283,173.41048247374584,94.73866649813297,54.68115550034998,13.29166667,0.2364192989498332,3.546289484247499
2/2/2014,Tomato,Sandy Loam,5.582539494749244,21.339477019769028,82.98718399352349,6.496856671006382,171.3010318597056,103.54786259777745,50.99562003046088,21.75,0.1520412743882236,2.280619115823354
2/3/2014,Tomato,Sandy Loam,7.337705711766208,21.325330853253785,68.1674779459828,13.375852231207793,188.97771074506667,101.31563109681993,55.37000152394991,33.83333333,0.8591084298026667,12.88662644704
2/4/2014,Tomato,Sandy Loam,6.718163310042027,23.173070804489505,83.28950212018009,7.796383280517269,189.31264066149117,108.58289434423375,63.08471559890636,21.75,0.8725056264596475,13.087584396894712
2/5/2014,Tomato,Sandy Loam,7.114628601538104,21.42514562474272,82.56889825902158,5.53633541024448,186.1679469623292,97.74645035950628,60.672338626184214,42.29166667,0.746717878493169,11.200768177397537
2/6/2014,Tomato,Sandy Loam,6.267749906868556,22.40319681334341,72.5389982233278,6.260380306687914,176.0922753834674,91.3233037766888,68.88082556561855,42.29166667,0.3436910153386965,5.155365230080449
2/7/2014,Tomato,Sandy Loam,6.443685949675228,22.070945417633272,72.89045189072525,11.090589161941482,171.9534422801277,90.38310971102506,57.92554524983401,42.29166667,0.1781376912051071,2.672065368076607
2/8/2014,Tomato,Sandy Loam,7.237701503602328,22.651512422310653,74.19817843910322,11.070819639211726,183.68466053024315,106.53717121945506,63.87726684656789,13.29166667,0.6473864212097256,9.710796318145883
2/9/2014,Tomato,Sandy Loam,6.329695939619646,23.119429461658207,78.12351261932834,7.601831710820345,178.80304987479204,100.49471275322864,59.78645494950243,21.75,0.452121994991681,6.781829924875216
2/10/2014,Tomato,Sandy Loam,6.56931913349817,23.054167611663996,70.21671231966032,12.271801479459793,172.44076469689557,105.50488103669899,60.25152431848423,42.29166667,0.197630587875823,2.9644588181373464
2/11/2014,Tomato,Sandy Loam,5.540389846168666,22.54655974774313,65.4589685887989,12.736401553995345,179.9035382022254,94.68851200023029,55.35548629208235,42.29166667,0.4961415280890161,7.442122921335242
2/12/2014,Tomato,Sandy Loam,5.817196011676085,22.393004620831157,67.82459049194485,14.205026261336185,170.68777042230437,96.90167491026467,59.09901553683999,13.29166667,0.1275108168921747,1.9126622533826207
2/13/2014,Tomato,Sandy Loam,6.7833730159496,22.193446785366778,73.80231815153547,10.849374986782369,188.18640804157565,90.60207744422638,59.41569994025414,33.83333333,0.8274563216630256,12.411844824945383
2/14/2014,Tomato,Sandy Loam,6.933953802127754,23.58572984491314,70.64005138852404,12.794233641475728,175.17559963200034,109.22984649148225,64.13285043497868,33.83333333,0.3070239852800135,4.605359779200203
2/15/2014,Tomato,Sandy Loam,6.665201873568999,21.992555414617936,80.29033122072263,12.530996797716336,183.25044568707963,103.35735813401627,68.81279998372227,58.0,0.6300178274831856,9.450267412247785
2/16/2014,Tomato,Sandy Loam,5.786620072551221,21.778097463502483,67.13380141098543,7.578090484671929,176.2342215217882,108.66410175518612,56.58642554965009,21.75,0.3493688608715287,5.240532913072931
2/17/2014,Tomato,Sandy Loam,6.390810857155669,23.229946480965815,83.34930451109608,8.102259279376593,180.4013604235562,95.30992814858145,50.84400937162597,33.83333333,0.5160544169422486,7.74081625413373
2/18/2014,Tomato,Sandy Loam,6.21018953272638,22.07929038509018,82.90654359887822,9.784823957528715,180.9342055868656,102.22927222451321,59.92590251001279,13.29166667,0.5373682234746238,8.060523352119356
2/19/2014,Tomato,Sandy Loam,6.491322688070177,23.540995799271805,83.17513633866577,5.190389675292485,173.69708911051055,103.56999936585275,60.889226642983374,33.83333333,0.2478835644204216,3.718253466306325
2/20/2014,Tomato,Sandy Loam,7.240658069108188,21.983666155911433,79.79219997206653,7.973977731577236,189.39169255529117,96.35099400515176,53.368811022638305,58.0,0.8756677022116469,13.135015533174704
2/21/2014,Tomato,Sandy Loam,7.051722877317304,23.105834473723764,67.13999942967199,9.73882873344238,185.5026564672223,106.9621847003126,65.20929212552133,42.29166667,0.7201062586888917,10.801593880333376
2/22/2014,Tomato,Sandy Loam,5.667979002778318,21.135327018856007,73.76275142739134,6.080692952811438,188.78997883128378,108.94322925800495,69.69858216882983,21.75,0.8515991532513513,12.773987298770267
2/23/2014,Tomato,Sandy Loam,7.280618395549128,22.15668864033096,67.62810743610927,6.262758877751255,187.89654700855297,107.69710235392009,68.91549434016922,13.29166667,0.815861880342119,12.237928205131784
2/24/2014,Tomato,Sandy Loam,6.443534302299647,22.029690524902655,84.75398385522165,9.632367357373411,181.9579995762217,104.78133951878745,53.94212077647305,58.0,0.5783199830488681,8.674799745733022
2/25/2014,Tomato,Sandy Loam,6.987724289771997,23.45003621782777,71.66076846797347,12.309650315859312,188.43748470046233,95.54929359449908,67.50726479801521,13.29166667,0.8374993880184934,12.562490820277402
2/26/2014,Tomato,Sandy Loam,5.780078462528705,23.90116620968493,76.70661083780124,13.33748930920683,171.76985004103838,95.63232084211263,64.0898727282337,21.75,0.1707940016415356,2.561910024623034
2/27/2014,Tomato,Sandy Loam,6.841439051414096,22.382643830078884,80.58786108488444,10.463138975047483,173.9196572483829,109.26720640892076,59.07693127613823,21.75,0.2567862899353161,3.8517943490297424
2/28/2014,Tomato,Sandy Loam,5.972652035218916,23.474508831461275,83.4123216845129,9.747489875467313,170.90454577821077,90.20568991871384,60.81221988649458,13.29166667,0.1361818311284304,2.042727466926457
3/1/2014,Tomato,Sandy Loam,6.3767617942818635,23.099084102872094,80.1109545168272,8.842805684597552,176.5066066152653,104.32099946484288,66.99200349964916,21.75,0.3602642646106114,5.403963969159172
3/2/2014,Tomato,Sandy Loam,5.533725740164209,23.90215796299108,78.49007557532475,6.929489924376062,177.77354579378965,104.12492325110524,59.60269879276746,21.75,0.4109418317515856,6.164127476273784
3/3/2014,Tomato,Sandy Loam,5.8032212758609525,23.433325543028474,74.31963564076302,6.465620028143647,175.42698063547792,102.45379081899594,57.46414738210254,58.0,0.3170792254191167,4.756188381286751
3/4/2014,Tomato,Sandy Loam,5.68416098624724,21.23243419789119,77.10800267501048,12.91896451661808,186.5747501830386,109.80217692173731,59.864949860519715,21.75,0.7629900073215435,11.444850109823154
3/5/2014,Tomato,Sandy Loam,5.979488345876517,23.13984516714671,66.8832761770566,9.650066322123362,177.1350665338718,96.23758871527451,61.58259608070098,33.83333333,0.3854026613548714,5.781039920323072
3/6/2014,Tomato,Sandy Loam,5.700036180048644,22.606499146267122,82.67845083922525,12.903202454797547,175.61869019374763,96.79943727586496,53.781553075566976,58.0,0.3247476077499046,4.871214116248569
3/7/2014,Tomato,Sandy Loam,6.883820053239123,21.04930817379698,75.87554617679771,12.040830359006296,180.85392166316498,91.57878805893111,68.01815460533982,13.29166667,0.5341568665265988,8.012352997898981
3/8/2014,Tomato,Sandy Loam,5.558079804418439,21.75393887617633,65.80270100869885,6.938959143833788,172.81848449949524,98.85596273087475,63.48373897659228,21.75,0.2127393799798101,3.191090699697152
3/9/2014,Tomato,Sandy Loam,6.735481001249996,23.76526573508068,83.39804251319795,10.103072642112258,186.0439396150808,95.22097052469697,62.665378346749776,21.75,0.7417575846032317,11.126363769048476
3/10/2014,Tomato,Sandy Loam,5.781415661651149,23.778184118360258,74.78603947673737,9.440166304226809,171.49101287359542,96.86773404355289,51.989924523612764,13.29166667,0.1596405149438166,2.3946077241572503
3/11/2014,Tomato,Sandy Loam,7.390322914355794,23.396551380601903,82.37178283122003,9.238735060906968,189.73773873201034,106.69143580511255,62.083478763451836,13.29166667,0.8895095492804138,13.342643239206208
3/12/2014,Tomato,Sandy Loam,7.3661881462197085,23.94533880983397,82.13775908410713,10.42571049203814,185.44489538593314,108.70969027054991,52.41921324476985,42.29166667,0.717795815437326,10.76693723155989
3/13/2014,Tomato,Sandy Loam,5.951006205041925,23.419635673872616,81.31503174914229,14.82081901075438,173.97431363068344,93.71466144010371,51.57395350390798,21.75,0.2589725452273379,3.884588178410069
3/14/2014,Tomato,Sandy Loam,6.728842596446059,21.030612561855737,66.22806038590713,13.129005976707454,170.11044234247206,97.45017863106932,60.546217912847865,58.0,0.1044176936988819,1.566265405483229
3/15/2014,Tomato,Sandy Loam,5.556010638944917,21.863503020904535,69.94133290848418,14.037124316303917,186.3092285690967,108.57261124230789,58.0557106809299,21.75,0.7523691427638673,11.28553714145801
3/16/2014,Tomato,Sandy Loam,7.363577086102348,21.09187254671329,82.51095744930862,5.296395831760376,184.13714687695233,91.23616921378445,61.776205403124465,58.0,0.6654858750780936,9.982288126171404
3/17/2014,Tomato,Sandy Loam,6.545974616383419,21.282323906212678,82.97982112104188,6.40336366792506,184.58014336081976,91.84721056222757,51.784443361144774,21.75,0.6832057344327899,10.248086016491849
3/18/2014,Tomato,Sandy Loam,5.586446302835558,21.65652245085233,74.16137724737612,5.847636602245635,185.4254069337189,93.25581978412458,58.619661256945164,42.29166667,0.7170162773487566,10.75524416023135
3/19/2014,Tomato,Sandy Loam,6.184999986016274,22.51067563897657,73.80082935308404,7.632310050652766,171.4808930346818,101.9042566825375,53.49573430090316,33.83333333,0.1592357213872723,2.3885358208090843
3/20/2014,Tomato,Sandy Loam,5.653698923722469,23.542596010386053,68.502812677723,9.418924919666503,177.16931457088546,93.00944542011995,69.74200171848233,13.29166667,0.3867725828354181,5.801588742531273
3/21/2014,Tomato,Sandy Loam,6.28588887874672,23.585900268471324,84.36821577382302,11.420532476558895,172.3173811905026,109.36152762901467,61.22300424870349,21.75,0.1926952476201038,2.890428714301557
3/22/2014,Tomato,Sandy Loam,6.839852684322646,22.84860557567189,69.26276950718086,10.00831266286602,187.26206851751186,98.93429054517041,63.74873721881735,58.0,0.7904827407004749,11.857241110507124
3/23/2014,Tomato,Sandy Loam,6.439779816082879,23.784527817198704,68.8187356870153,14.031839149131397,182.46596253655116,100.03035920700333,56.50836561365216,13.29166667,0.5986385014620463,8.979577521930695
3/24/2014,Tomato,Sandy Loam,6.267444349438909,22.500186979770625,78.21457940298349,14.398559588938635,176.617960497053,94.93317231610813,51.89477829558688,13.29166667,0.3647184198821194,5.470776298231791
3/25/2014,Tomato,Sandy Loam,5.738314091080929,23.667108132399605,69.85688606000895,6.635209511974589,171.27116700572049,99.41920504869466,69.51741725567074,42.29166667,0.1508466802288189,2.262700203432284
3/26/2014,Tomato,Sandy Loam,5.989878091387313,22.36219576899604,83.7754322202878,13.52912920264785,176.21964643431323,103.23827265274024,55.72518070766367,13.29166667,0.3487858573725297,5.231787860587946
3/27/2014,Tomato,Sandy Loam,5.700286575476702,21.831675022265646,65.2181399063559,9.81722204013301,176.50366644053494,105.02354273908085,58.476163703471485,33.83333333,0.3601466576213976,5.4021998643209646
3/28/2014,Tomato,Sandy Loam,7.114997463313322,23.74923875430128,65.11506524646603,9.533294713173843,184.59212356676127,105.07736165419826,62.9972784340515,13.29166667,0.6836849426704512,10.255274140056768
3/29/2014,Tomato,Sandy Loam,5.770479655969445,22.163805227036608,75.09753602871199,12.84939348484568,182.75114942710425,101.55782225388177,50.493945953722225,13.29166667,0.6100459770841705,9.150689656262555
3/30/2014,Tomato,Sandy Loam,6.690746733097787,22.510212326533384,74.76124919826944,5.931405090448766,187.74425485152653,108.08719549987714,66.20518261034573,42.29166667,0.8097701940610612,12.146552910915918
3/31/2014,Tomato,Sandy Loam,6.185480827177692,21.986581897592032,68.2672804380182,13.824931274191464,179.444298503239,106.34815694612219,60.7315638005724,21.75,0.4777719401295595,7.166579101943392
4/1/2014,Tomato,Sandy Loam,5.951956769310367,22.98851280087219,74.89039125940569,11.708633545476149,172.39188491876604,105.1409622939725,55.56434374137644,13.29166667,0.1956753967506413,2.935130951259621
4/2/2014,Tomato,Sandy Loam,6.778936878984208,23.985093675018106,73.23322210339973,13.75261607657998,184.2648957444599,91.11211043360922,51.232159705849384,58.0,0.670595829778396,10.05893744667594
4/3/2014,Tomato,Sandy Loam,6.414004618753881,21.07654064659431,82.80659050684737,14.944775777076227,185.21570097233794,90.13755924439299,53.24996830948883,13.29166667,0.708628038893518,10.62942058340277
4/4/2014,Tomato,Sandy Loam,6.3002909345691185,23.699544018021303,65.18507840433927,10.180044523572532,181.22554395138994,94.24894554390946,67.90067717706873,13.29166667,0.549021758055597,8.235326370833956
4/5/2014,Tomato,Sandy Loam,6.685704009784443,21.011778170967798,84.52539610065904,5.93262197908929,185.41934359909123,103.27047187826905,63.72048447871782,58.0,0.7167737439636488,10.751606159454733
4/6/2014,Tomato,Sandy Loam,6.482535256980001,22.092683643438633,77.48785528591685,6.665238629308865,179.8759119272878,98.22394977765092,54.998034432737796,42.29166667,0.4950364770915126,7.42554715637269
4/7/2014,Tomato,Sandy Loam,6.106968417103122,21.50582041886854,68.03686891290552,8.236182425543099,180.45465658763987,98.04812518598624,51.31201529890059,58.0,0.5181862635055953,7.772793952583929
4/8/2014,Tomato,Sandy Loam,6.618122575530503,23.272025342017653,65.93520027622333,6.035529421347095,178.55082036717099,107.69173776459228,63.81230624773273,33.83333333,0.4420328146868397,6.630492220302596
4/9/2014,Tomato,Sandy Loam,6.838997153101389,21.15183252227152,75.76211317118464,13.153418261377698,170.50838253488192,107.91125696263677,61.4481545193553,21.75,0.1203353013952761,1.8050295209291425
4/10/2014,Tomato,Sandy Loam,5.553386317173708,22.660454860752985,69.6978033194364,7.968678510327685,172.1578285398661,108.18350528107172,58.090390489164704,58.0,0.1863131415946435,2.7946971239196534
4/11/2014,Tomato,Sandy Loam,6.431743457815351,21.88477840153594,71.02331074002518,14.758861880198651,170.62858371373468,96.27756153030055,57.27222898380128,58.0,0.1251433485493874,1.8771502282408112
4/12/2014,Tomato,Sandy Loam,5.6153665691670875,21.401010746594107,69.90264329669027,12.025914319318556,182.7282082252756,103.82111625478524,54.336285518582166,58.0,0.6091283290110243,9.136924935165364
4/13/2014,Tomato,Sandy Loam,5.872810828136222,23.315454636307923,78.00344627145022,6.734303702555576,176.28711962152653,95.4326636254874,63.392225130750354,33.83333333,0.3514847848610614,5.2722717729159205
4/14/2014,Tomato,Sandy Loam,6.621017468155946,21.65225050276577,76.07057924232267,9.760426469439402,180.17141382329405,93.812196661489,69.4133605558774,33.83333333,0.5068565529317622,7.602848293976433
4/15/2014,Tomato,Sandy Loam,7.232377830531162,21.671025636164817,66.55948847043624,9.66884221633321,188.15132947852186,93.69264914694739,53.51430491673652,58.0,0.8260531791408744,12.390797687113116
4/16/2014,Tomato,Sandy Loam,7.26561135837697,21.82523035541377,75.53053066350351,9.925116583336338,174.9858445829775,96.84215241727188,61.942332400310065,42.29166667,0.2994337833191,4.4915067497865
4/17/2014,Tomato,Sandy Loam,5.6398880202772625,22.760300291484082,80.823795311266,10.356911706429356,178.2076584607126,98.59915239559643,58.483701114919526,13.29166667,0.4283063384285038,6.424595076427558
4/18/2014,Tomato,Sandy Loam,6.3382101725734135,22.978997795072246,66.62389181640648,5.311730823177308,185.11102277086098,106.61898342110138,58.933774434893294,42.29166667,0.7044409108344389,10.566613662516584
4/19/2014,Tomato,Sandy Loam,6.666012966009102,21.052807571104037,82.7947795246084,11.863011257436234,174.57596330983245,92.39782186945425,55.082945602556286,42.29166667,0.283038532393298,4.24557798589947
4/20/2014,Tomato,Sandy Loam,5.794139809100686,21.72560890834137,76.56613298895458,9.871917752884432,171.53959819657587,104.69851694789789,66.50269751322838,42.29166667,0.1615839278630344,2.4237589179455163
4/21/2014,Tomato,Sandy Loam,7.030864433489543,22.29291252751585,84.01248938540633,12.90965398868699,175.79502905827536,100.6290982837861,59.70511208294482,33.83333333,0.3318011623310144,4.977017434965216
4/22/2014,Tomato,Sandy Loam,6.988470516874478,21.9959308564837,67.96282435444752,13.153495732604306,173.22442574508008,95.75890685351985,60.868117043965285,21.75,0.2289770298032035,3.434655447048053
4/23/2014,Tomato,Sandy Loam,7.306682027413589,23.652511975532658,84.87129998706631,7.305351219917174,188.59395304685145,99.8563916906565,56.09521825594651,58.0,0.8437581218740585,12.656371828110878
4/24/2014,Tomato,Sandy Loam,5.516972024166886,23.363126192659255,77.88545731939354,5.484229464267778,186.16240759128834,95.99884139554045,53.636169313338996,33.83333333,0.7464963036515336,11.197444554773003
4/25/2014,Tomato,Sandy Loam,5.933368487978005,22.877670646616483,76.34988398962126,12.032338561123224,182.66807513020848,101.92163910476611,51.71820776405641,13.29166667,0.6067230052083388,9.10084507812508
4/26/2014,Tomato,Sandy Loam,7.1543734284906435,22.01412724799112,75.3055924822417,14.777627884638743,187.42921180375436,98.67687845710489,64.28238281849832,33.83333333,0.7971684721501742,11.957527082252613
4/27/2014,Tomato,Sandy Loam,6.841160101653871,23.10201703453848,65.47308746196626,9.46657986580901,186.0734415379823,93.28811058157757,53.924685633757115,21.75,0.7429376615192916,11.144064922789374
4/28/2014,Tomato,Sandy Loam,7.288779707396982,23.530914038537382,83.79278383099157,7.596128095935958,173.73140117772073,92.33166149111393,63.80150708377595,42.29166667,0.2492560471088286,3.73884070663243
4/29/2014,Tomato,Sandy Loam,5.614359309060533,22.78449113207696,77.87988945708396,6.566718945834809,187.85117996979955,100.9339136414426,57.80752892093908,13.29166667,0.8140471987919823,12.210707981879734
4/30/2014,Tomato,Sandy Loam,6.693927931432886,23.353384400680138,66.83252968998582,7.87445597390585,180.78684483831302,108.04826066572207,58.31549601979303,42.29166667,0.5314737935325206,7.972106902987808
5/1/2014,Tomato,Sandy Loam,6.638093149787348,23.247314884199245,65.41904340589049,8.279195513714498,186.14880310328124,96.8791537311537,59.38354992185543,33.83333333,0.74595212413125,11.18928186196875
5/2/2014,Tomato,Sandy Loam,5.571348832721065,22.715211933480965,66.01567278473503,9.238747434344646,187.92182599846987,104.66000214445246,57.354170162550865,13.29166667,0.8168730399387946,12.253095599081918
5/3/2014,Tomato,Sandy Loam,6.527044153824967,21.93654965046453,77.18791526864482,11.554071232145866,176.3600694994373,103.17322709879534,52.0123995444518,13.29166667,0.3544027799774911,5.316041699662367
5/4/2014,Tomato,Sandy Loam,6.719040622619849,23.237346474003814,77.28030829789171,7.73163056080227,172.20103849055354,108.63109828618963,56.19263620005692,42.29166667,0.1880415396221414,2.820623094332121
5/5/2014,Tomato,Sandy Loam,5.882586348404215,21.62038909907282,74.99334583562882,5.50976763468676,174.55870325083885,106.41962034598282,63.27468721387877,42.29166667,0.2823481300335533,4.2352219505033
5/6/2014,Tomato,Sandy Loam,6.046659166249325,23.3384650394146,71.13531641305903,8.732786115727196,178.54215577252512,101.33210517810926,63.31568802937742,21.75,0.4416862309010051,6.625293463515077
5/7/2014,Tomato,Sandy Loam,6.780694692595474,23.413640076427598,75.63485463229283,13.556296161590758,186.36029531844986,103.14060996468214,55.72448614479989,21.75,0.7544118127379945,11.316177191069915
5/8/2014,Tomato,Sandy Loam,6.436601895199916,23.46643463871112,75.32603641752516,9.983515108518835,187.21461166512688,107.9677293316807,59.20205253115376,33.83333333,0.7885844666050748,11.82876699907612
5/9/2014,Tomato,Sandy Loam,7.216027315136653,22.418747912935373,65.38831119753131,14.647837577454098,170.13904261062382,97.99037569173869,53.86894456023875,42.29166667,0.1055617044249525,1.5834255663742884
5/10/2014,Tomato,Sandy Loam,6.184763532018376,21.577442303311265,70.64938460654996,10.036215310887318,180.21494605155132,96.53589411715555,54.20744163059672,33.83333333,0.5085978420620526,7.628967630930789
5/11/2014,Tomato,Sandy Loam,6.033319316776402,21.299170800198205,66.06370682934299,7.758988169218478,178.34822006297557,90.21622167270392,50.460941768132145,13.29166667,0.4339288025190232,6.508932037785348
5/12/2014,Tomato,Sandy Loam,7.469731880689686,23.230083751463773,83.00309502895311,6.933139972452146,174.4421562094146,106.53102148382928,67.9349309981549,33.83333333,0.2776862483765842,4.1652937256487625
5/13/2014,Tomato,Sandy Loam,7.322271540260167,23.65878415358944,79.5044632557027,11.945244967855764,172.39730734667364,106.0196140080673,54.21413330149812,58.0,0.1958922938669462,2.938384408004194
5/14/2014,Tomato,Sandy Loam,5.55798548999796,22.95251507651072,84.92230340385825,10.363812857774365,176.75230342807257,92.08909036200303,54.55067753872927,42.29166667,0.3700921371229023,5.551382056843536
5/15/2014,Tomato,Sandy Loam,7.041457230613132,21.432480181165108,71.04342526610576,11.039989289954416,188.8581940782504,101.537147622654,55.592028652902634,21.75,0.8543277631300153,12.81491644695023
5/16/2014,Tomato,Sandy Loam,5.720669547650406,23.804689345552724,82.5697169551382,12.551267893341311,176.46405864041512,99.27963396333774,52.54816143390858,13.29166667,0.3585623456166041,5.378435184249063
5/17/2014,Tomato,Sandy Loam,5.554970389658742,23.96730604361796,77.06108535864963,12.25903464264893,180.37581243486733,92.37418191018223,62.785257663627256,33.83333333,0.5150324973946929,7.725487460920394
5/18/2014,Tomato,Sandy Loam,6.047391031932698,22.300135829804766,74.0625081380721,5.43363300168227,184.06037917790354,109.61136454121447,51.50285906355173,58.0,0.6624151671161422,9.936227506742132
5/19/2014,Tomato,Sandy Loam,6.038691758122209,22.784475867821314,69.4514622257727,13.025719052950285,177.27259204758587,94.29391774926711,52.68404852652701,58.0,0.3909036819034351,5.863555228551528
5/20/2014,Tomato,Sandy Loam,7.138637524693929,23.331685560004974,79.76784330572286,10.327033070517114,189.43564165441921,91.34468360181123,62.89513453180186,58.0,0.8774256661767685,13.161384992651527
5/21/2014,Tomato,Sandy Loam,6.92133449188567,23.209169370150136,83.08281497808599,8.917085308147726,189.24894589884224,101.8969475900382,56.79321240962886,21.75,0.869957835953689,13.049367539305337
5/22/2014,Tomato,Sandy Loam,7.463218854664029,23.903361575800346,69.70616796150742,10.375194262680704,175.0356459165073,104.77733354266066,64.15895653402379,21.75,0.3014258366602913,4.52138754990437
5/23/2014,Tomato,Sandy Loam,6.923025800623637,21.344649273236367,68.50780669947225,11.12451448457325,179.9449701178477,90.64886892094374,61.14849489340284,42.29166667,0.4977988047139083,7.466982070708625
5/24/2014,Tomato,Sandy Loam,6.336511106512096,22.742174598428416,78.92443830009734,6.49506309873797,176.0175661963354,103.17435277454044,55.12042346123026,42.29166667,0.3407026478534157,5.110539717801236
5/25/2014,Tomato,Sandy Loam,6.897855321890434,23.075794259019276,84.53946325451038,9.174153953264453,175.69680988754936,100.64583751902909,63.01655900978656,58.0,0.3278723955019741,4.918085932529611
5/26/2014,Tomato,Sandy Loam,7.498918134372804,23.67029527256301,79.99910202208156,8.355862101881838,170.73773894709066,92.06530017750097,52.32547360585761,42.29166667,0.1295095578836262,1.942643368254393
5/27/2014,Tomato,Sandy Loam,6.920283765125056,23.622328883154452,70.69161478095297,8.504089448180384,182.19128667959794,93.45047753892725,60.72820766160061,13.29166667,0.5876514671839175,8.814772007758762
5/28/2014,Tomato,Sandy Loam,7.023362711960637,23.93399938068387,73.39910848295571,5.913349384073082,180.05358046457724,101.35948594632161,58.74296210090069,42.29166667,0.5021432185830892,7.532148278746337
5/29/2014,Tomato,Sandy Loam,7.376730030380519,22.536235361813038,72.68635270916744,6.598434880002304,171.0295750249998,95.92715227026576,55.357471656348814,42.29166667,0.1411830009999914,2.117745014999872
5/30/2014,Tomato,Sandy Loam,5.727302522623367,23.49228260043968,82.0419003609409,6.618320675862214,175.57292928473223,108.76631457302632,62.08009995479,42.29166667,0.3229171713892891,4.843757570839338
5/31/2014,Tomato,Sandy Loam,6.909568586895453,22.281845124381984,80.42741557744448,8.732247432216479,188.16531771933307,106.37480458968102,67.42667184680565,58.0,0.8266127087733229,12.399190631599843
6/1/2014,Tomato,Sandy Loam,7.2016119159348975,22.266941633568095,76.7795086952304,13.944915448747915,174.79123781333945,109.67134413027327,69.97809399526153,33.83333333,0.2916495125335779,4.3747426880036695
6/2/2014,Tomato,Sandy Loam,7.408757200441786,21.760045093418576,70.49918220793806,7.060273719209427,172.89789744182445,95.19341677900827,62.15525537486849,33.83333333,0.2159158976729784,3.238738465094677
6/3/2014,Tomato,Sandy Loam,5.921938579423399,23.45471186105769,83.75977055444113,9.161925076748044,179.78905520555125,109.39447265595953,58.0941174865834,13.29166667,0.4915622082220504,7.373433123330757
6/4/2014,Tomato,Sandy Loam,6.507858015448488,23.957445317440545,78.06630449538294,8.11609415299138,189.713009082212,98.62467739583116,54.50414200432403,33.83333333,0.8885203632884806,13.32780544932721
6/5/2014,Tomato,Sandy Loam,6.861109695288963,21.769025185041773,84.40953292883565,12.87383312551338,174.84110543023002,96.9503759062751,55.141921787902234,13.29166667,0.2936442172092003,4.4046632581380045
6/6/2014,Tomato,Sandy Loam,5.994935459002675,21.168394764063216,76.60234066084061,5.5012643232081615,183.44271094811756,91.00699053938706,59.589099562995315,33.83333333,0.6377084379247029,9.565626568870544
6/7/2014,Tomato,Sandy Loam,6.700945726500548,23.44662731225702,81.42385516727228,6.965433955358904,185.23239230657435,91.05530515719205,57.345554025614184,42.29166667,0.7092956922629741,10.639435383944612
6/8/2014,Tomato,Sandy Loam,6.015157564995999,22.860690157604267,81.26210758789054,7.106415423547944,174.75275087984798,103.84022511893309,68.27629045249888,21.75,0.2901100351939197,4.351650527908796
6/9/2014,Tomato,Sandy Loam,6.166914041063294,23.879096401653012,71.74657553667184,14.929628003132311,184.56432697223718,99.15857988868056,57.36590935311419,21.75,0.6825730788894877,10.238596183342317
6/10/2014,Tomato,Sandy Loam,6.383037393021731,21.75671765723086,84.28041445914457,10.707750179663035,177.35566265438507,94.53043252072212,57.46889182290871,13.29166667,0.3942265061754025,5.913397592631038
6/11/2014,Tomato,Sandy Loam,6.558380197493134,21.213082974003843,65.43882935195128,6.389582643835182,182.64611661187158,102.27940612650465,57.67069024867954,21.75,0.6058446644748636,9.087669967122954
6/12/2014,Tomato,Sandy Loam,6.398731743250301,22.477326782599505,80.37421817534829,7.721991392765655,182.6705942152179,95.05716236500223,66.73240420735317,42.29166667,0.6068237686087158,9.102356529130736
6/13/2014,Tomato,Sandy Loam,6.486391039575858,21.256398068895443,84.31114171528088,6.678220941229243,180.71549368149516,101.55263508688846,63.015766416938035,33.83333333,0.5286197472598068,7.929296208897101
6/14/2014,Tomato,Sandy Loam,6.097177512576585,21.785370003308124,71.77816406567446,6.24604569619448,171.80579540108818,97.1841749396538,62.283377006377854,42.29166667,0.1722318160435266,2.5834772406529
6/15/2014,Tomato,Sandy Loam,5.817930188045262,21.377933582457505,77.96221175581944,12.971820284078923,186.70604991178476,106.47104453223638,56.68286044767724,13.29166667,0.7682419964713904,11.523629947070855
6/16/2014,Tomato,Sandy Loam,5.594699954653679,21.672396538980237,76.2444649968842,9.95752628660355,176.4156012994347,106.41392321533559,66.35808353664879,21.75,0.3566240519773886,5.34936077966083
6/17/2014,Tomato,Sandy Loam,5.891957444983335,21.318433958464176,80.23014619353047,11.312101368487811,173.73037020799708,99.54700796244802,50.76727722711402,21.75,0.2492148083198834,3.7382221247982512
6/18/2014,Tomato,Sandy Loam,6.663887283011566,23.861717998281854,82.32355843290105,8.31251246991996,170.81550283109527,97.01638218670031,67.41594344676227,13.29166667,0.1326201132438111,1.9893016986571672
6/19/2014,Tomato,Sandy Loam,7.072230895606265,21.835688140349205,77.06089138599096,10.536950860673294,181.81785886376483,97.2511959311819,60.25499799587859,33.83333333,0.5727143545505935,8.590715318258903
6/20/2014,Tomato,Sandy Loam,5.838495194885789,22.331692757977695,81.31809172762914,7.575690325236971,183.55128723684564,106.11429051336435,57.965004697268256,58.0,0.642051489473826,9.63077234210739
6/21/2014,Tomato,Sandy Loam,5.717110715545297,23.695835422902668,71.24571151778511,8.080362749282347,170.33175657855713,96.56358965595224,59.94334561435372,13.29166667,0.1132702631422849,1.699053947134274
6/22/2014,Tomato,Sandy Loam,6.9985807210985005,23.031964763884424,69.57174117409633,11.52237944366733,180.24186116598563,94.18118747413692,63.34831061067662,42.29166667,0.5096744466394248,7.645116699591373
6/23/2014,Tomato,Sandy Loam,6.110316661074579,22.854112441685324,73.6133537906568,6.503501259192302,174.52991550395876,91.69376683750613,50.25530853035795,13.29166667,0.2811966201583503,4.217949302375256
6/24/2014,Tomato,Sandy Loam,7.402998878454705,23.11668957108251,78.55473199161567,11.172218591674618,182.903455808189,99.33386241768817,67.43103712916496,13.29166667,0.6161382323275599,9.2420734849134
6/25/2014,Tomato,Sandy Loam,6.928635941220746,23.486466771316145,68.74493897877447,13.522348164231271,173.48732858009984,99.64264197839684,58.934790506227856,21.75,0.2394931432039931,3.5923971480598977
6/26/2014,Tomato,Sandy Loam,6.153512094486062,23.633007803555284,78.60704384303783,6.20423226180769,183.8187547620493,106.81817420805814,56.85933039400156,33.83333333,0.6527501904819728,9.791252857229592
6/27/2014,Tomato,Sandy Loam,6.07908549558741,22.92791901199508,72.88187297144134,13.97461280569979,177.73470692601074,94.42477392892128,52.76491131268114,13.29166667,0.4093882770404299,6.140824155606449
6/28/2014,Tomato,Sandy Loam,6.547396772542618,23.670021824082173,80.91150547785264,5.79445680298895,188.7345997747347,97.619825473368,58.78930748716884,13.29166667,0.8493839909893877,12.740759864840816
6/29/2014,Tomato,Sandy Loam,5.658289336556419,22.60619258227643,65.73671634206606,8.48909226955873,172.75041888291986,106.16811477787383,59.92645542568758,42.29166667,0.2100167553167946,3.1502513297519195
6/30/2014,Tomato,Sandy Loam,5.735353025290598,21.83187256880527,78.35965275658789,11.105093152379943,176.82132702100517,106.47247221497946,58.07293388986956,33.83333333,0.3728530808402068,5.592796212603103
7/1/2014,Tomato,Sandy Loam,5.851715762632385,23.640230126651534,77.99644673299936,10.59414760118537,172.26947042481177,97.69222151957537,63.573201876537944,58.0,0.1907788169924712,2.861682254887069
7/2/2014,Tomato,Sandy Loam,7.04944718660912,22.62441848223926,83.81870952250628,5.963910724944334,188.49387236557126,99.18248046573362,58.41793057518452,21.75,0.8397548946228502,12.596323419342754
7/3/2014,Tomato,Sandy Loam,6.527714718538245,23.718412762701703,79.26735107128141,12.98913167785853,187.54678706761962,96.06571781698565,69.22835155693147,21.75,0.8018714827047848,12.028072240571772
7/4/2014,Tomato,Sandy Loam,5.521134245548886,21.120503441851742,80.92603792846562,14.731532931452527,175.1588325543031,108.65109756838623,61.98555035647183,21.75,0.3063533021721245,4.595299532581868
7/5/2014,Tomato,Sandy Loam,6.847033054944218,22.192547254623708,83.09182031706337,6.812282891837701,183.1996809206836,92.3728753148316,66.14955871303818,21.75,0.6279872368273433,9.41980855241015
7/6/2014,Tomato,Sandy Loam,6.347380357320994,23.843415055087405,78.50103836583976,13.951309698154628,186.34444400402433,108.6749884600294,52.187118062189576,13.29166667,0.7537777601609726,11.30666640241459
7/7/2014,Tomato,Sandy Loam,6.521704729927595,21.748950278274908,70.80307269919949,10.568094421117506,181.10401623198925,103.67732903670687,57.94582585891811,42.29166667,0.5441606492795699,8.162409739193548
7/8/2014,Tomato,Sandy Loam,5.928232486825872,23.82460873811548,82.39547599167044,14.359337712453272,180.59301156712013,100.63144305373463,56.73695402894305,21.75,0.5237204626848052,7.855806940272078
7/9/2014,Tomato,Sandy Loam,6.603564456788208,23.86170738338775,79.9515623895195,6.760859584167611,174.83704581800905,90.65318121568991,61.38964776273184,33.83333333,0.2934818327203613,4.40222749080542
7/10/2014,Tomato,Sandy Loam,7.458306479502977,23.646426942677582,73.48875208001787,12.920213931794246,171.862055356118,99.51192383644016,67.22227040122851,58.0,0.1744822142447193,2.6172332136707905
7/11/2014,Tomato,Sandy Loam,5.646889382011523,22.691004135279897,79.21058345299924,5.597815754453311,187.94431515906655,98.15496210005465,51.56676435524013,13.29166667,0.8177726063626615,12.266589095439922
7/12/2014,Tomato,Sandy Loam,6.067834799328861,22.940818347241915,82.35377754362284,13.831964468027264,188.0083611432666,93.22437623950245,51.45149596089421,42.29166667,0.8203344457306644,12.305016685959966
7/13/2014,Tomato,Sandy Loam,5.985995185721659,23.608850995349606,84.51304262782543,11.741594221996335,182.66202914546537,103.12819207001314,67.00635416315198,21.75,0.6064811658186143,9.097217487279217
7/14/2014,Tomato,Sandy Loam,5.997098621502359,23.327691247167554,84.0470300791811,8.702547839224302,176.780595820974,109.42301814736572,54.25700172076715,42.29166667,0.3712238328389605,5.568357492584408
7/15/2014,Tomato,Sandy Loam,6.257412715130755,22.890281548366236,71.50655653528283,6.904668234978502,176.98419149225322,101.2437762212905,63.37506508899627,42.29166667,0.3793676596901287,5.690514895351932
7/16/2014,Tomato,Sandy Loam,7.136219569488335,23.946778223612107,73.43387427436363,13.165330985672048,184.5191135774048,104.29506552887892,60.8575626472161,21.75,0.6807645430961915,10.211468146442872
7/17/2014,Tomato,Sandy Loam,7.325717379928775,23.05702990900108,67.19073209954743,11.032413213948116,187.94220519905156,91.36900905132033,66.65787189774458,42.29166667,0.8176882079620617,12.265323119430924
7/18/2014,Tomato,Sandy Loam,5.904430174917946,23.926445977343285,69.95088574036092,8.604158529480014,187.74172848530236,98.35333991633989,52.50177819672807,33.83333333,0.8096691394120938,12.145037091181408
7/19/2014,Tomato,Sandy Loam,6.585899875896225,21.172165423821273,82.648424169739,9.438358248025162,185.59751091715248,92.32716970328991,52.59565931445223,58.0,0.7239004366860992,10.858506550291487
7/20/2014,Tomato,Sandy Loam,6.77379794433096,21.416881112226637,72.21699852558717,13.265426560723766,182.84063292308576,102.2559167107302,61.13636720556615,58.0,0.6136253169234303,9.204379753851454
7/21/2014,Tomato,Sandy Loam,6.54365494872769,22.35437653800147,77.41105317189762,8.389271933568677,171.68279929990098,108.7696431642831,68.92757306716742,42.29166667,0.1673119719960391,2.5096795799405864
7/22/2014,Tomato,Sandy Loam,6.368152788393839,22.154638382652944,78.31931236614066,5.896326781099287,173.23257428189228,103.23555464943277,58.299955167415085,33.83333333,0.229302971275691,3.439544569135365
7/23/2014,Tomato,Sandy Loam,5.883951011718476,23.348204524071082,80.63658550286624,14.112821722034727,187.97108377054158,91.53606096628843,56.5388420050939,58.0,0.8188433508216634,12.282650262324951
7/24/2014,Tomato,Sandy Loam,6.476438718398477,21.48184207940761,68.65600060491262,8.873437396580346,182.1285811931918,97.09332409970166,62.13378646395772,21.75,0.585143247727672,8.77714871591508
7/25/2014,Tomato,Sandy Loam,6.3024296554226575,23.928285537334467,71.0962626922887,8.483875111152134,170.1839410323326,101.01326758881703,68.60897201090063,13.29166667,0.1073576412933037,1.6103646193995558
7/26/2014,Tomato,Sandy Loam,7.091126725004539,21.945197625782743,73.9667268291636,7.043996188759394,172.02943085732065,98.06415512266504,66.73855665689247,42.29166667,0.1811772342928257,2.7176585143923857
7/27/2014,Tomato,Sandy Loam,7.027208718325991,22.28677112322048,72.29682122476547,13.974225712283456,183.27003538216113,106.67288020950345,69.9096722146644,13.29166667,0.6308014152864446,9.462021229296669
7/28/2014,Tomato,Sandy Loam,5.767997362411341,21.82423509732007,84.6581046571938,7.175053336878339,170.10123167692439,106.29342009419979,50.45137166404754,58.0,0.1040492670769749,1.5607390061546242
7/29/2014,Tomato,Sandy Loam,5.677038105126135,22.738090851979642,81.69881606427424,11.366728680013836,173.21616102834997,102.23662040206443,52.257162894255245,58.0,0.2286464411339989,3.429696617009984
7/30/2014,Tomato,Sandy Loam,7.3163078864550055,21.175886101267754,74.59373509240972,13.80765011608103,180.97467578733173,97.4691589026541,62.18935526733244,42.29166667,0.5389870314932689,8.084805472399033
7/31/2014,Tomato,Sandy Loam,6.571016777928995,21.449032516711345,82.58537252172935,5.349136146032175,183.83790395385387,95.10672747526488,66.411528786677,58.0,0.6535161581541546,9.80274237231232
8/1/2014,Tomato,Sandy Loam,7.2156018745651815,23.23739311025617,71.95305895166594,13.287917053001957,183.039225190052,92.11748636426259,55.70488684613533,42.29166667,0.6215690076020804,9.323535114031207
8/2/2014,Tomato,Sandy Loam,5.616302241132802,21.559501750214412,80.71656647780529,9.105994216897743,174.4853861892112,97.09795366973108,54.784221760684375,13.29166667,0.2794154475684478,4.191231713526717
8/3/2014,Tomato,Sandy Loam,6.55303123304326,21.70654335466999,69.47351196212907,11.57974575265212,184.24358442695072,98.26345034415439,65.73951598762402,13.29166667,0.6697433770780287,10.04615065617043
8/4/2014,Tomato,Sandy Loam,6.578853029152473,23.378946707174514,80.44644090452732,8.724045632255539,174.744981749936,103.51645850208148,51.127637077064634,58.0,0.2897992699974401,4.346989049961602
8/5/2014,Tomato,Sandy Loam,7.2214040650843,21.27990353507176,74.12906806391456,11.95516256347494,176.50799396318536,103.16319648595147,57.3876529516517,33.83333333,0.3603197585274141,5.404796377911213
8/6/2014,Tomato,Sandy Loam,5.695219996459415,22.31242146831252,67.14998641984485,7.542949145576991,184.9298281023605,91.40216279282514,60.11618445184659,42.29166667,0.6971931240944194,10.457896861416293
8/7/2014,Tomato,Sandy Loam,5.980891127351819,21.06919016099168,70.46524909111164,5.219305424353963,182.9926579809443,97.90518630862316,61.206973487006465,42.29166667,0.6197063192377718,9.295594788566577
8/8/2014,Tomato,Sandy Loam,6.313076627774026,22.04042219795371,73.0454924804713,14.477875147879535,186.98446820988357,93.63557734434724,64.57230313585553,58.0,0.7793787283953424,11.690680925930137
8/9/2014,Tomato,Sandy Loam,7.231682950839884,23.096944207832262,79.98585823328874,5.163677640400827,183.15225784600688,93.13625410633611,57.096914468613164,21.75,0.6260903138402747,9.39135470760412
8/10/2014,Tomato,Sandy Loam,7.377766630141134,21.270309839151686,66.45965429461901,13.24099289633507,181.36617206670942,106.54604299474492,62.253686893492144,58.0,0.5546468826683774,8.31970324002566
8/11/2014,Tomato,Sandy Loam,7.485449239187256,23.66500388033628,78.19093990185279,6.691375933224738,171.87349535656185,90.83830433432514,61.707508455819124,33.83333333,0.1749398142624739,2.6240972139371097
8/12/2014,Tomato,Sandy Loam,7.418386972917043,23.72849712882215,79.32027281865687,8.92220228602028,177.35431606118868,98.38365751804243,60.95232201307494,42.29166667,0.3941726424475468,5.912589636713202
8/13/2014,Tomato,Sandy Loam,5.511883511688708,21.314971125375404,78.07842739851503,13.224923765060558,175.3040473536345,93.36407311533037,62.80966586284424,58.0,0.3121618941453803,4.682428412180705
8/14/2014,Tomato,Sandy Loam,5.595416682907744,23.97219730912733,80.21339276335111,7.059321503123454,174.87979286758167,107.58660431356948,55.18898342136153,58.0,0.2951917147032669,4.427875720549003
8/15/2014,Tomato,Sandy Loam,5.795213638315177,21.892588660186465,68.56337232045676,13.657076055250355,189.46021109504892,101.1408102655007,51.69297507169258,58.0,0.8784084438019565,13.176126657029346
8/16/2014,Tomato,Sandy Loam,6.197724193540546,21.252305013394817,76.74206710126074,9.977589391019013,177.86195449333522,94.62761272753696,52.38543344079487,33.83333333,0.4144781797334084,6.217172696001126
8/17/2014,Tomato,Sandy Loam,7.159836061973918,21.015201343491785,83.8228989440776,8.661534627172767,187.84093110354226,100.04854574332752,54.49164765307802,13.29166667,0.8136372441416907,12.20455866212536
8/18/2014,Tomato,Sandy Loam,7.285312390670961,22.225568687291588,77.21568539609075,11.62437746736336,182.62277251994527,104.62972719406231,60.003958710455706,42.29166667,0.6049109007978103,9.073663511967156
8/19/2014,Tomato,Sandy Loam,5.873668812589166,22.889429957118352,77.22672693905906,8.413897219809575,185.89622607083297,109.16236017838867,66.80885501092041,21.75,0.7358490428333188,11.03773564249978
8/20/2014,Tomato,Sandy Loam,6.739328303239417,21.99653774970994,79.72879284226538,8.472883589963569,180.05274186210383,94.40892008490837,64.02586684176768,13.29166667,0.5021096744841537,7.531645117262305
8/21/2014,Tomato,Sandy Loam,7.334723970130553,23.51015209642387,71.66408464251718,12.335263909383032,181.53807769252717,107.7236354425869,65.78081208404095,42.29166667,0.5615231077010873,8.42284661551631
8/22/2014,Tomato,Sandy Loam,6.427463471862642,23.14981882669515,79.00951802643081,8.098322245391078,179.85035387637728,108.6860822833498,57.019512478521825,13.29166667,0.4940141550550911,7.410212325826367
8/23/2014,Tomato,Sandy Loam,5.707087143905568,22.0504845959041,83.32467666626431,7.007726483544251,173.9048597559609,108.32841089064132,58.093074832971006,42.29166667,0.2561943902384356,3.842915853576534
8/24/2014,Tomato,Sandy Loam,6.41562730016925,23.202928999825815,65.21790946050686,13.07646127996572,184.4490423052301,102.7082871372382,57.87363771981226,13.29166667,0.6779616922092042,10.169425383138064
8/25/2014,Tomato,Sandy Loam,6.251589804576114,23.82146321090775,82.40226082217731,13.053710337272316,175.6154472488171,102.59641308869415,53.83746368809003,21.75,0.3246178899526846,4.8692683492902695
8/26/2014,Tomato,Sandy Loam,6.655315992132014,21.27928799562905,69.37236662517718,9.975857037068693,170.48631932862907,98.06421266367646,51.22433316287144,21.75,0.119452773145163,1.791791597177446
8/27/2014,Tomato,Sandy Loam,6.377317368814207,21.91831188047285,74.11846547400751,10.266556161629552,182.90944591814335,105.04795764607576,61.818321856544536,13.29166667,0.6163778367257342,9.245667550886012
8/28/2014,Tomato,Sandy Loam,5.534691853707436,22.38997781735008,82.04695601905276,11.960766257676386,173.54221358814098,100.62588036701864,69.78433366841172,33.83333333,0.2416885435256391,3.625328152884588
8/29/2014,Tomato,Sandy Loam,7.487995466827343,22.493970383264305,81.47824254913257,10.092742917624337,188.8091716870583,103.5487614245659,53.336594099005254,58.0,0.8523668674823315,12.785503012234972
8/30/2014,Tomato,Sandy Loam,6.587080475461142,22.62658693465822,82.83854956252111,9.170399589692323,189.07857154005174,98.56915807697591,50.93369639798547,58.0,0.8631428616020699,12.947142924031048
8/31/2014,Tomato,Sandy Loam,6.447261510969219,21.901880719615946,83.80833585265052,14.948941932967458,188.29728780440897,104.62992928086278,65.59063363647866,42.29166667,0.8318915121763588,12.478372682645382
9/1/2014,Tomato,Sandy Loam,7.409234743008108,23.001778937947048,73.94313913543517,6.476404278525589,177.4031740051089,106.48943035209098,55.05172013369449,13.29166667,0.3961269602043555,5.941904403065333
9/2/2014,Tomato,Sandy Loam,5.811720735174154,22.93525351058949,78.12727621602014,10.927279792398608,170.30913233057734,92.92872513205633,66.59287610705857,21.75,0.1123652932230939,1.6854793983464094
9/3/2014,Tomato,Sandy Loam,5.8784752050904965,22.73346451881484,72.80956881052214,13.858630260756602,188.5663712517545,106.65859431148456,64.0787333406903,42.29166667,0.8426548500701804,12.639822751052703
9/4/2014,Tomato,Sandy Loam,7.116029498125567,21.34128516513263,72.01433434984332,11.872150411811148,178.56368296634628,100.80593063580615,68.91347074101608,42.29166667,0.4425473186538514,6.638209779807772
9/5/2014,Tomato,Sandy Loam,6.021662160050018,22.430903673287833,73.63190821195339,13.809232990882384,189.3330963808734,106.89331818180449,58.17854471513344,58.0,0.8733238552349357,13.099857828524035
9/6/2014,Tomato,Sandy Loam,7.098454212583054,22.068680662468125,79.86152269565352,8.363347203546727,189.27239954178506,98.62603412682029,63.23939678901269,42.29166667,0.8708959816714023,13.063439725071031
9/7/2014,Tomato,Sandy Loam,6.043066965817005,22.473115409514367,75.02881494283106,7.719929762602392,187.0601891093472,97.5808097076607,59.297095616265416,42.29166667,0.782407564373888,11.73611346560832
9/8/2014,Tomato,Sandy Loam,5.566375260450003,23.765599306545077,81.28119348896684,13.512723869021046,175.88897784139172,108.30121465034445,62.61177394617087,13.29166667,0.3355591136556686,5.033386704835029
9/9/2014,Tomato,Sandy Loam,6.534029447773432,22.441594029475226,79.90436954392311,8.941145761854605,177.70195457203852,95.02338535096803,58.99197812015475,33.83333333,0.4080781828815402,6.121172743223103
9/10/2014,Tomato,Sandy Loam,5.8933728682537225,21.041942375518534,65.40956922248799,12.096823230573111,187.02273343033713,106.88424650572287,53.7726449284815,58.0,0.7809093372134855,11.713640058202284
9/11/2014,Tomato,Sandy Loam,7.015692585864942,22.316510214252393,77.60476314212323,6.477485784141143,176.33844010312555,99.68041145018807,60.15794832006762,58.0,0.3535376041250221,5.303064061875332
9/12/2014,Tomato,Sandy Loam,6.782399266464296,23.461944540148146,73.73142246617182,12.558381253766749,173.38985493372184,100.2819088510252,60.57168402874885,58.0,0.235594197348874,3.53391296023311
9/13/2014,Tomato,Sandy Loam,7.347205335955835,23.340182769654504,74.13257978302283,10.489826490248694,181.136025249167,96.16936562978968,66.21207696520322,21.75,0.5454410099666801,8.181615149500201
9/14/2014,Tomato,Sandy Loam,7.065976714531471,22.540170220584542,81.36746107739789,7.686116399104609,188.72309548321562,101.4608440123803,64.71041411587163,33.83333333,0.8489238193286248,12.733857289929372
9/15/2014,Tomato,Sandy Loam,5.861551909681454,21.749307038577946,75.95215972169353,9.945039639589051,183.92059593349947,96.50422392552423,63.27583247882888,42.29166667,0.6568238373399784,9.852357560099676
9/16/2014,Tomato,Sandy Loam,7.100316473329593,22.395265988743635,82.71243646917894,11.969436258397035,181.4012234017873,90.78538828483305,52.26774191105145,33.83333333,0.556048936071492,8.34073404107238
9/17/2014,Tomato,Sandy Loam,6.783474089628046,22.691106658254576,79.25611184783381,5.118864088473837,171.94352987541538,95.43997210688713,64.4123258132743,21.75,0.1777411950166148,2.6661179252492224
9/18/2014,Tomato,Sandy Loam,6.83790328352125,23.999614314822402,76.05680017528105,11.374670588141296,182.3001445339834,90.12758086813182,60.0061031270903,42.29166667,0.5920057813593358,8.880086720390036
9/19/2014,Tomato,Sandy Loam,7.164525771940298,22.932534270508132,80.09075952302207,10.415907782732743,189.80107700208526,109.56709574113714,67.88199072212319,42.29166667,0.8920430800834106,13.380646201251158
9/20/2014,Tomato,Sandy Loam,6.64764813837788,23.08279479018784,65.76698101850815,7.202861677467326,172.80168030473047,109.31494419639495,68.39741868261086,58.0,0.2120672121892192,3.1810081828382883
9/21/2014,Tomato,Sandy Loam,6.432007028706026,22.474362430704154,65.54167309656415,12.529810739761968,180.36659304727473,97.9031059494461,51.10313181203571,58.0,0.5146637218909894,7.719955828364841
9/22/2014,Tomato,Sandy Loam,6.773282070717456,22.063468652347588,66.66698653841704,8.03460984633201,187.5474614385591,104.56741708679291,66.41283120708957,33.83333333,0.8018984575423643,12.028476863135465
9/23/2014,Tomato,Sandy Loam,6.095914857916718,23.43885895094162,73.75130650294285,7.768609315465648,184.8153723550841,96.9161219682085,50.75394780845341,42.29166667,0.6926148942033635,10.389223413050454
9/24/2014,Tomato,Sandy Loam,5.865194262174199,22.48479697301771,69.70900291253886,9.712183489993226,183.94031481990535,103.42186314171953,57.343392513900454,42.29166667,0.6576125927962144,9.864188891943217
9/25/2014,Tomato,Sandy Loam,6.733175676142492,23.984070389893574,84.6852258883157,11.761496784223649,184.04968167974218,106.10860086091958,60.845999512421585,58.0,0.6619872671896874,9.92980900784531
9/26/2014,Tomato,Sandy Loam,5.967696738170956,22.37136172280413,75.84580278022733,14.288459758762544,177.1898230243951,108.93512489384482,52.962015972542545,33.83333333,0.3875929209758041,5.813893814637062
9/27/2014,Tomato,Sandy Loam,5.659830218693213,21.204000850942734,78.24831492162318,6.41357243132104,175.87183688528987,98.00424551699344,64.92627625138154,13.29166667,0.3348734754115947,5.023102131173921
9/28/2014,Tomato,Sandy Loam,5.501108369170508,23.04773441127025,70.57640272493393,8.964681207517337,186.18722310957028,105.66595965912096,50.16709408344277,58.0,0.7474889243828109,11.212333865742163
9/29/2014,Tomato,Sandy Loam,6.7166388028001345,21.139924352777435,71.43593817175217,5.6698959251263,186.2022678935836,95.31856901264237,53.37198096868074,13.29166667,0.7480907157433446,11.221360736150167
9/30/2014,Tomato,Sandy Loam,6.224297566960473,21.75150479065411,71.70923828282312,12.585507474717424,187.34144637160207,109.80664607587296,61.61593659706951,58.0,0.793657854864083,11.904867822961243
10/1/2014,Tomato,Sandy Loam,7.004621941346912,22.06121475833971,78.97471410300601,9.477328896813606,188.2648110511294,90.51539197528702,64.28775124074585,33.83333333,0.830592442045177,12.458886630677656
10/2/2014,Tomato,Sandy Loam,6.2503527966262045,23.218450756863984,74.47412415378616,12.069291351881851,180.22684797721877,102.07057613002242,68.33286205387833,33.83333333,0.5090739190887502,7.636108786331254
10/3/2014,Tomato,Sandy Loam,6.472006896476453,22.48270777922284,75.35367305060149,8.221944239762873,180.030325893744,103.19011963302654,64.10993303869247,42.29166667,0.5012130357497597,7.518195536246396
10/4/2014,Tomato,Sandy Loam,6.31416994563077,21.08593779393077,76.8400596431869,13.443172414063234,185.9659035793355,103.76091114148258,63.43558540509732,58.0,0.7386361431734202,11.079542147601304
10/5/2014,Tomato,Sandy Loam,6.8011495822186925,22.850549553827765,80.37623312476434,10.348280782401147,182.9992786155553,92.40775157578177,57.886822927013284,13.29166667,0.6199711446222121,9.299567169333182
10/6/2014,Tomato,Sandy Loam,6.212278324029937,22.234308712279987,66.80739497024956,14.43607821823655,184.03933754515407,108.77059566946261,50.02568851053603,21.75,0.6615735018061627,9.92360252709244
10/7/2014,Tomato,Sandy Loam,7.427535299884617,23.76550352990132,80.53747824437643,5.788146391440342,185.915853388722,93.62366558100166,52.40318517471244,21.75,0.7366341355488809,11.049512033233214
10/8/2014,Tomato,Sandy Loam,7.37229397319706,22.498686933420707,76.2647013775036,10.142768245420744,187.80010683635132,102.45506806479682,60.69109089512078,33.83333333,0.812004273454053,12.180064101810796
10/9/2014,Tomato,Sandy Loam,7.196055805314563,23.126925437818016,78.38190889710515,12.664552459976989,176.7599031370307,94.4535215824617,63.502597716888395,42.29166667,0.3703961254812287,5.555941882218431
10/10/2014,Tomato,Sandy Loam,7.340600541145497,21.65660547698864,71.55103529681524,11.001526480736146,177.51165905279888,96.14432834042542,58.34896567792925,33.83333333,0.4004663621119552,6.006995431679328
10/11/2014,Tomato,Sandy Loam,6.398279376918782,23.28292069359496,73.18773673632899,5.231941404268428,171.87963879681737,100.92917083456248,64.6135802305678,21.75,0.1751855518726952,2.6277832780904284
10/12/2014,Tomato,Sandy Loam,6.572860793578984,23.162865931451016,69.6233163930784,14.723386783438809,181.56560281992347,98.34386837129153,60.437245906643575,42.29166667,0.5626241127969392,8.439361691954089
10/13/2014,Tomato,Sandy Loam,6.984185185116489,23.712245125623923,84.5859999483481,7.982636930758984,170.71884547593484,93.20451201953013,51.483523911886245,33.83333333,0.1287538190373937,1.9313072855609053
10/14/2014,Tomato,Sandy Loam,6.892291849877083,21.101464925157597,74.94005945020633,7.49277866366382,179.3119603626492,93.41872804841697,53.84032501935898,58.0,0.4724784145059681,7.087176217589523
10/15/2014,Tomato,Sandy Loam,7.281357191210942,22.342502092852353,84.92153831593195,9.856598756065797,180.85289269415154,98.36289576325599,66.79996446487885,58.0,0.5341157077660613,8.01173561649092
10/16/2014,Tomato,Sandy Loam,6.932662054513391,23.03746620821889,74.79571956122533,10.42158107523349,175.7308250425657,105.14565956551002,64.49825493248879,13.29166667,0.3292330017026275,4.938495025539413
10/17/2014,Tomato,Sandy Loam,7.4957694164569215,21.285491700240645,69.39502528768135,12.662881375898252,181.8166652113802,107.95929293695576,67.8952397402499,21.75,0.5726666084552087,8.58999912682813
10/18/2014,Tomato,Sandy Loam,6.197011599663182,22.231812201446736,75.14904793473713,8.932736576589893,170.610004998781,91.68255324518766,52.35114498241873,13.29166667,0.1244001999512395,1.8660029992685927
10/19/2014,Tomato,Sandy Loam,7.165995484478836,23.826439809198586,65.79191143598156,9.39960376462212,170.7469637749843,97.86207815118802,69.80445069230149,58.0,0.1298785509993715,1.948178264990573
10/20/2014,Tomato,Sandy Loam,6.895269645665328,22.307803472673385,83.09539602843903,10.34959915933831,186.45201121319317,92.00491127445753,54.188134278998675,33.83333333,0.7580804485277266,11.3712067279159
10/21/2014,Tomato,Sandy Loam,6.882772890430037,23.956214350441893,81.37100502388883,8.943870997416408,177.20381282822527,90.33184961265195,50.23559752573284,58.0,0.3881525131290103,5.822287696935155
10/22/2014,Tomato,Sandy Loam,6.151671189689997,21.170517183239458,79.5164104138857,14.14548079101156,172.5412102530377,103.23437365287913,69.94845878107108,42.29166667,0.2016484101215078,3.0247261518226174
10/23/2014,Tomato,Sandy Loam,7.071203584846045,23.153489328422673,77.1965343088492,13.512519666342522,180.4448652010961,102.04898883933176,55.62147770890226,21.75,0.5177946080438435,7.766919120657652
10/24/2014,Tomato,Sandy Loam,7.300752044695198,22.74304870874481,76.59668467340727,9.549736950778785,185.39987106197222,93.26038227629772,63.3603890502512,33.83333333,0.7159948424788887,10.73992263718333
10/25/2014,Tomato,Sandy Loam,5.937096923041126,22.501619031396377,84.93456428158926,5.001948623373171,174.31642054993685,94.67625666186129,53.5336462835261,58.0,0.2726568219974745,4.089852329962119
10/26/2014,Tomato,Sandy Loam,6.750993674233408,23.91254220445503,70.55994868039876,14.009344955292809,182.45780951638,90.47415507289037,61.60457064398283,21.75,0.5983123806552002,8.974685709828004
10/27/2014,Tomato,Sandy Loam,6.284269658205551,21.388951201473386,80.59368730731155,6.2433657343946525,171.70694929987536,106.69894411388807,68.08069972909118,33.83333333,0.1682779719950144,2.524169579925216
10/28/2014,Tomato,Sandy Loam,7.479096238589754,23.68799685504274,76.62809540427315,7.445124151940462,171.03363442337215,109.49381192097103,56.40362334856877,13.29166667,0.1413453769348861,2.1201806540232924
10/29/2014,Tomato,Sandy Loam,6.457665631663363,23.07372123340983,84.51761087517771,6.523612843653982,180.62709263136296,92.70919073589381,63.405079520887185,42.29166667,0.5250837052545184,7.876255578817776
10/30/2014,Tomato,Sandy Loam,5.956640347593885,21.776988219898897,81.55606366596504,6.798155699810238,180.81270243220212,94.62950427530596,53.75807177596833,13.29166667,0.5325080972880852,7.987621459321279
10/31/2014,Tomato,Sandy Loam,6.263715250443665,23.70500743689688,84.97050225979186,13.028775378898349,182.74859802996414,107.36819047893869,62.495907974374504,58.0,0.6099439211985652,9.149158817978478
11/1/2014,Tomato,Sandy Loam,6.807676779633253,22.28788475358304,76.76649988924893,10.795014416659242,184.52182667445322,108.5292759591237,56.729007036350204,33.83333333,0.6808730669781292,10.213096004671938
11/2/2014,Tomato,Sandy Loam,5.652178742699153,23.442681984219213,69.0908791508987,14.560951631253484,189.51704158925068,98.3925476561362,54.22416517175903,58.0,0.8806816635700278,13.210224953550416
11/3/2014,Tomato,Sandy Loam,6.707203840442475,22.166509551142198,75.07374071389468,7.314535123237165,180.3260069660239,91.01244944538148,56.263641014072704,42.29166667,0.5130402786409562,7.695604179614344
11/4/2014,Tomato,Sandy Loam,7.362449518357796,23.552792482299722,79.22222268101149,9.85634908131234,176.45912945882492,90.78783667385639,53.57682137015599,33.83333333,0.3583651783529967,5.375477675294952
11/5/2014,Tomato,Sandy Loam,7.200725575315701,22.909887355335147,80.48720772363177,14.7742836908247,185.90372389537407,101.4789973213802,68.03832215675766,33.83333333,0.736148955814963,11.042234337224444
11/6/2014,Tomato,Sandy Loam,5.635347073315967,21.42313990075118,65.01019978031887,13.264435142747695,175.41664502524148,97.85790217786358,57.943737726342576,58.0,0.3166658010096593,4.749987015144891
11/7/2014,Tomato,Sandy Loam,7.4867797574781365,22.948989490408582,75.10054177004588,12.28615679120491,178.77942841411272,90.57304855155309,54.905586099487344,13.29166667,0.4511771365645088,6.767657048467633
11/8/2014,Tomato,Sandy Loam,6.897453847407759,21.57403428810562,69.70469159941293,6.88975201370792,171.56912762684533,101.66504784625113,58.968156820318654,33.83333333,0.1627651050738127,2.4414765761071915
11/9/2014,Tomato,Sandy Loam,5.824561648628047,22.235767883682488,82.49823666509576,12.694054009097162,170.50701486830914,90.22605073178045,56.41072333612991,58.0,0.120280594732366,1.8042089209854903
11/10/2014,Tomato,Sandy Loam,5.524832178338847,21.5108867527561,68.05810888100457,8.475651225959178,189.2529682935585,105.74743916298546,64.88838507626652,33.83333333,0.8701187317423401,13.051780976135102
11/11/2014,Tomato,Sandy Loam,5.842565272584302,21.066048347001356,78.32912499149667,10.305368970467576,186.7196024102441,96.12865645406742,69.42439823770988,13.29166667,0.7687840964097646,11.53176144614647
11/12/2014,Tomato,Sandy Loam,7.176351841371477,21.635659618349873,70.3212438064985,11.0916121303954,183.91948412187395,90.80516006018465,58.760673133952935,42.29166667,0.6567793648749584,9.851690473124377
11/13/2014,Tomato,Sandy Loam,5.543278649890327,22.609116071172377,72.13084286428544,11.09363711524254,178.1790588882854,101.76704441966307,67.2206679994448,13.29166667,0.4271623555314159,6.407435332971239
11/14/2014,Tomato,Sandy Loam,5.966294607236173,22.444682903332037,83.8111852151369,12.265234719135163,173.46588640141692,97.9536882886611,61.31726147119239,13.29166667,0.2386354560566766,3.5795318408501493
11/15/2014,Tomato,Sandy Loam,7.014611190669751,22.504491286608193,69.80896250816158,11.617020926422056,173.12874085342173,109.47600826714299,53.14471330188467,58.0,0.2251496341368688,3.377244512053033
11/16/2014,Tomato,Sandy Loam,6.672221071796271,21.743060635339805,66.90005523645861,5.6837087931058985,175.0048579632919,100.88397325007405,63.81245484162683,21.75,0.3001943185316763,4.502914777975144
11/17/2014,Tomato,Sandy Loam,7.0654714207203835,23.05548360184256,66.38569802888452,9.573470259491073,180.9845332941224,95.50478362074017,60.2686899425164,58.0,0.5393813317648964,8.090719976473446
11/18/2014,Tomato,Sandy Loam,6.992301007653576,23.11278986046104,75.09230220198924,11.640216067199791,184.29191845400123,104.18877729267949,63.01213046504207,42.29166667,0.6716767381600499,10.075151072400748
11/19/2014,Tomato,Sandy Loam,5.6012027742436095,22.073903476678996,77.83422964568575,7.959929821657287,183.20394753435463,95.42984005085422,67.7937482514333,13.29166667,0.628157901374185,9.422368520612777
11/20/2014,Tomato,Sandy Loam,7.285022838188303,23.643510265422524,71.54587287141774,8.130566872163897,175.59867793891885,108.0848658281513,58.808691413120926,13.29166667,0.3239471175567543,4.859206763351315
11/21/2014,Tomato,Sandy Loam,5.954063668564538,22.932069649906644,78.80519483586161,6.245675477546156,189.09730561326387,97.49443941014752,68.02355246434712,33.83333333,0.8638922245305553,12.958383367958328
11/22/2014,Tomato,Sandy Loam,6.606784880459528,23.139117825775894,66.22067437146475,9.186149859748554,184.75793833391538,100.9973712555241,65.0133802856331,42.29166667,0.6903175333566148,10.354763000349225
11/23/2014,Tomato,Sandy Loam,6.788576313055557,21.83201975381682,82.14669289845753,14.868304343061746,181.08708105022802,91.01146207648458,59.7720985175597,21.75,0.5434832420091206,8.152248630136809
11/24/2014,Tomato,Sandy Loam,5.83725642177019,21.00183490546676,81.33134419478475,7.853193612880373,182.23441492468703,98.52242475904461,62.06444271315927,42.29166667,0.5893765969874818,8.840648954812227
11/25/2014,Tomato,Sandy Loam,7.452462513401949,23.59612683630633,84.70992542784171,10.31436892686098,178.3920012485558,106.6472707932199,56.51162265038023,42.29166667,0.435680049942232,6.535200749133479
11/26/2014,Tomato,Sandy Loam,6.4763119121746175,23.467273153739427,83.73009961803692,12.432372527790845,174.95461979002314,106.11297610726683,69.67194599477548,21.75,0.298184791600926,4.4727718740138895
11/27/2014,Tomato,Sandy Loam,5.615285391194787,21.36957566412849,72.12394327837856,5.134972708842707,177.11945357302523,94.48637117707052,63.34702326100792,33.83333333,0.3847781429210093,5.77167214381514
11/28/2014,Tomato,Sandy Loam,7.374524089555681,22.12231540486892,72.98550768031154,14.00439559598299,185.1569222092874,94.52158142021125,50.8769370499326,13.29166667,0.7062768883714953,10.59415332557243
11/29/2014,Tomato,Sandy Loam,6.672535686386536,22.984017925165748,79.9192969495652,8.865501847249385,170.28786977259512,106.34610624426473,56.53243811496017,58.0,0.1115147909038047,1.6727218635570704
11/30/2014,Tomato,Sandy Loam,6.898386395962753,22.956332571656183,67.68165543909966,13.691159867109825,172.3214528101383,108.60796840338651,62.46628867518115,33.83333333,0.192858112405533,2.892871686082995
12/1/2014,Tomato,Sandy Loam,6.550351579868448,23.58105100442567,71.28029420489669,5.38947658899478,170.92005284043506,91.90721842546007,51.12666555598479,13.29166667,0.1368021136174022,2.052031704261033
12/2/2014,Tomato,Sandy Loam,7.169475909553935,21.420804484906284,67.37081873951297,6.456635518636759,170.81457604637941,99.0011727885245,50.47768382638286,21.75,0.1325830418551761,1.9887456278276416
12/3/2014,Tomato,Sandy Loam,5.566266924386422,22.289819243355357,74.09772898145663,8.225294544775592,187.10921168022014,96.74908557928458,59.00048479055605,33.83333333,0.7843684672088058,11.765527008132088
12/4/2014,Tomato,Sandy Loam,6.036756730554296,21.291673253779273,76.04008559770635,8.454617730632787,184.0731571876005,107.41376910914879,56.6538035938534,21.75,0.6629262875040189,9.943894312560284
12/5/2014,Tomato,Sandy Loam,6.439296712805384,22.168785745315883,69.22320939925504,13.477942230280163,179.48347658174652,91.67049829360037,58.76597216066332,58.0,0.4793390632698602,7.190085949047903
12/6/2014,Tomato,Sandy Loam,5.65320723262742,21.045322336763114,65.5326337382821,5.112011153882352,171.95668321302003,94.22251885116074,55.253866197600104,58.0,0.1782673285208011,2.6740099278120177
12/7/2014,Tomato,Sandy Loam,6.9118133386533165,23.694819195330382,79.38711663501046,11.411117764696796,179.83231750233665,105.04936675172989,53.29435493885962,13.29166667,0.4932927000934659,7.399390501401989
12/8/2014,Tomato,Sandy Loam,6.287326828111281,22.581131990486043,65.40010328852337,6.313124361785503,179.46943541561131,91.02587697962431,63.78286713960675,42.29166667,0.4787774166244526,7.1816612493667895
12/9/2014,Tomato,Sandy Loam,6.045335980536288,23.54940678240706,84.46805217856712,13.232156507110494,173.4640373982003,99.85070761428578,60.29142232535601,58.0,0.2385614959280121,3.578422438920182
12/10/2014,Tomato,Sandy Loam,5.506757693616825,21.17971410301009,69.43214513484791,12.785732659579123,178.67703298475945,98.8421406935944,54.00308422498733,13.29166667,0.4470813193903784,6.706219790855677
12/11/2014,Tomato,Sandy Loam,6.939660623499908,21.68237433141876,78.27800184232582,9.999210274112006,177.97009468794747,96.68802357977498,56.39178852519996,21.75,0.4188037875178988,6.282056812768483
12/12/2014,Tomato,Sandy Loam,7.167618617745724,21.778139985663543,73.69503452479978,7.126872255123752,182.31700196104433,97.89144630637847,61.83615815326652,13.29166667,0.5926800784417732,8.890201176626597
12/13/2014,Tomato,Sandy Loam,6.290081071362997,22.160074483916365,66.19347720674214,11.344953909655562,182.70187301735288,100.59881173860467,51.44458696544956,42.29166667,0.6080749206941151,9.121123810411726
12/14/2014,Tomato,Sandy Loam,6.628435954066731,23.408599117192637,74.44367213268934,6.562583176576457,170.9060801954409,93.22734716776766,52.94906018532359,42.29166667,0.1362432078176356,2.0436481172645347
12/15/2014,Tomato,Sandy Loam,5.955373251859196,22.15967362119448,75.335212685936,6.900237925926534,177.49225229252943,101.43991756567186,51.464912082147805,21.75,0.399690091701177,5.995351375517655
12/16/2014,Tomato,Sandy Loam,6.744395292560267,21.61396058893898,82.09366416185736,11.266899022253575,182.5171983142847,106.10864658599972,66.24634665428238,21.75,0.6006879325713891,9.010318988570836
12/17/2014,Tomato,Sandy Loam,5.524274916630401,21.194970781016305,79.64698139295795,14.912284460886244,180.06272517160176,105.20321859580318,65.04818466424018,21.75,0.5025090068640702,7.537635102961053
12/18/2014,Tomato,Sandy Loam,6.477287794197517,21.238475245058062,66.58604949506773,13.910608372525465,187.12979682376644,93.07799809387548,65.06625863758514,42.29166667,0.7851918729506578,11.777878094259869
12/19/2014,Tomato,Sandy Loam,6.788410963681384,23.280141617882933,69.1832536686453,10.93107357683677,183.1738726323789,92.98498939482948,64.32650686952056,13.29166667,0.626954905295156,9.40432357942734
12/20/2014,Tomato,Sandy Loam,7.3363835464594676,22.3344089731099,71.23775368429895,10.385367687674236,173.2586885416286,95.36348735489827,63.38770847339738,13.29166667,0.2303475416651437,3.4552131249771563
12/21/2014,Tomato,Sandy Loam,6.262671634244569,23.178543366000046,67.32815372929639,14.983848800081086,171.41137494800859,97.22149452682075,59.5398383075635,21.75,0.1564549979203439,2.3468249688051586
12/22/2014,Tomato,Sandy Loam,7.03038040596206,23.046861365291093,74.13798141828981,10.473971476338937,182.84838556412632,98.16911162816965,62.8455632701423,58.0,0.6139354225650525,9.209031338475787
12/23/2014,Tomato,Sandy Loam,6.695374059887001,21.406087385280774,84.68618381725071,9.20116521959444,170.53022621083244,103.59394433666691,50.76723109575949,21.75,0.1212090484332974,1.818135726499461
12/24/2014,Tomato,Sandy Loam,7.354024225850161,21.4286638025768,75.29225582475523,14.095555357753414,181.71551162546928,91.1336086433167,62.42928845313569,13.29166667,0.5686204650187706,8.529306975281559
12/25/2014,Tomato,Sandy Loam,6.296755351318861,23.2660260463024,79.83764336646338,7.341842958692882,188.80460482849915,90.69345408452133,65.55755411073754,33.83333333,0.8521841931399661,12.782762897099492
12/26/2014,Tomato,Sandy Loam,6.138190679745976,23.16380488045625,78.65875595398693,5.97525990296809,181.50948355751757,97.83821125887818,60.0071672076878,42.29166667,0.5603793423007032,8.405690134510548
12/27/2014,Tomato,Sandy Loam,7.274283997388288,22.13409230062293,81.99822870184276,11.340900343618303,177.76339852413045,103.94327384275961,57.15026656854474,58.0,0.4105359409652175,6.158039114478263
12/28/2014,Tomato,Sandy Loam,5.598488802816578,21.23226678999852,69.31446980931219,5.95849633768749,182.86576436884707,93.86870685912965,55.54853469601958,42.29166667,0.6146305747538825,9.219458621308238
12/29/2014,Tomato,Sandy Loam,5.772770785867354,21.03629406509536,80.07652523386056,8.7314853695296,179.16505780983033,102.83008962512503,62.85604100324165,42.29166667,0.4666023123932133,6.9990346858982
12/30/2014,Tomato,Sandy Loam,5.664808869168089,21.864470848385235,82.62710480611499,9.235773855817206,180.9123357863187,95.19656275880598,63.85602397259817,13.29166667,0.536493431452748,8.04740147179122
12/31/2014,Tomato,Sandy Loam,7.186219913152805,21.02766682076168,68.43019645960486,10.475380670492331,188.8292961755305,107.72172217627033,67.41935199725086,13.29166667,0.8531718470212202,12.797577705318302
1/1/2015,Tomato,Sandy Loam,5.521214846740639,21.690217863311112,71.93604439576008,14.916595457479623,177.72205275601547,107.91379888533233,56.84668164921982,33.83333333,0.4088821102406194,6.133231653609291
1/2/2015,Tomato,Sandy Loam,7.2233143109940965,22.258502220634014,84.40203528663123,7.209817233331808,189.22381127647827,95.94574408562653,65.39544614771171,13.29166667,0.8689524510591314,13.034286765886971
1/3/2015,Tomato,Sandy Loam,6.402535590742533,21.36424729593586,80.61575691959585,8.75756378506912,188.10701283912127,94.5998750792648,61.22711648378676,42.29166667,0.824280513564851,12.364207703472765
1/4/2015,Tomato,Sandy Loam,5.508050557707941,21.31283327349464,70.65181665075065,6.32240124410658,173.91582269578592,98.22607944132463,67.65672981356158,13.29166667,0.2566329078314371,3.849493617471557
1/5/2015,Tomato,Sandy Loam,6.3032903544240835,23.68931230715621,76.27883539288973,11.076135260332348,171.3872260175033,94.81063170360298,60.556242165912415,21.75,0.1554890407001323,2.332335610501985
1/6/2015,Tomato,Sandy Loam,5.873601682090071,22.756410087068666,73.08652245698957,12.276731823078336,172.01556002754853,103.44767686583407,60.352596567959345,58.0,0.1806224011019413,2.70933601652912
1/7/2015,Tomato,Sandy Loam,6.748800974944326,23.803367060288345,74.7993035265426,9.820768232358787,170.364436513031,106.5212936909657,61.557541628818186,58.0,0.1145774605212398,1.718661907818597
1/8/2015,Tomato,Sandy Loam,6.858717579843293,22.03747849135704,72.10332382781417,7.45831268289971,171.88885921511857,103.46184261822434,64.98630710284868,58.0,0.1755543686047427,2.6333155290711407
1/9/2015,Tomato,Sandy Loam,6.475055140809999,23.031434811987488,70.58662037060681,11.208882691817475,183.66013546832713,106.487008944987,69.29380957656922,58.0,0.6464054187330854,9.696081280996282
1/10/2015,Tomato,Sandy Loam,5.58103905087934,21.61407502386537,78.49526082782837,10.391577233688494,171.42377296920458,97.93984324414949,51.471267084315315,42.29166667,0.1569509187681832,2.3542637815227483
1/11/2015,Tomato,Sandy Loam,6.812257608734404,22.855020951839823,80.57083630172235,6.711857234037177,176.37951260587522,93.12633941417722,51.06869204782034,21.75,0.355180504235009,5.327707563525135
1/12/2015,Tomato,Sandy Loam,7.184077567211043,21.388757190029953,82.4791424549469,9.056819005021303,186.8975062193891,104.75901894795184,68.75100674814678,21.75,0.7759002487755636,11.638503731633454
1/13/2015,Tomato,Sandy Loam,6.940648554652803,21.006241917528857,68.10659934636377,9.351970916351949,170.46543871471653,97.20949010283108,60.597512510364126,42.29166667,0.1186175485886606,1.7792632288299104
1/14/2015,Tomato,Sandy Loam,7.159915837910637,23.794595404228737,81.45711047290482,14.82617753771433,186.2893696517787,103.42541650458264,62.29806029133872,33.83333333,0.7515747860711487,11.27362179106723
1/15/2015,Tomato,Sandy Loam,5.901019047101775,22.664683128525628,70.09601648954127,13.492858321555218,175.637095495468,95.41287883963531,59.64847203189458,42.29166667,0.32548381981872,4.8822572972808
1/16/2015,Tomato,Sandy Loam,7.277775879312966,23.78082198834612,73.546727798201,12.343707882735938,172.36329655243313,91.62459269613345,51.873149052149486,33.83333333,0.194531862097325,2.917977931459875
1/17/2015,Tomato,Sandy Loam,6.144386901295926,22.001494571106218,83.02887371698493,13.887770255029476,183.93474330728301,109.85163590975526,65.36178756837333,21.75,0.6573897322913205,9.860845984369806
1/18/2015,Tomato,Sandy Loam,5.526809628503982,21.98335820748527,74.09007201965204,12.35484405828715,182.57885693559768,93.12403015861199,64.94449290177174,42.29166667,0.6031542774239071,9.047314161358608
1/19/2015,Tomato,Sandy Loam,7.186783292658141,22.201965005319096,68.94127068088632,14.034018551257333,187.54944027054106,109.76841987926963,56.23406642985624,21.75,0.8019776108216424,12.029664162324636
1/20/2015,Tomato,Sandy Loam,7.383642537929454,23.118122951874504,68.19737310474235,5.54553114879508,184.70142087607772,109.54559865132894,56.12478490456801,21.75,0.6880568350431087,10.32085252564663
1/21/2015,Tomato,Sandy Loam,6.8111163948346976,22.69742590255852,74.45967533304268,9.560662092669164,186.06961860769698,105.8763620781608,66.75682761811038,21.75,0.7427847443078789,11.141771164618184
1/22/2015,Tomato,Sandy Loam,5.962873260926849,23.776064721297352,80.25344847953109,12.468983352418336,175.64069145142614,103.18845924163995,51.44714515482653,13.29166667,0.3256276580570452,4.884414870855678
1/23/2015,Tomato,Sandy Loam,6.00348892856506,21.076322703397317,84.94410287948602,10.832957966100135,173.54879087559445,101.55614100502169,67.62210296713131,33.83333333,0.2419516350237782,3.629274525356674
1/24/2015,Tomato,Sandy Loam,6.433185746871239,23.12458781391761,80.74817256861803,6.751661641507867,185.01229503281718,107.3220309075567,55.13323379791829,33.83333333,0.7004918013126867,10.5073770196903
1/25/2015,Tomato,Sandy Loam,7.2956621592028394,21.990983068099663,82.54023917885706,8.404920865285343,186.13669478534527,95.78879043238976,61.85969495510988,33.83333333,0.7454677914138113,11.18201687120717
1/26/2015,Tomato,Sandy Loam,5.799195312295117,21.540700955455385,79.95664721869775,8.177743750266913,189.81010284001346,99.35362424969755,68.71988358003556,42.29166667,0.8924041136005386,13.38606170400808
1/27/2015,Tomato,Sandy Loam,7.1519473391669734,22.531186867560297,82.90870201512212,7.61346913184336,178.25235353822853,102.38779938733003,63.56245003073293,33.83333333,0.4300941415291411,6.451412122937118
1/28/2015,Tomato,Sandy Loam,6.082605617410301,22.515191352539986,66.52587086627827,8.43135553513966,177.44036171585566,98.22380951738982,58.28859624934073,58.0,0.3976144686342265,5.964217029513399
1/29/2015,Tomato,Sandy Loam,7.117172338858196,21.411033086065284,83.59863197963291,10.14853288461121,185.52825921483995,98.54972908180537,63.79068417810831,13.29166667,0.7211303685935975,10.816955528903964
1/30/2015,Tomato,Sandy Loam,7.3405423952030775,21.605688168398668,72.92812307451312,13.54869024783276,176.81607080506035,96.60569335004169,56.8795927263274,33.83333333,0.3726428322024143,5.589642483036215
1/31/2015,Tomato,Sandy Loam,6.354987743988641,22.224493994704666,83.43228446560889,12.420326623937562,188.6151465120713,101.28463633369071,55.54516832698372,42.29166667,0.8446058604828518,12.669087907242776
2/1/2015,Tomato,Sandy Loam,6.2301013082110615,22.226434237176946,66.51465674918951,13.352497040162335,187.16825503686024,107.01149056030232,69.93366555869359,33.83333333,0.7867302014744094,11.800953022116142
2/2/2015,Tomato,Sandy Loam,7.104442637942603,21.952674418859054,79.30485914242271,13.836037445630865,178.57988054750035,94.03056756012626,65.01580462359576,13.29166667,0.4431952219000147,6.64792832850022
2/3/2015,Tomato,Sandy Loam,6.5589657647587885,21.445635454529942,79.71377497340409,9.161504560976072,185.01742135582995,108.68866077506883,62.894399547636354,21.75,0.7006968542331979,10.510452813497968
2/4/2015,Tomato,Sandy Loam,6.868898096926394,21.013121037302938,84.93821778595546,8.460262840267472,185.09085748169366,103.7817530749646,57.10579286438637,21.75,0.7036342992677459,10.554514489016189
2/5/2015,Tomato,Sandy Loam,6.745658473922359,23.910705187284062,80.37710541379627,5.576233816841619,172.06247737671865,106.4654642536006,50.98321658310096,13.29166667,0.1824990950687461,2.737486426031192
2/6/2015,Tomato,Sandy Loam,5.805777691289593,23.83049768911178,72.65147411631213,14.304916218764344,188.05105813359134,101.12381385260024,50.621137520703115,21.75,0.8220423253436534,12.3306348801548
2/7/2015,Tomato,Sandy Loam,7.189580720579123,22.450951137528406,76.1449710323709,5.658230179381439,180.10504744895715,105.59033402848127,61.08362510897598,42.29166667,0.5042018979582857,7.563028469374286
2/8/2015,Tomato,Sandy Loam,5.891550222826273,23.985155259825017,72.3310187633318,12.411355153704704,186.52914932215484,90.32400794678935,65.24065442078103,58.0,0.7611659728861934,11.4174895932929
2/9/2015,Tomato,Sandy Loam,7.364564288141562,23.02096299234673,68.92037290609716,8.781083044655873,176.40099202061222,106.3676084955907,60.7475838088771,21.75,0.3560396808244894,5.340595212367342
2/10/2015,Tomato,Sandy Loam,6.001142582844295,21.206572612822626,69.97004655004547,14.487807744991862,187.91046456992402,90.80277718170733,66.8157014387823,58.0,0.8164185827969604,12.246278741954407
2/11/2015,Tomato,Sandy Loam,6.967761946547483,21.353154597247883,69.44021068548642,9.19602020934129,177.78403357468326,107.79826752725725,50.66853066186443,58.0,0.4113613429873305,6.170420144809958
2/12/2015,Tomato,Sandy Loam,6.0693107869871845,23.748332531608913,75.97630660326426,13.166083513547164,170.21675302960597,109.83925494477286,57.3350415285188,33.83333333,0.1086701211842386,1.6300518177635803
2/13/2015,Tomato,Sandy Loam,6.135570817173727,22.890156606448887,83.12321269063787,7.826548321636766,188.10763952838528,95.88134924353555,54.74140782348356,42.29166667,0.824305581135411,12.364583717031165
2/14/2015,Tomato,Sandy Loam,6.120003705564611,23.529550879972053,83.25453252176796,7.990887172438467,171.82573353572266,94.20637112571588,58.94545936314244,13.29166667,0.1730293414289068,2.5954401214336027
2/15/2015,Tomato,Sandy Loam,6.995784508052166,23.69480894890153,66.0952755505165,10.955194098784345,176.3862727518083,105.30726727716082,51.44752786388245,33.83333333,0.3554509100723318,5.331763651084978
2/16/2015,Tomato,Sandy Loam,6.613630235938786,22.343826033847158,66.59798801903787,14.979826337074735,189.0012393410161,95.06052681840507,69.08263283142145,21.75,0.8600495736406439,12.90074360460966
2/17/2015,Tomato,Sandy Loam,7.265904911694994,21.145577854730078,69.90238114344687,10.175724179791963,189.0121429387511,107.31124766344408,54.465108021387216,21.75,0.8604857175500449,12.907285763250671
2/18/2015,Tomato,Sandy Loam,6.1147454384080895,21.564841046691967,70.1011890493895,14.363086363932906,181.4687577624657,92.05685184314953,68.4461555096717,58.0,0.5587503104986289,8.381254657479433
2/19/2015,Tomato,Sandy Loam,6.883985044113489,21.199715841907306,66.89778350478502,12.862498282487278,182.63674424339598,92.51910392758717,58.517863100733635,21.75,0.6054697697358394,9.082046546037592
2/20/2015,Tomato,Sandy Loam,7.005897199326221,21.56621953709552,72.76926682346881,12.958643141772349,178.9689104395664,109.58303110201231,69.71048266510437,13.29166667,0.4587564175826558,6.881346263739838
2/21/2015,Tomato,Sandy Loam,5.802964226059917,22.23159877936763,76.75450785382574,9.35959989128764,175.86421543396128,103.47677796540009,61.08116766920421,42.29166667,0.3345686173584516,5.018529260376775
2/22/2015,Tomato,Sandy Loam,6.301178714639622,21.354590431544956,76.56324401198927,8.865422501728005,176.57329090739833,106.93774448857906,68.61665728351615,33.83333333,0.3629316362959328,5.443974544438992
2/23/2015,Tomato,Sandy Loam,6.465634988700822,21.50019974341603,75.86859362517185,6.919218080908154,183.45036912154077,96.48658754703035,50.106979773884454,21.75,0.6380147648616308,9.570221472924462
2/24/2015,Tomato,Sandy Loam,6.211374779788748,22.337465346215037,71.77343849774995,14.639412669836537,185.0474905887536,103.52967499041209,64.96477612361801,21.75,0.701899623550144,10.52849435325216
2/25/2015,Tomato,Sandy Loam,6.144225191938276,22.020512851165467,79.12911370633161,14.5939361244382,185.83158087451696,101.88483654617194,68.0610130620503,33.83333333,0.7332632349806788,10.99894852471018
2/26/2015,Tomato,Sandy Loam,6.872839787995284,22.402974372564124,81.52967881962142,12.470677343101828,185.79236285589107,102.06300240245893,52.794411339579085,58.0,0.7316945142356431,10.975417713534648
2/27/2015,Tomato,Sandy Loam,5.931732795318977,22.287516083277186,71.92548532954817,7.962524498526696,171.82412206097382,103.65064919075444,51.92251703464303,42.29166667,0.1729648824389523,2.5944732365842844
2/28/2015,Tomato,Sandy Loam,6.9187814905022575,22.93343407793965,66.71070718598924,7.451795403422822,179.88840609405162,101.50718346258196,58.491452143719115,42.29166667,0.4955362437620652,7.433043656430978
3/1/2015,Tomato,Sandy Loam,7.3700883927814616,23.811568646627563,70.92660502183713,14.88610242386963,171.1511752003329,98.58124738605332,68.67357812265871,13.29166667,0.1460470080133154,2.1907051201997314
3/2/2015,Tomato,Sandy Loam,6.630395042355502,21.323593015332726,67.74737309149806,5.665428151081775,180.99057764647472,95.51845388761093,60.84773120380878,21.75,0.5396231058589884,8.094346587884827
3/3/2015,Tomato,Sandy Loam,6.722868473478949,21.297780447927586,74.34717454454362,13.43564292141309,178.83061002746754,105.37162661826405,60.54912927443464,58.0,0.4532244010987016,6.798366016480525
3/4/2015,Tomato,Sandy Loam,5.637865404248178,23.558418333272705,68.11870302632157,8.554580004824746,187.754083655166,94.52544860006373,52.82252236598644,21.75,0.8101633462066399,12.1524501930996
3/5/2015,Tomato,Sandy Loam,7.228953807235657,22.51919011395738,74.25689515315955,9.188697197272203,177.01830025104158,103.84708612308829,50.01579022186438,13.29166667,0.380732010041663,5.710980150624946
3/6/2015,Tomato,Sandy Loam,6.0708955743997315,23.299215070705326,69.42005784649295,13.319776487488372,172.34134032855212,94.66665645298653,66.20280181490922,13.29166667,0.1936536131420847,2.904804197131271
3/7/2015,Tomato,Sandy Loam,6.73010233105713,21.646265710821844,79.77462210924806,5.9060301600535805,172.85983364105672,102.50660339908907,51.751491259724766,33.83333333,0.2143933456422687,3.2159001846340303
3/8/2015,Tomato,Sandy Loam,7.458224339489605,23.486587719502655,65.55136481671691,8.541696785202571,185.23021263434944,104.94156534258057,62.676996374706476,33.83333333,0.7092085053739778,10.638127580609668
3/9/2015,Tomato,Sandy Loam,6.691005201145615,23.77153987257809,76.09492607663852,14.520242771695733,182.36436126632523,94.37427777813079,68.29232909030384,58.0,0.5945744506530088,8.918616759795132
3/10/2015,Tomato,Sandy Loam,6.949418974928755,22.906449046639466,68.38976549840113,11.990659127712563,172.0224535224558,91.19886601722617,54.17303826316862,33.83333333,0.1808981408982322,2.713472113473483
3/11/2015,Tomato,Sandy Loam,6.3906392364475035,21.317637064421408,65.01983728939254,12.549391648058904,171.68213612229994,92.61947485988348,63.305456724738214,13.29166667,0.1672854448919979,2.509281673379969
3/12/2015,Tomato,Sandy Loam,5.620731687030115,23.685884442469018,82.38400176129613,12.575053009554765,184.0193826291824,102.1199393454205,51.57397153415019,42.29166667,0.660775305167296,9.91162957750944
3/13/2015,Tomato,Sandy Loam,7.095198698979577,23.377463182110215,78.43055575628135,5.605700831639445,171.45526012728388,106.98892812451471,62.07510287675226,21.75,0.1582104050913548,2.3731560763703228
3/14/2015,Tomato,Sandy Loam,5.569997682527971,23.25263332954347,66.97885644101046,7.032075932604311,186.4372011858071,90.89993642470849,53.278634419064055,33.83333333,0.757488047432285,11.362320711484276
3/15/2015,Tomato,Sandy Loam,6.901315657775708,21.110184566717745,78.28144735367711,9.912632560812115,184.12484454312994,104.68302518083293,64.71907121030355,42.29166667,0.664993781725197,9.974906725877954
3/16/2015,Tomato,Sandy Loam,5.545843146299274,23.396887575770915,77.23294665475197,8.681502324753751,171.626975612838,96.82637291900105,56.02462589587817,58.0,0.1650790245135198,2.476185367702797
3/17/2015,Tomato,Sandy Loam,7.224610473153341,21.413853031405072,74.46713374086407,9.109122931328535,171.69675428170385,99.57056739839045,59.267820176092926,42.29166667,0.1678701712681535,2.518052569022303
3/18/2015,Tomato,Sandy Loam,5.815272071665961,21.667158528590665,73.38516196851228,12.814473786256729,189.7327915700235,108.57719099691131,61.98861084055243,21.75,0.8893116628009404,13.339674942014106
3/19/2015,Tomato,Sandy Loam,6.528542990885102,22.731404504607774,82.7413952583147,5.1467923506773525,177.48541591512242,96.63943009471691,53.42546821332479,21.75,0.3994166366048962,5.991249549073443
3/20/2015,Tomato,Sandy Loam,6.694301408966295,21.79494231875065,69.90296039794903,11.604919263212388,177.41284294133783,99.30673867878971,64.83275637235242,42.29166667,0.3965137176535127,5.947705764802691
3/21/2015,Tomato,Sandy Loam,6.415090814746824,22.98404461893576,72.96620114026767,5.001102318018225,186.25599134515005,90.27364829521362,56.05280681273629,58.0,0.7502396538060021,11.253594807090032
3/22/2015,Tomato,Sandy Loam,6.181526978697774,22.824211343097247,71.58230825789654,5.630585255762437,188.94497154767717,91.63197440009677,63.24743719825507,58.0,0.857798861907087,12.866982928606305
3/23/2015,Tomato,Sandy Loam,6.435628592361944,21.32444879403979,80.42402058073267,9.08286119837624,189.72002127645743,95.17183182269568,53.165661013987474,33.83333333,0.8888008510582968,13.33201276587445
3/24/2015,Tomato,Sandy Loam,6.122831507762317,22.96804373877452,83.32930612465078,13.409485198048214,185.06756370517883,90.5570448164215,63.76235318412701,21.75,0.7027025482071533,10.5405382231073
3/25/2015,Tomato,Sandy Loam,6.376244694161726,23.77186472947479,81.9956339748046,6.449957655644605,177.52519171061832,102.62750652096501,52.563761456209235,13.29166667,0.4010076684247327,6.015115026370991
3/26/2015,Tomato,Sandy Loam,6.217825981996061,21.4833297155575,80.95407860599536,10.546214091286116,171.67001433397337,98.52796713603246,58.507129925399674,21.75,0.166800573358935,2.502008600384025
3/27/2015,Tomato,Sandy Loam,6.63240964701429,22.79118606282866,84.73579891140166,11.785052268267442,185.54293831854875,100.96290405456044,54.94412147477754,33.83333333,0.7217175327419495,10.825762991129242
3/28/2015,Tomato,Sandy Loam,5.9758483244899665,22.02559611581008,78.94289100820771,7.295328841721606,181.1680849947161,93.4929437179266,64.96750498856365,58.0,0.546723399788644,8.200850996829661
3/29/2015,Tomato,Sandy Loam,7.4773131098280246,22.37883501532081,80.02107582427067,10.12330255269583,178.48444018493953,95.91864058873232,55.240700090137494,21.75,0.439377607397581,6.590664110963715
3/30/2015,Tomato,Sandy Loam,6.501739906764331,21.861000537236908,84.65605079410038,14.114072831381923,188.1270877018947,103.2764894970545,67.63434612790792,21.75,0.8250835080757888,12.376252621136832
3/31/2015,Tomato,Sandy Loam,5.88832415482902,22.062391909043086,65.13981570798349,10.122285253655328,172.22394964612303,109.306054472608,67.83640422813225,33.83333333,0.188957985844921,2.834369787673816
4/1/2015,Tomato,Sandy Loam,6.454133499134545,21.08673546979967,77.68096752872731,6.573230617876479,179.85250208581718,91.00833547204418,53.92882630445572,58.0,0.4941000834326873,7.41150125149031
4/2/2015,Tomato,Sandy Loam,7.232830259049648,23.944655213751663,79.7794306390658,11.278142966875446,170.22707289534839,107.80768641710532,62.276918900154485,58.0,0.1090829158139352,1.6362437372090288
4/3/2015,Tomato,Sandy Loam,5.543613586248791,22.874399766218247,83.3565410751439,10.92200180008514,179.3732128398825,101.53762402622417,51.754352834399285,58.0,0.4749285135953011,7.123927703929517
4/4/2015,Tomato,Sandy Loam,6.859108238214578,22.502116771481656,82.67688608368685,5.269547597981312,171.12606551363675,101.27839133511247,57.830741992032586,21.75,0.1450426205454699,2.1756393081820486
4/5/2015,Tomato,Sandy Loam,6.595935593587856,22.15114604850098,81.83921362467589,5.905944057475666,172.37635832536145,100.0055707041552,64.26643459002544,42.29166667,0.1950543330144575,2.925814995216863
4/6/2015,Tomato,Sandy Loam,5.8391159887402715,22.618123676472084,83.91582543883408,6.567813551410108,172.3505249355421,91.38788171808366,63.18846493699833,13.29166667,0.1940209974216839,2.9103149613252586
4/7/2015,Tomato,Sandy Loam,7.134952878609841,22.140317996147413,75.74758375827415,6.362890775618699,182.98420604232126,91.79753703472322,62.49401338813216,42.29166667,0.6193682416928509,9.290523625392764
4/8/2015,Tomato,Sandy Loam,6.237769244748011,22.079723782481018,65.13840191169653,7.594657705609331,184.92089758530847,102.01824011318172,55.65081727324887,13.29166667,0.6968359034123386,10.45253855118508
4/9/2015,Tomato,Sandy Loam,6.087604057631015,22.39183962516604,65.22108797394019,9.54105323235568,181.6673753019432,96.81917142871117,57.56049898868804,42.29166667,0.5666950120777278,8.500425181165916
4/10/2015,Tomato,Sandy Loam,7.156250383713802,21.827949101013573,75.89278111235716,8.717162978989844,189.24345096949082,108.34536133155362,52.058922894005725,33.83333333,0.8697380387796335,13.046070581694504
4/11/2015,Tomato,Sandy Loam,6.7770500923833294,21.540149699900358,73.70544477727883,13.906498914045969,177.4974115904741,98.13181074718945,64.38045640867202,21.75,0.3998964636189632,5.998446954284448
4/12/2015,Tomato,Sandy Loam,7.296518167349649,22.669817694540882,74.02490106730897,11.12109409406337,175.7142417256372,92.86562917405283,60.07777593582547,33.83333333,0.3285696690254885,4.928545035382329
4/13/2015,Tomato,Sandy Loam,6.759767407342399,23.528296308450905,73.00809474420075,13.76144349961843,187.3719825637892,104.29437667004072,64.17531264691308,21.75,0.7948793025515682,11.923189538273524
4/14/2015,Tomato,Sandy Loam,6.981635315864231,21.45848453317768,83.35451618182472,10.270393249175989,174.47191677038904,95.8670684288202,54.97887049593746,33.83333333,0.2788766708155621,4.183150062233432
4/15/2015,Tomato,Sandy Loam,7.172891792519225,21.098203021812655,72.1834070233958,5.898704706893399,189.2644507888122,100.50940614711786,56.48876457270133,58.0,0.870578031552489,13.058670473287336
4/16/2015,Tomato,Sandy Loam,5.609479271819874,21.740435235462108,82.12453883526166,9.63287449066435,170.24308949379633,103.9566557101034,56.68430674520229,42.29166667,0.109723579751853,1.6458536962777963
4/17/2015,Tomato,Sandy Loam,7.05209791773876,23.939161930361433,83.05729587583282,13.220325468423647,189.3975765341528,108.00528222404141,50.51484819494432,58.0,0.8759030613661113,13.13854592049167
4/18/2015,Tomato,Sandy Loam,6.7274129636991535,23.48627422123002,74.99003539997909,6.941037671671081,170.86319823901152,105.84382389603353,56.82095745661247,42.29166667,0.1345279295604609,2.0179189434069134
4/19/2015,Tomato,Sandy Loam,5.639015593030386,22.78759816058579,73.93876074730177,5.912142787526498,187.82286227396142,103.52722135745448,66.06609147036067,33.83333333,0.8129144909584569,12.193717364376852
4/20/2015,Tomato,Sandy Loam,6.51715584373743,23.787746745729407,80.22041208430893,8.2943473833826,180.554022181726,103.59266364790287,67.94596991499478,42.29166667,0.5221608872690399,7.832413309035598
4/21/2015,Tomato,Sandy Loam,5.664916155967908,22.335837350511735,79.15943015279765,8.888978306401397,189.859295922386,108.91849288064174,60.364366312718545,13.29166667,0.8943718368954403,13.415577553431604
4/22/2015,Tomato,Sandy Loam,6.971894403446445,23.949841807725523,71.57070233192412,8.062576764059044,171.47593129470798,95.91648194993073,59.11003390438441,21.75,0.1590372517883191,2.3855587768247863
4/23/2015,Tomato,Sandy Loam,6.593003427795766,21.888906135357853,67.05096251849294,6.35240785624556,181.07708568802641,90.02224188392375,50.616492373987406,58.0,0.5430834275210566,8.14625141281585
4/24/2015,Tomato,Sandy Loam,7.407147074824595,21.720917248547817,70.2970480036496,7.508398597217145,189.38605071238197,95.43909118796397,67.58408675170764,58.0,0.8754420284952792,13.131630427429188
4/25/2015,Tomato,Sandy Loam,5.86627074314354,22.914144603441034,67.62057011624599,11.822824046021104,180.461956883403,94.35782759253487,50.260204268517455,13.29166667,0.5184782753361191,7.777174130041787
4/26/2015,Tomato,Sandy Loam,6.712066905040757,22.134461903851083,70.89464551553382,8.85928516293164,182.58797276270525,103.23669170227996,68.89500160420424,33.83333333,0.60351891050821,9.05278365762315
4/27/2015,Tomato,Sandy Loam,5.923164269140983,22.879096625928774,70.23643131161597,11.32549444618556,183.91497377969233,102.67423199531058,59.78432497376181,33.83333333,0.6565989511876937,9.848984267815409
4/28/2015,Tomato,Sandy Loam,6.7281299694547965,21.914986554908058,77.75422847773427,10.363037799187325,179.09082129535545,101.86922765409447,56.83868987149453,33.83333333,0.4636328518142186,6.95449277721328
4/29/2015,Tomato,Sandy Loam,6.9452994047217125,22.853754770513973,84.0899205690956,10.49052939857669,182.55116160168126,90.32486886418907,68.48436869685321,21.75,0.6020464640672507,9.03069696100876
4/30/2015,Tomato,Sandy Loam,6.944608658659077,21.82723878175511,78.71487464660967,7.48549557947796,181.686286238462,104.57556108901295,50.48781986220193,13.29166667,0.5674514495384803,8.511771743077205
5/1/2015,Tomato,Sandy Loam,7.130147981365219,21.15291620645667,83.5329881612914,10.215430327681815,188.02316020981976,96.47060824970983,61.62849789738174,13.29166667,0.8209264083927912,12.313896125891867
5/2/2015,Tomato,Sandy Loam,7.207100455916633,23.73640770576955,80.68264517216886,5.235947138632017,170.90892760682917,103.30111978013262,60.97865048998675,21.75,0.1363571042731663,2.0453565640974944
5/3/2015,Tomato,Sandy Loam,5.654543452534354,23.649615605620387,79.55755244142347,9.31743742324926,175.61926379184462,101.13156857004307,54.38640802422764,58.0,0.3247705516737842,4.871558275106764
5/4/2015,Tomato,Sandy Loam,6.186534314144808,23.912394447818016,73.28123880426682,10.726228231899151,189.0082296815312,96.85461850855815,58.57774862700421,42.29166667,0.860329187261247,12.904937808918705
5/5/2015,Tomato,Sandy Loam,6.874245040719611,23.149581528664214,71.49589005726737,6.819956213541093,187.80527567781832,92.69152534208216,63.045280118875404,58.0,0.8122110271127331,12.183165406690996
5/6/2015,Tomato,Sandy Loam,6.497172574782424,23.04816353320591,81.92554744945838,7.565585062489514,179.11313505571425,91.88837795320961,64.54262393763855,58.0,0.4645254022285704,6.967881033428556
5/7/2015,Tomato,Sandy Loam,5.881351893509583,22.677009210224494,83.1078646585801,7.195310198156194,182.40265195603072,106.63036666224447,50.0143371741316,42.29166667,0.5961060782412294,8.941591173618441
5/8/2015,Tomato,Sandy Loam,6.605419140333396,21.377827249057567,74.03764987301864,5.705579552654242,175.54762365962264,108.36795084163116,68.73706860182031,13.29166667,0.3219049463849062,4.828574195773593
5/9/2015,Tomato,Sandy Loam,6.314871305532288,21.56770593284781,65.1812619637329,8.4785732114009,173.76242319447522,102.99576093528599,53.29050744785625,13.29166667,0.250496927779009,3.757453916685136
5/10/2015,Tomato,Sandy Loam,6.28007655530861,21.86840906601761,80.85062117812942,14.789657664519394,179.27396809879963,92.06868229720966,54.671608684447186,42.29166667,0.4709587239519858,7.064380859279787
5/11/2015,Tomato,Sandy Loam,7.119507434871328,23.670469087720182,70.70137680944583,8.5388040646361,177.06704456052105,98.04054433776481,55.26946891387696,42.29166667,0.3826817824208423,5.740226736312634
5/12/2015,Tomato,Sandy Loam,6.315196667664362,21.518908573809224,65.19775730033841,9.605366218369756,181.67312223701745,104.57878400210315,50.75640273104071,21.75,0.5669248894806976,8.503873342210465
5/13/2015,Tomato,Sandy Loam,5.552909010960848,23.76861952346367,81.09977117952243,11.530872509563752,171.5546927392997,105.59641768020137,52.4610424718065,13.29166667,0.1621877095719879,2.4328156435798185
5/14/2015,Tomato,Sandy Loam,5.616126677782183,22.568357199154253,75.34828377633796,11.48497751169107,189.48789615332333,92.36437244582177,69.72699845888324,58.0,0.8795158461329332,13.192737691993996
5/15/2015,Tomato,Sandy Loam,7.21248808338324,23.146708906419217,78.70421492676938,14.498949800186242,189.72421488959205,90.00061437690765,56.304334747545724,13.29166667,0.8889685955836824,13.334528933755236
5/16/2015,Tomato,Sandy Loam,7.421201620025043,21.3307334600417,83.29379642288956,13.575641403991252,183.96323428039491,104.2427409176121,52.30602180678099,21.75,0.6585293712157961,9.877940568236944
5/17/2015,Tomato,Sandy Loam,6.876818672911416,21.807100646327733,75.82347660276211,12.939506871051522,180.7219273268824,97.13192351972411,52.139825223492466,13.29166667,0.5288770930752963,7.933156396129444
5/18/2015,Tomato,Sandy Loam,6.22873658820016,23.87555582454428,75.06388145157932,14.516272257783106,176.19055232572654,95.08962663236521,64.38919935339943,21.75,0.3476220930290622,5.214331395435933
5/19/2015,Tomato,Sandy Loam,7.377200631589455,21.798449840789193,70.81324242696527,7.307653854831716,186.27590039413897,90.2579493957905,67.09137328065282,33.83333333,0.751036015765559,11.265540236483384
5/20/2015,Tomato,Sandy Loam,6.825606172751471,21.889565161173437,71.10387668879905,11.170541946217924,183.69462345107758,100.80598813523,55.1390459901694,58.0,0.6477849380431034,9.71677407064655
5/21/2015,Tomato,Sandy Loam,7.188667098398676,21.592792154523238,80.93084132059292,13.871967667221565,173.25233878689784,107.02301470851964,50.4181902467047,13.29166667,0.230093551475913,3.451403272138696
5/22/2015,Tomato,Sandy Loam,7.031704608074019,21.38722099592049,73.98058491171874,11.24138158278102,188.21854368987684,109.15263292545175,54.46180036890712,42.29166667,0.828741747595074,12.43112621392611
5/23/2015,Tomato,Sandy Loam,6.258278631545185,21.699772924361994,68.27052417216241,14.774204746068696,186.4507448584634,101.31489901226578,51.130313815935146,13.29166667,0.7580297943385352,11.370446915078029
5/24/2015,Tomato,Sandy Loam,6.457404401701571,22.926980675852395,66.89057528000991,6.00352713906379,188.99599826583847,100.28922655479788,52.06789873260083,13.29166667,0.8598399306335393,12.897598959503089
5/25/2015,Tomato,Sandy Loam,5.872264308736199,22.36610320051069,74.45840233723558,9.393305027932003,184.5143901677672,91.70112770978483,58.63016239695285,42.29166667,0.680575606710688,10.20863410066032
5/26/2015,Tomato,Sandy Loam,6.084028200881468,22.661267509013697,74.29910047235461,14.773629079086362,182.2683039187158,100.977456030852,54.59836741723265,13.29166667,0.5907321567486319,8.860982351229477
5/27/2015,Tomato,Sandy Loam,7.056251322573043,21.367094486298072,78.06916556410792,8.795680285699259,178.36486072581238,97.5995815793079,60.31891757050847,13.29166667,0.4345944290324951,6.5189164354874265
5/28/2015,Tomato,Sandy Loam,7.287956783766217,23.4063493414887,74.42134955490282,12.395563750993045,188.65456966708027,102.14270561767154,55.069875065143805,21.75,0.8461827866832107,12.69274180024816
5/29/2015,Tomato,Sandy Loam,6.948920846502824,23.352284101739542,67.86951408268429,5.304029010786492,187.32127779000817,97.77452695753094,68.81074602205895,13.29166667,0.7928511116003267,11.892766674004902
5/30/2015,Tomato,Sandy Loam,6.430347393313276,21.064769733428026,75.15605769597028,11.948371146303131,170.90437340212378,94.80598246900733,68.11887935852529,21.75,0.1361749360849515,2.0426240412742733
5/31/2015,Tomato,Sandy Loam,5.673018537879495,22.150545283530914,83.1357880777205,14.346267325275784,170.52733948994504,91.89930550456754,61.33612210020932,33.83333333,0.1210935795978016,1.816403693967024
6/1/2015,Tomato,Sandy Loam,5.613895897396897,21.206311805913444,68.18882823240425,8.827062851900028,177.52926733756098,96.29836889177791,57.08847983974772,33.83333333,0.4011706935024397,6.017560402536596
6/2/2015,Tomato,Sandy Loam,6.248651129225708,23.376317338244874,78.79509281955498,5.212998379269295,186.21106661563667,91.93289668575504,57.622937640694715,21.75,0.7484426646254664,11.226639969381996
6/3/2015,Tomato,Sandy Loam,6.427643437535326,23.211809049377113,76.87718529931053,5.279098043954838,189.74552258629888,93.53793901647968,58.23704566288994,13.29166667,0.8898209034519556,13.347313551779337
6/4/2015,Tomato,Sandy Loam,6.7182412444265935,23.705964282879467,79.97171453423606,13.92023305711089,173.00833782207056,109.74672317159092,64.55158644269888,33.83333333,0.2203335128828225,3.305002693242338
6/5/2015,Tomato,Sandy Loam,5.512979042773995,21.709211876859342,68.01200546855185,12.225161070962615,181.8826143070427,98.88207113813237,59.03277991037676,13.29166667,0.5753045722817082,8.629568584225623
6/6/2015,Tomato,Sandy Loam,7.479445780932613,22.368887649383396,83.83210673811989,6.066863842265798,177.61781713262042,100.63743533010033,67.13459893011795,13.29166667,0.4047126853048172,6.070690279572258
6/7/2015,Tomato,Sandy Loam,6.227877766808086,21.553463631493194,77.41932855534317,5.545902770511965,189.39828795629205,107.4723705747443,68.8818957186073,13.29166667,0.8759315182516826,13.138972773775238
6/8/2015,Tomato,Sandy Loam,7.196189327602243,22.11370480342236,81.94142275382274,13.048253636154794,186.84237846271418,109.91137800981376,56.71892306757868,33.83333333,0.773695138508567,11.605427077628503
6/9/2015,Tomato,Sandy Loam,6.569933411330808,22.566729754700653,69.93213527360471,13.09860632805359,186.76657409422276,101.65428898689363,61.2138896275136,58.0,0.7706629637689103,11.559944456533657
6/10/2015,Tomato,Sandy Loam,5.760878909066693,21.159992369515766,79.78825778795922,6.20521839792049,179.37386319589942,106.24947642088344,51.90113073665129,58.0,0.4749545278359762,7.124317917539644
6/11/2015,Tomato,Sandy Loam,7.0951311050690435,23.144611232032155,80.62061408667839,8.015204038886367,178.29639004675332,96.5388204867335,54.00938095532718,58.0,0.4318556018701321,6.477834028051983
6/12/2015,Tomato,Sandy Loam,6.919654149839753,22.629880081113225,72.94870544774152,12.800260645738897,175.4681414386141,96.11487914894582,58.2693153342032,13.29166667,0.318725657544565,4.780884863168475
6/13/2015,Tomato,Sandy Loam,6.554872169858456,23.48687705163202,72.67906905766844,10.254120709540064,171.12750993301853,98.05407441989121,54.124054318035576,33.83333333,0.1451003973207417,2.1765059598111254
6/14/2015,Tomato,Sandy Loam,6.52910618266756,21.815341503573592,78.15592530051498,14.565848607252994,187.29444752510108,103.45014525347298,67.53120981577435,42.29166667,0.7917779010040426,11.876668515060638
6/15/2015,Tomato,Sandy Loam,5.674959211501856,23.709963315807762,66.86815363520432,9.81062645346005,186.25802018260154,103.64383378510198,53.165725121181964,21.75,0.750320807304062,11.25481210956093
6/16/2015,Tomato,Sandy Loam,6.811697897147749,23.99608275909133,79.71248300435018,11.769579375655129,189.9943534657226,96.30478869298902,59.11321643106184,13.29166667,0.8997741386289045,13.496612079433568
6/17/2015,Tomato,Sandy Loam,7.3224903115085995,23.757895315133023,65.85773519678821,10.097833657415842,189.9327367414781,92.66419848273257,62.11398480919751,42.29166667,0.8973094696591243,13.459642044886865
6/18/2015,Tomato,Sandy Loam,5.686489838442717,23.333677427499463,68.81180602241652,14.429654956850458,181.10863411205256,102.64792512931017,63.83727816321689,42.29166667,0.544345364482102,8.165180467231531
6/19/2015,Tomato,Sandy Loam,6.02702290129781,23.437106408621343,78.28287514482734,8.98659092067609,185.3797483036102,92.5665172437753,57.66138739453014,33.83333333,0.7151899321444084,10.727848982166126
6/20/2015,Tomato,Sandy Loam,7.304615946884198,22.72123272763376,66.96647334183928,7.297964551786,188.89531459764856,101.5698501645866,67.38198137449457,21.75,0.8558125839059424,12.837188758589136
6/21/2015,Tomato,Sandy Loam,6.068687819639587,21.57046158873783,84.43684182953581,8.266338602809931,186.99294781354823,103.86844256112619,61.36638302155851,33.83333333,0.7797179125419292,11.695768688128938
6/22/2015,Tomato,Sandy Loam,6.807887344359853,23.031122055443152,82.36792418923801,13.527752041652292,174.94696203486396,104.01222992788904,58.79015560895104,58.0,0.2978784813945581,4.468177220918372
6/23/2015,Tomato,Sandy Loam,6.569636329886288,23.138259006179794,77.52604664813472,9.979385635121334,179.01088270620187,105.06944221319193,51.344812681040736,33.83333333,0.4604353082480749,6.906529623721124
6/24/2015,Tomato,Sandy Loam,6.692655210007724,23.956155420803718,81.381149113387,8.542523035022391,172.58318830302989,107.45718843131328,59.293789368903305,42.29166667,0.203327532121196,3.04991298181794
6/25/2015,Tomato,Sandy Loam,6.331577803154506,22.623903948768966,82.75160097179136,10.442600218094828,189.08102054517445,99.99917983929576,66.41471681631461,58.0,0.8632408218069779,12.94861232710467
6/26/2015,Tomato,Sandy Loam,6.099982941107422,21.81410704507517,70.18951299143637,6.332297072768424,182.1234926890176,104.60498379059142,62.29082036442631,33.83333333,0.584939707560704,8.77409561341056
6/27/2015,Tomato,Sandy Loam,5.597066901459338,23.05101756521852,81.98823175898639,5.053593046255961,174.57285611006927,102.38345470731673,66.64324907458237,42.29166667,0.2829142444027702,4.243713666041553
6/28/2015,Tomato,Sandy Loam,6.988561878588328,23.938127458999364,68.89587567275204,7.805846836934908,183.43401368811715,93.73279879595366,59.88023341198611,21.75,0.6373605475246854,9.56040821287028
6/29/2015,Tomato,Sandy Loam,6.992186924388454,21.531641724807283,73.2668452829763,11.050057197835423,182.3625648091579,90.51379289738816,52.36923410188964,58.0,0.5945025923663166,8.91753888549475
6/30/2015,Tomato,Sandy Loam,6.841451480157446,21.977993755606807,76.16519262497198,12.116807696613872,177.16325436065682,95.69082771353868,50.272796916717624,33.83333333,0.3865301744262724,5.797952616394087
7/1/2015,Tomato,Sandy Loam,6.787267576239241,22.625642861318042,79.27781926148064,13.266109663519666,172.27115184399258,98.86067412675239,56.06439093437182,42.29166667,0.1908460737597032,2.862691106395548
7/2/2015,Tomato,Sandy Loam,5.987434264335052,21.510643904646013,65.60282635445056,14.266635593944695,183.43146391185599,102.34211888857313,63.959809429955854,58.0,0.6372585564742397,9.558878347113597
7/3/2015,Tomato,Sandy Loam,5.544689867532583,21.066661918559817,70.81018825556379,9.121123469647682,180.40615401807588,106.9991866100641,65.80519807883388,33.83333333,0.5162461607230346,7.74369241084552
7/4/2015,Tomato,Sandy Loam,7.117430793770879,22.010949367323754,77.1703819642078,12.405167995574546,185.4463678347128,93.92491433412332,55.91505669240659,58.0,0.7178547133885115,10.767820700827672
7/5/2015,Tomato,Sandy Loam,6.482277071391653,23.596112404503174,72.14737358298237,5.746729301980626,180.40327002223987,92.51099579796954,59.91307841766494,13.29166667,0.5161308008895947,7.741962013343921
7/6/2015,Tomato,Sandy Loam,6.113676261405237,21.130405197971143,80.50050111258987,5.5752999877208005,187.0436300063708,109.26959894948655,58.42237808868163,58.0,0.7817452002548321,11.72617800382248
7/7/2015,Tomato,Sandy Loam,5.70386381356114,22.28678717705075,78.03304322301432,6.2479799198615655,181.0381367754897,92.16089118752814,58.210455687028556,33.83333333,0.5415254710195885,8.122882065293828
7/8/2015,Tomato,Sandy Loam,5.625443181802777,23.286602318778247,69.68802907447471,9.485690978307623,181.21875943070773,99.56982140214379,54.62697426400301,13.29166667,0.548750377228309,8.231255658424635
7/9/2015,Tomato,Sandy Loam,6.197733443590355,23.859547790732655,67.91857959184667,7.112814384987499,187.5330720531669,101.71127457586604,52.727422100589166,58.0,0.801322882126676,12.01984323190014
7/10/2015,Tomato,Sandy Loam,7.109474129533881,23.956426197013297,77.58093987174101,7.869249419378158,178.06965732424794,100.82748841814876,53.93377116462426,58.0,0.4227862929699176,6.3417943945487645
7/11/2015,Tomato,Sandy Loam,7.337447498667661,22.265908141826223,74.00934655409516,11.478801735123026,172.6803045690128,91.72064314065886,51.10664774326692,13.29166667,0.2072121827605126,3.108182741407689
7/12/2015,Tomato,Sandy Loam,7.293502729226129,23.851152883137352,68.37914082202637,8.58522178802846,170.5756535262668,91.14053828007239,53.96261483647154,21.75,0.1230261410506711,1.845392115760068
7/13/2015,Tomato,Sandy Loam,7.34000166949931,21.10625691984259,71.52748410636755,10.573715577180222,185.1027451134724,92.10966854922071,50.18401795250759,42.29166667,0.7041098045388953,10.56164706808343
7/14/2015,Tomato,Sandy Loam,7.315450686258686,23.237750813995667,71.06093496637173,9.124037567365924,182.4061910270693,101.71175367745225,62.545168012719564,58.0,0.5962476410827717,8.943714616241575
7/15/2015,Tomato,Sandy Loam,6.554449503200791,22.92823810390084,67.16263944678751,6.689692555198196,184.08159536198448,100.88689775268642,56.32750814775366,21.75,0.6632638144793789,9.948957217190683
7/16/2015,Tomato,Sandy Loam,5.938831277113808,21.74856557275846,75.93818038530456,5.740199902558941,174.25928323017823,94.67481584073488,69.46289422853818,21.75,0.2703713292071286,4.055569938106929
7/17/2015,Tomato,Sandy Loam,7.096093165673641,22.521955502038946,80.27297267825108,7.3623149530988785,172.7274295117354,102.75548283691182,53.87434101552596,58.0,0.2090971804694158,3.1364577070412376
7/18/2015,Tomato,Sandy Loam,5.9274259497051585,21.388661213281488,76.50933777705974,5.577004694910444,170.29089331335763,106.40135004111299,56.91657140619188,58.0,0.1116357325343055,1.6745359880145831
7/19/2015,Tomato,Sandy Loam,6.034414553513138,23.614791452854682,81.52582729874705,11.186119598898069,177.01175117613195,90.83157919693187,57.15682317283066,13.29166667,0.3804700470452776,5.707050705679165
7/20/2015,Tomato,Sandy Loam,5.966508643645097,22.073694256636944,67.55137094430863,12.957176014661004,181.79835373709267,99.96259887096085,50.16902992124921,13.29166667,0.5719341494837065,8.579012242255597
7/21/2015,Tomato,Sandy Loam,6.529964807391612,22.87813341139715,73.71223715644447,8.39740768237401,177.84488090199466,103.7862082420538,66.78415906078918,21.75,0.4137952360797858,6.206928541196788
7/22/2015,Tomato,Sandy Loam,6.14365501633816,21.476328858861788,77.18830207316198,8.871110553523582,178.74949844047458,95.04623854139373,50.63988920288649,33.83333333,0.4499799376189832,6.749699064284749
7/23/2015,Tomato,Sandy Loam,5.808312099250683,21.61849453389362,78.52003121883814,13.161910627593066,188.08317388987496,96.15541810586298,68.80359669458483,58.0,0.8233269555949988,12.349904333924982
7/24/2015,Tomato,Sandy Loam,6.406346823787764,23.975869112409455,78.91572612846853,7.226129123735603,176.965109340466,102.27275805978768,67.84148702187241,33.83333333,0.3786043736186403,5.679065604279605
7/25/2015,Tomato,Sandy Loam,7.2478144775703335,23.259259183323987,79.57930854195762,6.191602651948742,180.2797897831962,107.95870586887474,60.71043832171927,42.29166667,0.5111915913278486,7.667873869917729
7/26/2015,Tomato,Sandy Loam,6.641105709899945,23.88591560932221,78.02859624392033,10.011181173310865,185.67306025482287,106.19848840605799,60.87191149822584,13.29166667,0.7269224101929145,10.903836152893716
7/27/2015,Tomato,Sandy Loam,7.256671211775174,21.887553495636134,66.88456177881736,11.461901695332372,177.9308556464254,101.66260438199167,63.07555845912313,33.83333333,0.4172342258570162,6.258513387855243
7/28/2015,Tomato,Sandy Loam,5.891744370158275,21.493688629859463,78.90611355204592,10.996544250464792,182.44173400455747,104.60443435514499,57.74100023869774,21.75,0.5976693601822988,8.965040402734482
7/29/2015,Tomato,Sandy Loam,5.833947747345108,22.50920539043649,79.49565313548776,12.138730452741807,187.24727417493492,97.29644940415598,62.94444566795711,58.0,0.7898909669973961,11.848364504960944
7/30/2015,Tomato,Sandy Loam,6.65115425139684,22.48400484668203,84.86959868667255,5.567511821730239,188.99041247315284,102.81931056197516,50.895367773769735,33.83333333,0.8596164989261137,12.894247483891704
7/31/2015,Tomato,Sandy Loam,6.426657803092546,21.524839541273963,78.86724873402252,9.282016127583727,172.94146961858075,99.32363182255114,51.08095254699453,58.0,0.2176587847432303,3.2648817711484552
8/1/2015,Tomato,Sandy Loam,6.820345283293914,23.19965870874423,78.73660791503097,7.385705239456931,188.53175250322988,93.79872272915122,59.144608392390886,33.83333333,0.8412701001291956,12.619051501937934
8/2/2015,Tomato,Sandy Loam,7.089253582053563,22.085332603316203,75.29626580363944,12.591212595460242,179.84232586159075,104.03476547754514,60.9924460221207,13.29166667,0.4936930344636305,7.405395516954458
8/3/2015,Tomato,Sandy Loam,7.0026145913043525,21.55909569279155,82.35845817170228,13.727304840603496,175.16488776597916,101.12929274697643,67.75635280671638,13.29166667,0.3065955106391667,4.598932659587501
8/4/2015,Tomato,Sandy Loam,7.384522347317122,21.995950183629866,84.93669523922317,7.813357408064149,179.18271512476522,97.17243163907183,52.093212678157926,42.29166667,0.4673086049906091,7.009629074859137
8/5/2015,Tomato,Sandy Loam,6.296512818314023,22.690976098905047,80.58089740394864,5.952180790694083,189.60065150570955,108.22678380157262,66.45295854387778,42.29166667,0.8840260602283817,13.260390903425726
8/6/2015,Tomato,Sandy Loam,5.912773484496362,23.179412796541328,77.25000755715617,7.534279619913969,179.8523618798574,90.41868235653466,54.20094674584139,42.29166667,0.4940944751942957,7.411417127914436
8/7/2015,Tomato,Sandy Loam,6.601825279895771,22.445672658172455,66.57909653863136,6.040084890589197,176.57503220575018,96.31546302498992,57.88167297020064,13.29166667,0.3630012882300065,5.445019323450098
8/8/2015,Tomato,Sandy Loam,5.721486240382371,22.57678496948512,79.53478263459255,8.224221661134537,182.66801708633452,91.13762795555293,56.332048696548256,58.0,0.6067206834533806,9.10081025180071
8/9/2015,Tomato,Sandy Loam,6.077702246663263,21.416837807828244,79.17123137163901,10.381985783218257,174.80291237556386,105.33054632443255,58.00310545730798,21.75,0.2921164950225544,4.381747425338316
8/10/2015,Tomato,Sandy Loam,5.915776110526289,23.744072774124696,80.51136295618863,14.736809543982064,171.5172665621733,104.04214908227586,53.00990996145171,42.29166667,0.1606906624869311,2.410359937303967
8/11/2015,Tomato,Sandy Loam,6.293127433594162,23.786172593976133,67.49110776798979,8.993702543513585,172.577594438213,96.62704437472634,60.0714014880711,13.29166667,0.2031037775285193,3.0465566629277907
8/12/2015,Tomato,Sandy Loam,5.722433150004431,23.05027977125401,78.07465000252287,7.200399238546211,172.56091677915546,103.51325804414147,66.03285179662734,21.75,0.2024366711662179,3.0365500674932697
8/13/2015,Tomato,Sandy Loam,5.563683489096196,21.052894226802074,70.91447809903349,6.668017403708351,173.03805387024588,97.918744523919,58.83068020757794,33.83333333,0.2215221548098355,3.3228323221475327
8/14/2015,Tomato,Sandy Loam,6.813588009260064,22.61122264770998,80.20542486805667,6.73039766138676,172.7765434529882,105.12507582844869,59.81227151796398,42.29166667,0.2110617381195281,3.1659260717929216
8/15/2015,Tomato,Sandy Loam,6.72049795657961,22.88765691626584,69.80747908062932,6.925976832614592,182.8174948960643,99.08367325473412,66.97535170562628,13.29166667,0.6126997958425717,9.190496937638576
8/16/2015,Tomato,Sandy Loam,6.916717872077323,23.98396266887433,78.67957353640821,12.62267022537447,173.6376016879829,98.2455945566333,64.12116229276062,33.83333333,0.2455040675193158,3.682561012789738
8/17/2015,Tomato,Sandy Loam,6.8207728805426875,23.98820086558439,70.89985893967959,5.610277114324199,176.91334566647726,108.69459830976602,59.8090881703957,21.75,0.3765338266590906,5.648007399886359
8/18/2015,Tomato,Sandy Loam,5.728589362284767,23.57283370597667,65.17988585634862,14.974027069430342,187.93576819812023,95.017581997814,55.1539129637836,21.75,0.8174307279248095,12.261460918872142
8/19/2015,Tomato,Sandy Loam,6.082157762751293,21.19149297607834,77.66715823946191,10.226863911662612,179.47923280525745,92.40894679993131,67.69853493689934,33.83333333,0.4791693122102979,7.187539683154468
8/20/2015,Tomato,Sandy Loam,5.7590532198007045,23.85982917233619,67.26538166317845,10.442718943008256,183.35115477042055,101.69086226518917,61.54040803381117,13.29166667,0.6340461908168218,9.510692862252329
8/21/2015,Tomato,Sandy Loam,7.185944804097126,22.837983741455997,78.18582945576428,8.575638786996048,173.4463974240326,109.38643624568357,54.422952202213864,33.83333333,0.2378558969613038,3.567838454419558
8/22/2015,Tomato,Sandy Loam,6.9938073107110466,23.40266031143754,83.51218896713874,11.902553594121205,173.84578037617342,97.55678427454373,55.38239505276021,21.75,0.2538312150469366,3.807468225704049
8/23/2015,Tomato,Sandy Loam,5.903054005836485,22.22157854905756,84.3849186842218,9.714563408807976,170.8173723253296,91.24073527257563,66.06266177872492,42.29166667,0.1326948930131831,1.9904233951977464
8/24/2015,Tomato,Sandy Loam,6.182618480979787,21.95900841370377,69.71846174655225,8.290612849645498,173.3787012614433,96.78610534619135,50.882911241749106,21.75,0.2351480504577316,3.527220756865975
8/25/2015,Tomato,Sandy Loam,7.433229984528428,22.389732436451425,81.18506455301309,7.651384037080429,175.57180678063918,100.11863308639117,69.8418437405764,13.29166667,0.3228722712255669,4.843084068383504
8/26/2015,Tomato,Sandy Loam,6.688318715759303,21.44062353890648,72.0710655374488,14.256512069332596,173.54020968553493,93.23846013264428,52.607033594295835,42.29166667,0.2416083874213974,3.624125811320962
8/27/2015,Tomato,Sandy Loam,7.102311194602315,22.071198416259918,83.00914145495965,7.909895150524202,171.77405067514113,103.16204436112984,65.92137050793875,33.83333333,0.1709620270056445,2.564430405084668
8/28/2015,Tomato,Sandy Loam,6.029182069537458,23.572852499304837,80.74979137258748,9.36393259429842,172.412717422012,109.95498778020401,57.89550633543366,42.29166667,0.1965086968804806,2.94763045320721
8/29/2015,Tomato,Sandy Loam,5.920105840358611,21.113851458782644,66.47843433291527,8.503414021164684,179.21557536065453,99.03478951962887,59.844323665749336,13.29166667,0.4686230144261806,7.029345216392709
8/30/2015,Tomato,Sandy Loam,7.067833857693097,21.452634140473812,73.14273987754555,5.861788274280359,174.12667436811586,97.09457113460425,67.61301154929156,58.0,0.265066974724634,3.976004620869511
8/31/2015,Tomato,Sandy Loam,6.87174491046288,21.375348478948457,71.74635652019349,6.859343944822671,177.2853972209615,98.01408333668934,58.25822379178426,21.75,0.3914158888384603,5.8712383325769055
9/1/2015,Tomato,Sandy Loam,6.861955858423528,22.209226628100684,80.70362041446555,6.895019753263821,180.06834541709713,92.30292356790402,60.74987507346469,21.75,0.5027338166838855,7.541007250258282
9/2/2015,Tomato,Sandy Loam,6.605269163658388,23.990960702672584,73.20571421306317,11.936495143896549,183.8078965725873,107.66547202852448,50.9859932481834,33.83333333,0.6523158629034922,9.784737943552384
9/3/2015,Tomato,Sandy Loam,6.627156685553098,21.520073790634147,78.69176795306167,9.065854099658091,170.78624279682197,98.29651311042704,50.04694947734906,58.0,0.1314497118728791,1.9717456780931872
9/4/2015,Tomato,Sandy Loam,6.9713950106125075,21.43644794879778,77.0487051118088,12.819675630706586,185.98820797818087,97.74548822849682,54.89599746003452,42.29166667,0.7395283191272342,11.092924786908512
9/5/2015,Tomato,Sandy Loam,6.04000496224239,23.745167189328463,84.51277438195268,12.08950924334157,182.55800778981816,103.19380545860949,63.61166185837534,42.29166667,0.6023203115927263,9.034804673890894
9/6/2015,Tomato,Sandy Loam,6.205536931713912,23.646151550897898,83.75569913603229,6.920497663960377,171.63518063897743,98.84066841862247,52.425297867182735,21.75,0.1654072255590975,2.481108383386463
9/7/2015,Tomato,Sandy Loam,7.24327354104011,21.096721109989662,73.55399029477438,10.629169201201004,187.47157248213554,102.96466937615692,52.27523917609099,42.29166667,0.7988628992854218,11.982943489281327
9/8/2015,Tomato,Sandy Loam,6.117730402024316,23.255117880537945,79.47156423282298,12.429088460488028,188.41744801063626,91.22892580261575,58.219212160718065,13.29166667,0.8366979204254505,12.550468806381758
9/9/2015,Tomato,Sandy Loam,6.592619142758598,22.966397104429287,81.58920187962444,11.33042923475723,171.22155919709726,106.27446687444456,62.95674077216453,42.29166667,0.148862367883891,2.232935518258365
9/10/2015,Tomato,Sandy Loam,6.905278928013368,23.303222429558126,82.9777150772429,11.000165080879809,175.53755296294406,108.81007905758806,64.2414398449586,13.29166667,0.321502118517763,4.822531777766445
9/11/2015,Tomato,Sandy Loam,7.499849653666353,22.483507364387766,66.36268527552967,12.39610887400768,186.1240255958612,102.97530772318771,53.569013481967495,21.75,0.7449610238344491,11.174415357516736
9/12/2015,Tomato,Sandy Loam,6.370582662990664,23.974137655344887,71.04157598546993,5.5678073925630684,184.96519380767316,109.09131857717621,51.59176294744085,13.29166667,0.6986077523069267,10.4791162846039
9/13/2015,Tomato,Sandy Loam,6.356185753249887,21.13154105613289,71.40460081937044,12.31421947361433,173.69042038712755,93.02864628739927,68.80794067891088,58.0,0.2476168154851018,3.714252232276528
9/14/2015,Tomato,Sandy Loam,7.185176758867335,21.703114759211417,73.68891902439758,7.726552631534283,174.1869864667342,99.54832378960708,55.21332765124203,33.83333333,0.2674794586693683,4.0121918800405245
9/15/2015,Tomato,Sandy Loam,7.111006222519727,22.189637960920845,68.38529501430838,10.71872254509354,177.40944205582764,102.03613467890895,67.06692995217448,58.0,0.3963776822331056,5.945665233496585
9/16/2015,Tomato,Sandy Loam,6.962151763469097,22.34933382469711,74.92411759900017,7.423049946965074,179.69045970382044,101.63473294842373,67.26982900925637,13.29166667,0.4876183881528171,7.314275822292257
9/17/2015,Tomato,Sandy Loam,6.426459274818058,23.764102208098556,78.26428654596913,13.388175722068375,182.36509543060592,98.02923558178087,65.45045183525089,58.0,0.5946038172242368,8.919057258363553
9/18/2015,Tomato,Sandy Loam,6.147878240321432,22.680013092231775,74.94727840433436,9.80559354300756,177.37827279139546,96.76168818732523,53.3766721330514,33.83333333,0.3951309116558179,5.926963674837269
9/19/2015,Tomato,Sandy Loam,6.717460965169697,21.13533298656118,78.31586190395231,11.429412120249836,179.25069432266295,92.53648045100837,66.43602918508401,33.83333333,0.4700277729065183,7.050416593597775
9/20/2015,Tomato,Sandy Loam,7.252446586263282,22.223588890276986,66.328832636358,12.94082043476728,184.94941876267512,97.83484901124557,65.38501118483174,13.29166667,0.6979767505070053,10.46965125760508
9/21/2015,Tomato,Sandy Loam,7.267554916417173,22.24947123710721,82.5197466341482,13.953152550713645,170.73366405781195,93.2532163021097,61.934459802124344,58.0,0.1293465623124783,1.9401984346871748
9/22/2015,Tomato,Sandy Loam,5.716996690140877,23.896472815313356,83.78138384202137,12.32062097069341,175.04873888688041,104.68731352984437,56.744040703379056,21.75,0.3019495554752166,4.5292433321282495
9/23/2015,Tomato,Sandy Loam,6.3567005676263015,22.797591273063325,77.35814848237297,6.487685761904057,184.26699171769104,94.1766187098918,55.25017208533088,58.0,0.670679668707642,10.06019503061463
9/24/2015,Tomato,Sandy Loam,6.429443912397499,22.906953213476818,82.62781997273794,13.545323695857864,187.90413675374398,91.17130610569068,52.437784241607176,13.29166667,0.8161654701497595,12.242482052246393
9/25/2015,Tomato,Sandy Loam,7.455230735047507,23.139759093753813,67.62892033296424,11.185779158655064,180.23354884231333,101.04732275634468,60.19514133801743,21.75,0.5093419536925329,7.640129305387993
9/26/2015,Tomato,Sandy Loam,6.855996030485169,23.31011794704637,80.9489784015262,11.094497583802736,180.64226970530632,101.90459465438803,61.70521751019693,13.29166667,0.5256907882122526,7.885361823183788
9/27/2015,Tomato,Sandy Loam,6.314492834524141,22.905153210607466,67.38296386945188,14.213405598049215,172.14344022679552,107.4382612256101,57.18677981031574,33.83333333,0.1857376090718208,2.7860641360773126
9/28/2015,Tomato,Sandy Loam,5.552115771971186,21.711583053401807,73.16020462995073,7.488315556658831,178.94824733646908,101.53963224835364,59.50718135361737,21.75,0.4579298934587638,6.868948401881457
9/29/2015,Tomato,Sandy Loam,6.630770320198392,23.622137743023494,71.4763706911655,7.395876184940333,180.65234532910046,96.90961707446891,57.270289147385334,42.29166667,0.5260938131640186,7.891407197460279
9/30/2015,Tomato,Sandy Loam,5.6921519512767125,23.19635940123189,76.71183650440909,10.131935546949618,174.84941007269458,106.06023763052642,62.820121146414024,42.29166667,0.2939764029077837,4.409646043616756
10/1/2015,Tomato,Sandy Loam,7.168899914695526,23.225611455290867,71.03029070479067,12.508630665348653,175.38486461898762,100.80557786374843,68.02518415593127,58.0,0.3153945847595047,4.730918771392572
10/2/2015,Tomato,Sandy Loam,7.005037321140724,23.989670217704248,77.74627259334265,9.472407082285091,177.54568326209244,91.58560569262383,53.278405240938895,13.29166667,0.4018273304836981,6.027409957255472
10/3/2015,Tomato,Sandy Loam,6.4210183198163575,23.407579604589948,72.34774578303916,11.338913898924025,170.40142395555452,101.31701120626494,57.62817619806247,42.29166667,0.1160569582221811,1.7408543733327164
10/4/2015,Tomato,Sandy Loam,6.3584215590834,23.48745420946546,82.2158076206093,9.525247242227188,176.44158331166358,108.16037090843325,52.817372079017225,21.75,0.3576633324665427,5.36494998699814
10/5/2015,Tomato,Sandy Loam,7.294677931137537,23.854216547130477,77.67767680439223,11.103871804869687,174.2289601399309,97.92625250996441,62.498875408156636,13.29166667,0.2691584055972357,4.037376083958535
10/6/2015,Tomato,Sandy Loam,6.076916700836257,21.45340199954668,69.30596594642893,13.22262302613711,176.5499470435583,95.926516037996,64.57741018977191,58.0,0.3619978817423317,5.429968226134976
10/7/2015,Tomato,Sandy Loam,5.998039924213542,22.493182129434203,71.72258844056174,6.804766960909233,172.39524263638503,92.8693891403604,68.63825465194913,58.0,0.195809705455401,2.937145581831015
10/8/2015,Tomato,Sandy Loam,7.378394865651524,22.74170107077236,81.94841775253312,11.953785340059842,187.8105456147979,93.02891043870714,55.5774385252193,21.75,0.812421824591916,12.18632736887874
10/9/2015,Tomato,Sandy Loam,7.118491673506965,21.987827187667374,72.72959499974917,12.874257393381832,181.871849071081,98.65542968683638,69.00422411730861,33.83333333,0.574873962843239,8.623109442648586
10/10/2015,Tomato,Sandy Loam,7.141251186134389,23.518210031683516,75.7159813113129,9.471114074817825,183.58204638288979,101.91359648323059,51.265253436413495,33.83333333,0.6432818553155917,9.649227829733874
10/11/2015,Tomato,Sandy Loam,5.890387628551851,23.287258864937172,77.97883871904665,8.232335770678542,185.78342477214676,91.61230810339204,62.06027726729177,21.75,0.7313369908858707,10.97005486328806
10/12/2015,Tomato,Sandy Loam,5.786591982861869,23.162649223524372,71.95619299171834,5.135443239244021,179.96884397858113,108.79137178050331,51.142654386866596,13.29166667,0.4987537591432458,7.481306387148687
10/13/2015,Tomato,Sandy Loam,5.55205909963427,23.9914483192745,70.87957261516136,12.971050223340937,171.73840576174848,105.10267234890392,67.87548375523889,33.83333333,0.1695362304699389,2.5430434570490843
10/14/2015,Tomato,Sandy Loam,5.97408301783736,21.77814412022517,74.50509805216058,8.27938659035988,180.74213083637096,101.73247836567326,60.59618114140108,42.29166667,0.5296852334548382,7.945278501822573
10/15/2015,Tomato,Sandy Loam,7.0483809834286495,23.206371755026264,69.29761944185579,8.573094694080503,181.7368223604176,106.56877341877981,63.38696701525592,13.29166667,0.5694728944167033,8.54209341625055
10/16/2015,Tomato,Sandy Loam,5.9800768375282995,22.654213424717703,70.68421173838126,8.360061630988122,184.9087894836866,91.60373513624226,66.63147851820905,21.75,0.696351579347464,10.44527369021196
10/17/2015,Tomato,Sandy Loam,6.958206567189753,21.938967547481628,66.24156968064072,9.98739330812338,178.63319092459358,99.53677755466249,53.006212449679374,33.83333333,0.4453276369837435,6.679914554756153
10/18/2015,Tomato,Sandy Loam,6.003816530734843,21.481760612169378,71.0794055194201,12.02499573219077,172.55160605591126,102.60186253723327,50.77183123876268,58.0,0.202064242236451,3.0309636335467656
10/19/2015,Tomato,Sandy Loam,6.290584995901344,23.687651511202642,71.41408186727139,12.718631310005108,175.67551811597448,106.57305812236578,67.57762291825705,21.75,0.3270207246389796,4.905310869584694
10/20/2015,Tomato,Sandy Loam,7.466324579822817,22.786366448123538,84.23666332582638,8.925707204031584,177.2616459279727,105.66939120098536,56.29866454917865,13.29166667,0.3904658371189081,5.856987556783622
10/21/2015,Tomato,Sandy Loam,5.989623462568272,23.474801512922383,76.79457650931761,11.63102035045169,182.91834482663202,95.54138499426799,52.579578158543306,58.0,0.616733793065281,9.251006895979216
10/22/2015,Tomato,Sandy Loam,6.252741254596535,22.636034952004636,80.74764850831612,12.206842502713153,181.41556609337823,108.8176033911841,59.36922474174173,58.0,0.5566226437351295,8.349339656026942
10/23/2015,Tomato,Sandy Loam,6.1021743609304275,21.65993124196206,65.90754505560645,7.969173316773816,177.12193451795693,92.48691682861741,61.96612151392038,13.29166667,0.384877380718277,5.773160710774156
10/24/2015,Tomato,Sandy Loam,5.719249972660005,22.012646439300976,67.13073387216744,5.966214695370933,189.73030497585958,107.50267237242304,50.6194120684502,13.29166667,0.8892121990343838,13.338182985515756
10/25/2015,Tomato,Sandy Loam,6.47978828426165,22.144616527420638,81.29073921725185,13.946657206444623,182.11549638713774,109.41880499209238,55.49791316514175,58.0,0.5846198554855098,8.769297832282646
10/26/2015,Tomato,Sandy Loam,6.257381326666005,23.918804437511106,77.47099098835271,11.771159717815928,174.7445358347199,93.54307046445251,50.655997485537924,42.29166667,0.2897814333887956,4.346721500831934
10/27/2015,Tomato,Sandy Loam,6.88977417161456,21.016899835144148,68.81964061080406,11.481104088762915,172.03564945240808,104.44132128407571,58.40670778390998,58.0,0.181425978096323,2.721389671444845
10/28/2015,Tomato,Sandy Loam,7.135189093903092,23.95699806907352,73.09590811723476,5.589025152119779,173.05718278368664,90.80571037555997,67.90200058132488,58.0,0.2222873113474656,3.3343096702119843
10/29/2015,Tomato,Sandy Loam,6.588499428991277,23.941384905329492,75.77344999963246,13.178730575039264,174.91915456769016,98.1084565027831,69.65304822987139,33.83333333,0.2967661827076065,4.451492740614098
10/30/2015,Tomato,Sandy Loam,5.564392844174674,23.98845237159041,81.87219658274884,10.660541560860532,173.2136274651911,100.32566598395348,62.740951070072555,13.29166667,0.2285450986076445,3.428176479114668
10/31/2015,Tomato,Sandy Loam,6.737844712469443,22.429764536758903,66.20823983388988,13.47884417317566,173.7313404810261,101.61290451819268,53.232753875691834,13.29166667,0.2492536192410446,3.738804288615669
11/1/2015,Tomato,Sandy Loam,5.610781460041879,23.891426908863,76.93444578734724,14.745611837367615,175.70190337387695,108.7187449649712,68.11698779998612,33.83333333,0.3280761349550777,4.921142024326166
11/2/2015,Tomato,Sandy Loam,6.73271264719805,22.18679754554948,79.34071843173368,14.571003208802422,173.4674719058951,103.4450137458839,60.32495646400121,21.75,0.2386988762358038,3.5804831435370583
11/3/2015,Tomato,Sandy Loam,6.870059898538377,21.07888332200516,84.5578371582092,13.560893463902076,187.9353084925285,99.62555902438474,53.07498624205836,58.0,0.8174123397011401,12.261185095517105
11/4/2015,Tomato,Sandy Loam,5.895535255235037,21.673041559115294,81.1432015658437,5.109473738313689,171.60467491323286,106.19350072531779,68.43453338903322,58.0,0.1641869965293138,2.462804947939707
11/5/2015,Tomato,Sandy Loam,7.1386922974435425,23.835888734812155,70.52454627130547,13.857272082369564,180.4902277914051,109.01065641908818,65.14938101446207,42.29166667,0.5196091116562037,7.794136674843056
11/6/2015,Tomato,Sandy Loam,7.322170263148097,21.0412940800062,79.19158387756531,5.750623138276455,178.20793653979322,90.44132297364581,64.63410545446303,33.83333333,0.4283174615917292,6.424761923875939
11/7/2015,Tomato,Sandy Loam,7.126173928227639,22.637982406268925,80.26555769853954,13.511939701767671,189.64757233817213,109.65042544512077,64.1836140758881,42.29166667,0.8859028935268851,13.288543402903276
11/8/2015,Tomato,Sandy Loam,6.110218380424165,21.226804766684037,79.5947099983679,7.801740686116236,172.24077804336105,91.7226427812736,54.00679642192885,42.29166667,0.1896311217344418,2.844466826016628
11/9/2015,Tomato,Sandy Loam,6.673286024891269,21.859189735282737,81.4028813590374,11.100683385333676,177.95711198091485,106.28773558537523,54.22013383415052,21.75,0.4182844792365933,6.274267188548899
11/10/2015,Tomato,Sandy Loam,7.3296302983824555,21.26427855213566,83.07459952427276,5.380682311498797,189.38940866550737,95.60669505102825,63.7658599685451,42.29166667,0.8755763466202952,13.133645199304429
11/11/2015,Tomato,Sandy Loam,6.141329452445699,23.57858586333917,66.9685973797868,12.71181696118228,187.3101425178796,92.64359315507744,54.394455002207934,42.29166667,0.7924057007151842,11.886085510727764
11/12/2015,Tomato,Sandy Loam,7.14005564453085,22.77321212894312,67.09527715362238,6.117061222329715,186.3414414189856,98.7971127942767,58.773433936060975,58.0,0.753657656759424,11.30486485139136
11/13/2015,Tomato,Sandy Loam,5.5189502625233935,23.70631939715494,80.92799977541291,9.10688171675772,175.1580565408988,102.87913158895228,65.64003651187883,33.83333333,0.3063222616359519,4.594833924539278
11/14/2015,Tomato,Sandy Loam,5.507293405569353,23.065059598620685,70.04744953042942,13.174460023253014,173.4177517478013,97.6190369004695,65.67905036195683,21.75,0.2367100699120526,3.5506510486807903
11/15/2015,Tomato,Sandy Loam,7.019423320677935,23.9130873937353,66.17082843900155,11.953489965083351,183.37286439848862,91.09130816565398,59.06523545051719,42.29166667,0.6349145759395448,9.523718639093172
11/16/2015,Tomato,Sandy Loam,7.022895164254242,22.52963296428122,73.02458361961212,5.0604269685806695,188.5875197825517,101.98922279317433,65.8437987655049,58.0,0.8435007913020687,12.65251186953103
11/17/2015,Tomato,Sandy Loam,7.0779543757045875,22.916131745288624,81.39753823652157,9.030323345425488,181.13525786027859,108.04806552221349,66.77243592396114,42.29166667,0.5454103144111438,8.181154716167157
11/18/2015,Tomato,Sandy Loam,7.360053675776324,22.72892645966717,67.53130047627961,5.41927516964508,181.432253789398,97.66430731894503,63.0955150256852,13.29166667,0.5572901515759199,8.359352273638798
11/19/2015,Tomato,Sandy Loam,5.735812623640569,22.45278128833984,78.43683943608934,11.734998608184693,175.5995818732057,94.32665555261654,54.5685170461684,13.29166667,0.3239832749282273,4.85974912392341
11/20/2015,Tomato,Sandy Loam,5.963969969967376,23.53787809626904,65.07231723543136,14.689484917533214,185.38985866383874,98.85154691865631,55.48023560771095,33.83333333,0.7155943465535496,10.733915198303244
11/21/2015,Tomato,Sandy Loam,7.307449840747616,22.93357540701108,67.194748944249,11.552612623007592,173.74087497115048,90.96725422097562,56.296823108174706,33.83333333,0.2496349988460187,3.74452498269028
11/22/2015,Tomato,Sandy Loam,5.854472395544707,23.40393679456642,72.01700691536973,7.243724311175558,176.47358472808486,106.4097516896055,52.33608215467904,33.83333333,0.3589433891233949,5.3841508368509245
11/23/2015,Tomato,Sandy Loam,6.864458535153168,23.35909180980724,66.67204562048828,8.552330320665401,178.50872877232834,106.52681621900373,55.4631924073989,58.0,0.4403491508931334,6.605237263397001
11/24/2015,Tomato,Sandy Loam,6.560926000081631,21.573135481965885,81.91803334874226,14.766505556584676,180.1522075736891,101.76000926859257,54.19038448625064,13.29166667,0.506088302947564,7.59132454421346
11/25/2015,Tomato,Sandy Loam,5.666387353703015,22.950490597552932,82.28141006290937,7.2405241203235,174.84819464830161,97.0620577787678,59.10657499617204,58.0,0.2939277859320642,4.408916788980963
11/26/2015,Tomato,Sandy Loam,6.0705273238830655,21.598944057544003,80.11141406199049,10.615290730544428,172.29673649478406,105.99566728891567,68.1687509574453,58.0,0.1918694597913628,2.8780418968704424
11/27/2015,Tomato,Sandy Loam,6.540744432881936,22.74996143473131,69.84959262791234,9.004538086817448,182.21240084883266,101.09374049576735,52.08960633507916,21.75,0.5884960339533061,8.827440509299592
11/28/2015,Tomato,Sandy Loam,7.204700233367668,23.0323040533389,75.4649415047996,12.683152979282216,175.77261106480512,106.51864617100033,64.40535847894792,21.75,0.3309044425922046,4.963566638883069
11/29/2015,Tomato,Sandy Loam,6.915076979229347,23.99170521476276,68.68377051046743,13.673892719798872,181.62476442845224,102.62917585166042,63.745660088262554,21.75,0.5649905771380899,8.474858657071348
11/30/2015,Tomato,Sandy Loam,6.743766322909866,21.091625934449215,70.62556900146221,8.408372743502968,173.08725430548404,105.68810946425594,51.91508397326715,13.29166667,0.2234901722193618,3.352352583290428
12/1/2015,Tomato,Sandy Loam,6.49206577988283,21.273727182341162,75.32010584347583,11.603963636993823,179.62280203709633,101.9712598643552,68.451448098116,33.83333333,0.484912081483854,7.27368122225781
12/2/2015,Tomato,Sandy Loam,6.097367967628268,21.231080089113693,79.70027616921595,10.490476975177272,180.65178865103172,98.28282136431332,61.36944404313639,33.83333333,0.5260715460412687,7.89107319061903
12/3/2015,Tomato,Sandy Loam,5.738489822638522,22.19508385880022,66.89308760787279,7.784444900554334,171.03647073644854,109.15891719852274,57.27451042271368,58.0,0.1414588294579415,2.121882441869123
12/4/2015,Tomato,Sandy Loam,6.318152069132191,23.46476508445744,70.93393395256172,7.719408028130017,176.7320855638784,100.8222764975769,65.13077166990614,21.75,0.3692834225551364,5.539251338327047
12/5/2015,Tomato,Sandy Loam,5.557036987822585,23.532168998361406,83.53242697143844,10.38631647532304,172.68829353877948,102.10179037081076,55.14730916803268,42.29166667,0.2075317415511794,3.112976123267691
12/6/2015,Tomato,Sandy Loam,5.922111778533701,23.210938787163457,73.58246635563776,6.540028735322998,171.26749940945535,94.40975278829498,63.87019674092641,33.83333333,0.1506999763782142,2.260499645673213
12/7/2015,Tomato,Sandy Loam,6.364966751745319,23.690634725489844,83.77739347818628,13.108098964824714,189.79920464779892,102.51301578854553,50.79422415144494,42.29166667,0.8919681859119563,13.379522788679344
12/8/2015,Tomato,Sandy Loam,6.33721037134383,21.968579832508357,84.82801083104272,5.69004839200402,176.44707689949445,101.43215298965887,66.78816075218543,33.83333333,0.3578830759797784,5.3682461396966765
12/9/2015,Tomato,Sandy Loam,5.588590861993985,21.264463932756897,75.53319652222832,5.945744862083163,186.1974889170927,93.6967679589405,58.96341694042637,33.83333333,0.7478995566837079,11.21849335025562
12/10/2015,Tomato,Sandy Loam,6.678120307050582,21.174459083969552,70.76088019569701,8.422263089272676,175.0928130952753,91.19174194706288,62.73385828715884,58.0,0.3037125238110111,4.555687857165166
12/11/2015,Tomato,Sandy Loam,6.599368511706473,23.55639815885816,80.81553617145158,6.180917581971333,183.6300544444786,102.08718639429543,54.424756396133674,21.75,0.6452021777791435,9.678032666687152
12/12/2015,Tomato,Sandy Loam,5.656208608041826,23.191308883061073,68.1862147105003,9.757000212554924,185.20455719779372,105.27384538700642,63.54147425316896,42.29166667,0.7081822879117493,10.62273431867624
12/13/2015,Tomato,Sandy Loam,7.386326104920879,23.095845918033362,70.04093719344141,8.996758904418703,181.9127748121569,100.46802741844016,65.44480551786553,13.29166667,0.5765109924862755,8.647664887294132
12/14/2015,Tomato,Sandy Loam,5.69876555790172,22.019029015637006,80.69759818998564,12.21809795885717,179.43152377100316,94.53545250639291,59.46426373768797,13.29166667,0.4772609508401267,7.158914262601901
12/15/2015,Tomato,Sandy Loam,7.209668302474672,22.13971556585468,73.6729184946406,14.530041552097204,178.23681828294536,103.3304395338607,62.354538481235885,42.29166667,0.4294727313178148,6.442090969767222
12/16/2015,Tomato,Sandy Loam,5.500619463830012,23.874340586697958,69.03075873975334,12.53558584739126,176.9773653308599,91.60211453219205,59.12651847644797,58.0,0.3790946132343963,5.686419198515945
12/17/2015,Tomato,Sandy Loam,7.264562190090766,21.191414232293805,78.02251489904648,6.794486628806044,188.59058288495652,98.83667409603909,67.88182738515691,13.29166667,0.8436233153982607,12.65434973097391
12/18/2015,Tomato,Sandy Loam,5.539439464408625,23.32119521081338,79.65523722763366,14.35521285464403,186.6123881557546,93.2673351679684,59.957383610286385,33.83333333,0.7644955262301834,11.46743289345275
12/19/2015,Tomato,Sandy Loam,7.015624063784232,21.92889997112518,67.50142478901138,8.921334325530673,189.30053821333024,93.68918102119767,66.83617418057638,21.75,0.8720215285332101,13.080322927998152
12/20/2015,Tomato,Sandy Loam,6.223381622600506,21.117163855237667,70.53960519949868,9.741893609269129,172.4859444697109,94.04587898316407,66.02704116540497,13.29166667,0.1994377787884358,2.991566681826537
12/21/2015,Tomato,Sandy Loam,6.97643360027264,23.227710332227367,69.42553510744466,9.215762373706356,184.61734950407288,97.73414114087956,58.21009642696713,13.29166667,0.6846939801629154,10.27040970244373
12/22/2015,Tomato,Sandy Loam,6.303490410849957,21.992735657035123,72.59709257524904,7.805470232877189,188.76680913642076,91.02300411240795,54.6016898371495,42.29166667,0.8506723654568303,12.760085481852457
12/23/2015,Tomato,Sandy Loam,5.641815844663683,23.16644255622839,80.2688979115213,13.950442877974838,173.6246613233132,97.95586881858196,58.121642651195415,42.29166667,0.2449864529325281,3.674796793987922
12/24/2015,Tomato,Sandy Loam,7.035013390790728,23.122963149354362,79.27416204548649,8.322388658966162,171.32992534733555,100.23414894229401,66.5243475155044,58.0,0.153197013893422,2.29795520840133
12/25/2015,Tomato,Sandy Loam,5.64250537064273,22.604360626299346,78.25047820767408,10.785964696795464,184.82241298580118,99.66588569932651,54.552650716387845,33.83333333,0.6928965194320472,10.393447791480709
12/26/2015,Tomato,Sandy Loam,7.344240871922436,23.332119387631646,65.12571091737182,7.400335843743302,181.48946226359823,97.65568200806081,60.488726917154985,42.29166667,0.5595784905439295,8.393677358158943
12/27/2015,Tomato,Sandy Loam,5.6019480715833225,22.74311497251373,67.84286626760779,12.973753747701805,186.83657553516545,106.78293216141505,66.12193495921495,42.29166667,0.7734630214066177,11.601945321099263
12/28/2015,Tomato,Sandy Loam,6.458650555543031,21.859910558544783,69.46595098204133,12.741986595291866,172.7954475325258,92.90653384841008,57.069549502567575,21.75,0.2118179013010316,3.1772685195154744
12/29/2015,Tomato,Sandy Loam,6.946068861701591,23.202345903193258,70.439116920777,7.96312138447044,185.90534623719782,100.11393487562748,62.84419274005395,42.29166667,0.7362138494879121,11.043207742318682
12/30/2015,Tomato,Sandy Loam,6.2864929295840755,22.76741944763317,67.928530832978,11.815540731434536,174.03254640095489,91.24082833913108,54.91263148097629,33.83333333,0.2613018560381956,3.9195278405729352
12/31/2015,Tomato,Sandy Loam,5.93446694918487,21.03818184506976,73.20631102947779,12.038735330949496,173.2731188573141,91.4231135775582,52.1855889073632,42.29166667,0.2309247542925636,3.4638713143884545
1/1/2016,Tomato,Sandy Loam,7.0181819227920546,23.704932533310927,66.50361170028052,10.625114161047662,173.28531595861986,101.47731699354193,65.88768450185712,13.29166667,0.2314126383447943,3.471189575171916
1/2/2016,Tomato,Sandy Loam,7.068589409577453,22.63693085497294,80.00044380775562,11.0059838227167,186.29149440462766,101.32036849775642,51.979372468174134,13.29166667,0.7516597761851057,11.274896642776586
1/3/2016,Tomato,Sandy Loam,7.345389967908734,23.605881796438595,80.7544157459221,10.744546382907956,183.303944413924,107.56067025688914,55.42762790159169,13.29166667,0.6321577765569601,9.482366648354402
1/4/2016,Tomato,Sandy Loam,6.252330220862156,23.648210516946733,76.48533379201797,5.818644039948456,180.46130849538238,101.15747351320147,67.1021884399488,13.29166667,0.5184523398152955,7.776785097229432
1/5/2016,Tomato,Sandy Loam,6.5125034689946535,22.334899970205264,66.79409754083936,11.70265344713785,177.17660968247006,109.195820408097,56.92938574157334,33.83333333,0.387064387298802,5.80596580948203
1/6/2016,Tomato,Sandy Loam,6.226256885692144,22.522979989353693,82.80166339093516,9.697750098386912,187.54401081626216,90.9738969679986,69.46090699028322,58.0,0.8017604326504867,12.0264064897573
1/7/2016,Tomato,Sandy Loam,6.014163643702736,22.247263163026805,84.3127165741623,9.384572805414136,177.8489021484527,91.96015369561482,69.5946866954772,13.29166667,0.4139560859381083,6.209341289071625
1/8/2016,Tomato,Sandy Loam,7.002065923075217,22.348310325924135,69.0472712064358,13.599992187818009,186.33198878943153,90.88131723140762,55.36552040907114,21.75,0.7532795515772617,11.299193273658926
1/9/2016,Tomato,Sandy Loam,6.179303690033911,23.685441476915184,79.09279638881439,5.2322671346111775,178.78269817140438,93.7055370066708,50.81956444499781,13.29166667,0.4513079268561747,6.769618902842621
1/10/2016,Tomato,Sandy Loam,6.356298883984704,23.364432041903733,81.83877261284971,7.513149179587551,177.53888858849814,100.82540221883356,64.10126568410759,33.83333333,0.401555543539926,6.023333153098891
1/11/2016,Tomato,Sandy Loam,6.307347315248055,21.379577028946734,75.79687045085404,6.214034998427463,179.25359571339212,102.91144362854857,59.01973005296688,42.29166667,0.4701438285356851,7.052157428035278
1/12/2016,Tomato,Sandy Loam,6.925322451293492,22.830923344620288,71.46646199053498,5.353410446097257,176.02755748328283,90.91170315897338,52.015056879191526,13.29166667,0.3411022993313136,5.1165344899697045
1/13/2016,Tomato,Sandy Loam,7.335591252221359,23.987719921159027,74.57117430160706,7.756769976759475,184.95218760352503,108.91941779691199,64.15045637956085,13.29166667,0.6980875041410008,10.471312562115012
1/14/2016,Tomato,Sandy Loam,6.833512122614755,22.786652103697456,75.24537501568904,14.884762727946775,180.05440780184958,106.84330753300762,50.62349818223842,58.0,0.5021763120739834,7.532644681109751
1/15/2016,Tomato,Sandy Loam,6.443165192188465,23.357614876779316,73.01274088376056,7.702291732075738,174.64425390293636,95.93224964314186,67.40393380984484,42.29166667,0.2857701561174538,4.286552341761808
1/16/2016,Tomato,Sandy Loam,7.058410229477767,23.307184420143514,83.59684987267413,11.637058197957714,187.99149146549138,91.54375060452936,52.77305058226607,21.75,0.8196596586196548,12.294894879294825
1/17/2016,Tomato,Sandy Loam,6.781942648244275,22.050952577616986,79.87766221885005,6.182988900407215,177.67782442746423,93.39774146438114,52.5462375749345,33.83333333,0.4071129770985692,6.106694656478538
1/18/2016,Tomato,Sandy Loam,5.621220714235627,22.11554790811188,69.82603284509928,11.0184763004723,180.87105722227977,92.53888827509945,53.513445959371694,33.83333333,0.5348422888911909,8.022634333367863
1/19/2016,Tomato,Sandy Loam,5.691327172837683,23.17222926537121,76.71114374639737,14.844814831383133,188.12944221929095,92.46567558597894,69.20532716984133,42.29166667,0.8251776887716376,12.377665331574564
1/20/2016,Tomato,Sandy Loam,5.575833888147267,22.499950594814507,78.77378301862335,7.918375234604653,182.48475991827985,100.37123377331469,63.86338720507692,42.29166667,0.5993903967311937,8.990855950967905
1/21/2016,Tomato,Sandy Loam,6.413632652412639,22.711712127391163,67.8031284340426,13.480756163755828,172.33796081416727,94.916948849868,66.02743070927274,33.83333333,0.1935184325666912,2.902776488500369
1/22/2016,Tomato,Sandy Loam,7.1517068686779295,23.13871737109451,72.16851484760298,14.975713803665355,188.7966424722695,97.16279433058288,57.95269971465506,33.83333333,0.8518656988907801,12.777985483361702
1/23/2016,Tomato,Sandy Loam,6.1261663387027046,23.33272508111715,83.11096563207832,10.88554088720744,182.55416106142835,109.79010666768644,56.726254550099114,13.29166667,0.6021664424571342,9.032496636857012
1/24/2016,Tomato,Sandy Loam,6.268320366184963,21.814549733199215,76.34346200370403,8.094011004280354,176.69811229314172,103.68628497850689,54.6896801356634,21.75,0.3679244917256689,5.5188673758850335
1/25/2016,Tomato,Sandy Loam,7.318954216735781,21.440381278310888,69.33995492120634,11.735312598991564,172.78544145326774,108.97961334094003,59.61296056624818,42.29166667,0.2114176581307098,3.171264871960647
1/26/2016,Tomato,Sandy Loam,7.17380689063331,21.875383940171176,67.45569596238302,13.448482062686187,185.88050378540592,92.85113110066231,61.03657467068337,21.75,0.7352201514162368,11.028302271243552
1/27/2016,Tomato,Sandy Loam,6.83009622476512,22.522614975276227,75.36453786949755,6.713502429619783,182.40145511857028,97.64278949665139,62.635496873055104,58.0,0.5960582047428108,8.940873071142162
1/28/2016,Tomato,Sandy Loam,6.033607564184503,22.02642395189112,75.95371446058289,9.525157638414534,180.66922183952644,101.09463606564708,55.14237007997389,42.29166667,0.5267688735810573,7.90153310371586
1/29/2016,Tomato,Sandy Loam,5.734082965376887,22.70508827654278,71.68828902709225,8.19187710123841,187.87785166101915,91.53516123777476,68.97308161805981,58.0,0.8151140664407661,12.22671099661149
1/30/2016,Tomato,Sandy Loam,5.532117645360227,21.160397172376886,77.60832056838237,7.833589969623799,185.77194422449062,90.08374887255916,53.39516996414272,21.75,0.7308777689796246,10.96316653469437
1/31/2016,Tomato,Sandy Loam,5.714021345208842,22.5292512348413,66.37369372438778,13.608212607401724,173.03349759465502,103.40868667593836,69.31306349532825,13.29166667,0.2213399037862009,3.320098556793014
2/1/2016,Tomato,Sandy Loam,6.085192887247885,22.103954720813125,67.9027938653228,9.216540068218386,176.23444135591097,102.8363903360287,50.29712245015008,33.83333333,0.3493776542364386,5.240664813546579
2/2/2016,Tomato,Sandy Loam,6.603580127158992,22.604000264678646,75.92547642022518,8.390763418039128,174.9697827962893,98.21577619999223,59.622513836336914,58.0,0.2987913118515726,4.481869677773589
2/3/2016,Tomato,Sandy Loam,5.6280001655047736,22.267600064654932,66.23631387688908,11.035105414260135,184.87892585145354,99.79288152064065,56.66735676233125,21.75,0.6951570340581416,10.427355510872124
2/4/2016,Tomato,Sandy Loam,5.772455556636898,21.852677551912628,82.61817529982201,7.1940157963738125,170.6706486947156,98.30886001184179,58.98246827860501,21.75,0.1268259477886235,1.9023892168293528
2/5/2016,Tomato,Sandy Loam,5.8621614046158825,23.712323716372907,67.84292740913034,7.29893490568079,181.39779369742632,90.48010089689778,61.41329157961578,58.0,0.5559117478970532,8.338676218455799
2/6/2016,Tomato,Sandy Loam,6.763964185966612,21.55429496526407,78.47839748169073,10.202887308715043,185.24917371481382,96.70743212434925,58.71178316025418,42.29166667,0.7099669485925525,10.649504228888288
2/7/2016,Tomato,Sandy Loam,6.731579597960248,23.044096726741678,72.82406883428851,9.09272728646184,187.53531273523498,93.5416451079458,58.2969370060319,42.29166667,0.8014125094093996,12.021187641140994
2/8/2016,Tomato,Sandy Loam,6.601531452744306,23.773934137747244,72.99575495084497,7.949823839223244,176.84163497431814,91.96848378202738,64.65446830826613,13.29166667,0.373665398972726,5.60498098459089
2/9/2016,Tomato,Sandy Loam,6.001002849391879,22.6160098790563,80.29779057222288,5.539511322741022,186.42514609344025,109.134408677787,63.71752550172929,13.29166667,0.7570058437376103,11.355087656064152
2/10/2016,Tomato,Sandy Loam,6.2422393824374645,23.629225465738447,74.98924268345829,10.207742386385217,172.21263473910415,101.98719450084332,66.66542564071696,42.29166667,0.1885053895641658,2.8275808434624867
2/11/2016,Tomato,Sandy Loam,5.693379432675486,21.374554435299853,79.51310927287733,13.16609205601075,186.92904583469036,104.57312568473205,54.99917962478991,58.0,0.7771618333876146,11.65742750081422
2/12/2016,Tomato,Sandy Loam,5.95292120751611,22.481366310769225,75.10382457505538,13.51377205286058,172.54977324663966,96.30727486532236,62.19057019508127,58.0,0.2019909298655859,3.029863947983789
2/13/2016,Tomato,Sandy Loam,7.295410452945161,22.371075841442817,76.85810682810526,7.354399797260802,177.94574581120736,97.8629425898803,61.70389570785708,21.75,0.4178298324482938,6.267447486724408
2/14/2016,Tomato,Sandy Loam,7.459383492871657,21.024356421110983,80.21429255739328,10.996412039474883,185.94590731559106,94.73847987793447,57.394756217453775,58.0,0.7378362926236429,11.067544389354644
2/15/2016,Tomato,Sandy Loam,6.795319171280589,22.329772024078004,77.14617485842551,13.558813094629404,172.99834854697548,91.93931341930849,59.72115083805362,42.29166667,0.219933941879019,3.299009128185286
2/16/2016,Tomato,Sandy Loam,7.33364658404684,22.107089269147792,77.31230218777577,9.087259282762648,174.58502790465283,93.58063274883168,56.27564286611457,58.0,0.2834011161861132,4.251016742791698
2/17/2016,Tomato,Sandy Loam,6.78548380080285,23.009396183323847,80.78439182855189,14.321368173075284,184.4450513678613,105.95028090592972,52.8368879523397,42.29166667,0.677802054714453,10.167030820716796
2/18/2016,Tomato,Sandy Loam,5.56639297221094,23.814989335729557,83.98173631638747,14.029785291295529,184.40073073092148,103.55091610367552,54.27602421325466,33.83333333,0.6760292292368595,10.140438438552891
2/19/2016,Tomato,Sandy Loam,7.493525169972818,21.25737326478611,72.53432307870673,7.081338974188094,182.82295265770594,100.93857751970954,52.110272928024024,42.29166667,0.6129181063082378,9.193771594623568
2/20/2016,Tomato,Sandy Loam,5.69790460337307,21.98242916014387,76.54234314451902,7.589648329002038,183.878968889342,99.50179745733536,63.661391503802484,58.0,0.65515875557368,9.8273813336052
2/21/2016,Tomato,Sandy Loam,6.865283602890122,22.332194212182756,66.7254631546709,6.804419986459688,180.85448886695193,108.4486856731225,63.21454786218303,58.0,0.534179554678077,8.012693320171154
2/22/2016,Tomato,Sandy Loam,6.00567240614958,22.36555613410315,72.17607761137734,6.960543514547023,175.03598117813905,91.45469895557336,69.01212743159746,21.75,0.3014392471255622,4.521588706883434
2/23/2016,Tomato,Sandy Loam,6.28396222581392,23.324429162526762,73.24098451778772,14.07862087173498,176.9139198700784,95.61201626475832,64.59356827294482,21.75,0.3765567948031355,5.648351922047033
2/24/2016,Tomato,Sandy Loam,6.791868369601876,22.330186997500324,81.70474633648102,14.311379091926227,173.6319543360285,96.99875707141427,51.04091677512263,42.29166667,0.2452781734411405,3.679172601617109
2/25/2016,Tomato,Sandy Loam,6.372974698615414,21.08148390436096,75.26784804251353,5.518972411851309,188.16901122667258,105.64851624425576,67.68490347857909,13.29166667,0.8267604490669027,12.40140673600354
2/26/2016,Tomato,Sandy Loam,6.001092117862257,23.130312283778494,79.62132746596916,10.936033556722048,181.6678358953224,109.85029240323942,67.25350325891452,13.29166667,0.5667134358128963,8.500701537193445
2/27/2016,Tomato,Sandy Loam,6.168892373756649,23.654489085437014,65.38014800051343,10.642315628575716,178.0170283352728,94.81341029514306,58.86640641545397,33.83333333,0.4206811334109119,6.31021700116368
2/28/2016,Tomato,Sandy Loam,6.183096233846353,22.54171413764902,74.28985339256631,8.905476467244599,179.24011607288264,107.4861466827416,61.71726101055843,42.29166667,0.4696046429153061,7.044069643729592
2/29/2016,Tomato,Sandy Loam,7.418647809016427,22.743325565095518,83.02635330327169,11.31697592823107,188.9456667922363,106.61245520863582,69.52156664945038,33.83333333,0.8578266716894523,12.867400075341784
3/1/2016,Tomato,Sandy Loam,7.097226031846902,21.488809316907137,69.4862781861157,14.4736782551085,173.0670280623216,94.49314795283533,60.64608727696333,13.29166667,0.2226811224928641,3.340216837392963
3/2/2016,Tomato,Sandy Loam,6.4170975429588,21.66193783403687,65.63044370614226,6.702548827221461,181.72459664033593,97.98665160398446,68.1064365675218,33.83333333,0.5689838656134378,8.534757984201567
3/3/2016,Tomato,Sandy Loam,5.899641840682728,21.705510717373834,73.66817467426952,6.204109097164556,180.11777357768932,98.19345738585038,51.66077515620373,58.0,0.5047109431075728,7.570664146613592
3/4/2016,Tomato,Sandy Loam,7.122032220525312,22.292225924643887,79.0886364129519,5.333905708289757,182.22908470869297,109.56441337053117,53.821037374173656,58.0,0.5891633883477183,8.837450825215775
3/5/2016,Tomato,Sandy Loam,5.814364943216747,23.784435662686928,74.08927013682938,8.638333078401434,170.3622036764168,93.61783802757796,58.815098868826354,42.29166667,0.1144881470566724,1.7173222058500863
3/6/2016,Tomato,Sandy Loam,5.920924434284007,22.56535430014466,74.19956627022532,8.37628477077866,187.44247817888302,105.98315942209564,61.695136166746096,33.83333333,0.7976991271553212,11.96548690732982
3/7/2016,Tomato,Sandy Loam,6.232026783680302,21.57629293560406,78.39610082476639,9.30819688158644,188.64236564967226,96.6838542834622,66.324557037256,42.29166667,0.8456946259868899,12.685419389803348
3/8/2016,Tomato,Sandy Loam,7.260696391703981,21.798263207606848,70.08777616566098,10.03310030880949,181.3026636717842,104.6174069155232,69.76524230286374,42.29166667,0.5521065468713672,8.281598203070507
3/9/2016,Tomato,Sandy Loam,5.7635733372682205,22.152045089181552,80.03779583283955,12.578239940304544,183.93301647753785,98.40022008591326,57.777029929482325,33.83333333,0.6573206591015138,9.859809886522708
3/10/2016,Tomato,Sandy Loam,5.744468385709052,22.869776927078398,68.06227061811467,8.921133904575184,188.44998762354592,101.5671952623308,50.948312722801695,21.75,0.8379995049418366,12.56999257412755
3/11/2016,Tomato,Sandy Loam,6.4879499766105315,22.320099459012017,72.91501210571975,8.306131093612336,184.14477268626797,106.65223546652263,66.0234300659065,58.0,0.6657909074507189,9.986863611760784
3/12/2016,Tomato,Sandy Loam,6.052821082187349,22.177334532530775,78.12016216941836,13.26878820259627,173.05078085828524,106.08331129967769,62.08761438165617,13.29166667,0.2220312343314091,3.330468514971136
3/13/2016,Tomato,Sandy Loam,6.63745588329632,22.694185801196983,81.56738014460396,13.497966706536564,181.52576720333627,107.32846367079401,53.97085717736403,13.29166667,0.5610306881334506,8.415460322001758
3/14/2016,Tomato,Sandy Loam,6.403273369366447,21.725504984863395,80.83062142330111,7.327659642933532,182.1343009276571,91.19234650689319,59.896569132428404,33.83333333,0.5853720371062847,8.78058055659427
3/15/2016,Tomato,Sandy Loam,6.369918212702434,21.236709817753745,79.43371198615395,8.146718227113084,178.48261342604772,103.8410110607949,64.84620491067449,33.83333333,0.4393045370419088,6.589568055628633
3/16/2016,Tomato,Sandy Loam,5.723945940973986,21.073242944466667,72.18192767072782,13.251163709100885,184.72888471249445,92.79974753443526,65.40823574137288,13.29166667,0.6891553884997783,10.337330827496675
3/17/2016,Tomato,Sandy Loam,5.78209938049968,21.753777490401383,67.44608632587448,5.794082442977649,188.6873402953803,98.31637136036822,59.99236823997524,33.83333333,0.8474936118152119,12.712404177228178
3/18/2016,Tomato,Sandy Loam,7.142157154893701,21.274776102433407,69.33668435385981,8.25846780390738,188.5113702581355,100.97176830109377,56.10429060257718,21.75,0.8404548103254211,12.606822154881318
3/19/2016,Tomato,Sandy Loam,7.271765475143489,22.0090219155623,82.2966762915297,9.483501070408613,179.01678742808264,98.05478969493662,69.47485164076987,58.0,0.4606714971233057,6.910072456849585
3/20/2016,Tomato,Sandy Loam,5.9693670657705,23.318800621079266,82.1466274026532,6.87071615200571,172.2647609168151,100.39223351606014,63.26725221912986,13.29166667,0.1905904366726042,2.8588565500890635
3/21/2016,Tomato,Sandy Loam,5.726921003049538,23.148882991460514,84.03121705078031,6.799141966106982,189.6968239792467,109.93052617597237,58.164750386925974,21.75,0.8878729591698676,13.318094387548015
3/22/2016,Tomato,Sandy Loam,5.606833343869021,22.832782868364085,66.51977303791084,9.248620580135288,186.77796172891868,92.70434627425709,55.609264484093046,21.75,0.7711184691567473,11.56677703735121
3/23/2016,Tomato,Sandy Loam,6.7165952274837935,23.557500731638434,75.73618170554911,12.545217247348557,172.49325362406535,103.50912090672851,64.62205966007124,33.83333333,0.1997301449626135,2.995952174439202
3/24/2016,Tomato,Sandy Loam,6.930706425000411,21.84620287363283,77.97366089808467,13.402329795476277,188.41683765234745,97.92001932771231,54.843668911875355,13.29166667,0.8366735060938979,12.550102591408468
3/25/2016,Tomato,Sandy Loam,6.2456199784064115,23.655161259089898,79.21314754133714,14.792350925361731,187.39792724124257,92.66019597814658,53.434199779473765,33.83333333,0.7959170896497026,11.93875634474554
3/26/2016,Tomato,Sandy Loam,6.85935173498128,22.19771750900754,77.8772647002086,5.7398405009171904,180.37676114252145,93.17473526748618,60.5966777792414,13.29166667,0.5150704457008577,7.726056685512866
3/27/2016,Tomato,Sandy Loam,6.925917631119052,22.20267995479988,80.40022779804565,7.166822011459927,181.82550871489858,108.98546212491235,55.79974785288284,42.29166667,0.5730203485959434,8.595305228939152
3/28/2016,Tomato,Sandy Loam,7.3706845627938105,22.216054840876566,72.18943152578683,12.566298423841978,177.9800540774026,107.59202993423524,62.5781028984723,21.75,0.4192021630961042,6.288032446441564
3/29/2016,Tomato,Sandy Loam,5.629747275670215,21.294283098722943,68.58865544270964,10.40598706055662,171.09523277644064,108.14083920830043,52.35877349748467,13.29166667,0.143809311057625,2.157139665864376
3/30/2016,Tomato,Sandy Loam,5.88458344646216,23.926471494993166,69.09166744300877,8.276797739624183,176.703944832918,109.83065551654772,63.098822091346435,33.83333333,0.3681577933167207,5.522366899750811
3/31/2016,Tomato,Sandy Loam,5.637051975193977,21.415520333475477,65.23957378940328,7.055896612472435,186.05706897196023,94.16630780017036,55.66593055995404,42.29166667,0.7422827588784092,11.13424138317614
4/1/2016,Tomato,Sandy Loam,7.235987866672221,22.022657173407552,72.00643744212445,7.80477551642448,170.09264046009207,97.10878674728123,50.004858688690256,21.75,0.1037056184036823,1.5555842760552343
4/2/2016,Tomato,Sandy Loam,7.0851743200671375,21.95790096098027,66.83488101759954,9.29288950300952,176.6699834338229,103.38438059849733,52.53872115348353,58.0,0.3667993373529153,5.50199006029373
4/3/2016,Tomato,Sandy Loam,6.649284141243678,21.22403829845013,71.42977385580382,6.771512195060327,177.96337387181887,99.67605079721295,68.67230755670188,42.29166667,0.4185349548727547,6.278024323091321
4/4/2016,Tomato,Sandy Loam,5.6673268201023665,21.45678039033563,77.56420154332496,14.642259558767506,180.74791205875846,98.36779066756667,67.34709278230716,33.83333333,0.5299164823503383,7.948747235255074
4/5/2016,Tomato,Sandy Loam,6.04662471730744,21.13457500855616,82.8895611117364,6.075884445998744,188.39711232825522,97.15622498671186,54.67218064072473,33.83333333,0.8358844931302084,12.538267396953126
4/6/2016,Tomato,Sandy Loam,6.095439696117034,21.87721348068154,81.79210901981033,14.855774344892192,176.92691988731923,101.87561263886904,65.56743809090983,58.0,0.377076795492769,5.656151932391536
4/7/2016,Tomato,Sandy Loam,6.6214863920308344,23.59997077208672,70.05348423915154,13.418932860006723,176.93906403792457,101.51186857280165,62.171431863479484,21.75,0.3775625615169822,5.663438422754733
4/8/2016,Tomato,Sandy Loam,6.016087788073431,22.018326617212153,67.68166284396094,9.23151617513739,184.75002496219497,93.2291566812848,69.41809422899739,58.0,0.6900009984877987,10.35001497731698
4/9/2016,Tomato,Sandy Loam,5.64591972782591,21.37107549620214,68.86144547593463,12.398163343882102,179.04435881779614,99.43479675036878,57.472113190681185,13.29166667,0.4617743527118457,6.926615290677686
4/10/2016,Tomato,Sandy Loam,6.961524603706598,22.937081605151754,84.41973303807214,11.71515243696386,174.49209645879964,101.06943552419699,63.62921225034343,33.83333333,0.2796838583519856,4.195257875279784
4/11/2016,Tomato,Sandy Loam,6.098160423310823,23.98980273616473,75.98948959370982,7.13286917948931,179.04879032265387,101.4057387746278,51.27071444847837,42.29166667,0.4619516129061547,6.92927419359232
4/12/2016,Tomato,Sandy Loam,6.4047483540466015,21.696971368595783,68.6500444600115,8.390700861189464,172.81714040759599,94.20214385824704,57.92494693632812,58.0,0.2126856163038399,3.1902842445575983
4/13/2016,Tomato,Sandy Loam,5.755333269964611,21.838713016111708,81.8149230937363,10.13122562805458,173.52773973012447,104.84542784504573,69.2763532237636,58.0,0.2411095892049786,3.61664383807468
4/14/2016,Tomato,Sandy Loam,7.105096606789159,23.915541162842366,72.9038248862511,11.378441798877269,179.96735545478958,90.5039818964214,60.77961748900241,58.0,0.4986942181915837,7.480413272873757
4/15/2016,Tomato,Sandy Loam,6.631063753848116,21.536328862651462,82.98444303949455,10.428949813566216,178.37850899009095,97.09663711086326,55.75759006669689,13.29166667,0.4351403596036384,6.527105394054576
4/16/2016,Tomato,Sandy Loam,7.303171252419726,22.533642202377493,70.21354253668973,9.729874610064735,188.296918021362,105.60425297071268,52.40541926257214,42.29166667,0.8318767208544801,12.4781508128172
4/17/2016,Tomato,Sandy Loam,6.4909431261306665,21.718956399048285,72.86443517608473,9.431522734549002,177.24787798233265,101.27785842110805,64.07056680363061,33.83333333,0.3899151192933064,5.848726789399597
4/18/2016,Tomato,Sandy Loam,7.3828513436357595,23.797055693703733,75.09895525580168,9.98264499295018,181.61176700556086,95.2232486502172,62.897120868594534,42.29166667,0.5644706802224347,8.467060203336521
4/19/2016,Tomato,Sandy Loam,7.2837364087626515,23.944563043728884,82.85230668178063,9.343515198459702,182.6452857583906,103.89906238686095,57.47877427207549,21.75,0.6058114303356243,9.087171455034364
4/20/2016,Tomato,Sandy Loam,6.652919712918468,23.444093538360047,82.37514863210112,10.41330077545716,170.26188913176668,101.34781888312146,69.01882703731668,42.29166667,0.1104755652706669,1.657133479060004
4/21/2016,Tomato,Sandy Loam,7.367786876299727,21.944351447438432,76.48710140607756,13.879852990466668,183.27074744033422,105.92487218912774,50.444056259757005,33.83333333,0.6308298976133685,9.462448464200529
4/22/2016,Tomato,Sandy Loam,6.146177494589105,22.210462425841516,69.43551019561781,11.328293130546117,173.56071933739503,104.70050372379647,56.074477032636516,33.83333333,0.2424287734958011,3.6364316024370176
4/23/2016,Tomato,Sandy Loam,6.2312843254084225,21.726917050999266,73.06713943475751,12.226208749885402,189.2214063493891,102.20215844072469,68.42138972599163,42.29166667,0.8688562539755641,13.032843809633462
4/24/2016,Tomato,Sandy Loam,5.590955902612074,23.672273901026976,84.51266130731011,10.974831337307766,172.97325455506225,99.76355350621628,56.418708766388804,13.29166667,0.2189301822024904,3.283952733037356
4/25/2016,Tomato,Sandy Loam,6.678401813527707,23.743674833064475,77.15546447754804,11.430176824140023,178.29248247454046,92.66364251335047,55.04505667710341,13.29166667,0.4316992989816189,6.475489484724284
4/26/2016,Tomato,Sandy Loam,6.943847939857867,22.256611986738143,80.62195510248394,10.7834982844818,171.70699336157287,95.22666035770767,60.68440819862495,21.75,0.1682797344629151,2.5241960169437268
4/27/2016,Tomato,Sandy Loam,7.0470383804842065,22.969599209709006,73.9972939072284,5.268665221958232,189.93748503691896,98.3819894583417,66.47603499841075,13.29166667,0.8974994014767579,13.462491022151369
4/28/2016,Tomato,Sandy Loam,5.799632572092206,21.49665953932408,75.64014550933612,14.995983822000198,180.04390020662484,101.98598574012777,52.06293521756722,42.29166667,0.5017560082649941,7.526340123974911
4/29/2016,Tomato,Sandy Loam,6.388318144625001,22.304807701090226,73.57908224465088,5.336092402128967,181.90770034640087,100.2741571043061,68.86041419291473,42.29166667,0.576308013856035,8.644620207840525
4/30/2016,Tomato,Sandy Loam,5.8537264241878315,22.89449732002049,79.05841996123937,8.951480082336538,171.34152954776854,95.76369051919059,65.90145762362329,13.29166667,0.153661181910742,2.3049177286611298
5/1/2016,Tomato,Sandy Loam,6.824254697708498,22.156209355554058,82.02942027773754,6.051156782989335,184.99920940798356,90.12928715579422,53.62500511103104,58.0,0.6999683763193423,10.499525644790134
5/2/2016,Tomato,Sandy Loam,5.815892744843536,22.07279857705938,75.14727086449128,5.969284504409325,174.1981118619117,99.92478443801627,64.24015922396325,42.29166667,0.2679244744764686,4.018867117147029
5/3/2016,Tomato,Sandy Loam,7.30832736791215,21.002996976800826,74.61734917272452,12.935269516744835,187.96108578881427,95.71251977124486,57.699174452751144,58.0,0.818443431552571,12.276651473288563
5/4/2016,Tomato,Sandy Loam,5.961269291322827,23.412880391331342,71.80572934196793,9.259257793580767,174.10279280964014,104.6921660142107,58.04589356152637,58.0,0.2641117123856057,3.9616756857840856
5/5/2016,Tomato,Sandy Loam,6.08280453257649,23.668012836064346,68.54193388588168,13.01138708298765,173.81375441327333,90.47892530540967,65.66580184877733,21.75,0.2525501765309332,3.788252647963999
5/6/2016,Tomato,Sandy Loam,7.201812644302,23.908390588637495,83.78495445750218,7.727864706808315,170.7309933569619,101.69655622611582,69.25569615961464,42.29166667,0.1292397342784759,1.9385960141771383
5/7/2016,Tomato,Sandy Loam,6.416935220291448,23.157814155207646,71.3215943735901,7.564627918062348,179.4413389022,108.82948475012131,52.53311745694388,42.29166667,0.4776535560879994,7.164803341319991
5/8/2016,Tomato,Sandy Loam,5.547991891600146,22.646376937109654,81.0138292714857,7.512313818144621,181.29682266525234,93.48818534223,58.41260473757639,21.75,0.5518729066100931,8.278093599151397
5/9/2016,Tomato,Sandy Loam,6.4891725024052915,21.80785355942613,79.30694042574949,11.161456264079192,171.31417278856705,99.43298981501191,59.61883216168607,33.83333333,0.1525669115426819,2.2885036731402284
5/10/2016,Tomato,Sandy Loam,5.669086670760246,23.997898427890494,80.81835200556259,13.149993898456,185.51055233390022,91.82843983634277,57.52623633909995,42.29166667,0.7204220933560085,10.806331400340127
5/11/2016,Tomato,Sandy Loam,7.470689437374621,22.769258563596317,83.73536266744205,9.522610100752406,179.06577669496056,102.51363824522706,57.2637824743245,21.75,0.4626310677984221,6.939466016976332
5/12/2016,Tomato,Sandy Loam,6.676223140911205,23.043462216991337,77.46741520441795,8.792488906410824,180.4878053865516,101.0106336119245,51.04537335123193,58.0,0.519512215462064,7.792683231930961
5/13/2016,Tomato,Sandy Loam,6.013065235221957,23.047218485865955,82.9590068676409,14.735795542016492,178.81525493876455,98.14731048425665,63.710772411252464,58.0,0.4526101975505825,6.789152963258738
5/14/2016,Tomato,Sandy Loam,6.6274353590952355,23.535755387271543,68.35394645824587,6.167540360116388,178.01526121750652,100.42754042947482,58.72428834240091,21.75,0.4206104487002607,6.309156730503911
5/15/2016,Tomato,Sandy Loam,5.6537342067635095,21.029017616540756,77.53425151913575,9.866326820448926,181.19280662616436,107.9314931693802,53.895876052878535,42.29166667,0.5477122650465743,8.215683975698616
5/16/2016,Tomato,Sandy Loam,7.099782608537634,21.660740821294116,80.44551225829225,9.084877531814344,173.10480491861426,93.92588604622134,66.32067004604137,13.29166667,0.22419219674457,3.3628829511685505
5/17/2016,Tomato,Sandy Loam,7.3506561077283274,22.99660200051004,70.43282261488348,5.981265965868904,173.63856260990542,90.45129023410695,66.05121496303255,42.29166667,0.2455425043962169,3.683137565943254
5/18/2016,Tomato,Sandy Loam,7.248888776412319,23.685437210473705,79.8150760258393,7.682003620882192,187.23571242027035,107.23329769398202,59.72783256177787,13.29166667,0.7894284968108138,11.841427452162208
5/19/2016,Tomato,Sandy Loam,6.183515204597126,23.056016345764068,80.56953658232473,5.28441212579112,188.92230924267267,101.54234164775814,55.96901322295521,58.0,0.8568923697069062,12.853385545603594
5/20/2016,Tomato,Sandy Loam,6.151536239286737,22.24047387448104,81.6237591203289,13.76954288982957,177.46618632559506,107.81316910923685,62.761854515929045,33.83333333,0.3986474530238023,5.979711795357035
5/21/2016,Tomato,Sandy Loam,5.5701752224326,22.084666487610786,71.25765825191866,11.078495289904012,175.41489346287108,101.93890446826344,55.76304271554806,58.0,0.316595738514843,4.748936077722645
5/22/2016,Tomato,Sandy Loam,6.8028007174018335,23.213844024849962,78.63213180336618,13.150184978702509,182.87999086478032,106.20322179919405,54.72015860647424,58.0,0.6151996345912126,9.22799451886819
5/23/2016,Tomato,Sandy Loam,6.56980956837959,23.223713091411582,71.08506566819524,10.215544524029898,178.17468342196193,98.59346726710297,64.61029308052653,33.83333333,0.4269873368784771,6.404810053177156
5/24/2016,Tomato,Sandy Loam,6.418692742654683,22.82117397751707,79.78080774996911,10.995098294218945,170.5077271132069,104.99719862576538,50.80650479441901,21.75,0.1203090845282758,1.8046362679241383
5/25/2016,Tomato,Sandy Loam,7.315261906669414,21.87440107229201,74.25947330291424,12.008544778091649,173.1230519473238,108.26082933779712,51.89536942069188,13.29166667,0.2249220778929523,3.3738311683942843
5/26/2016,Tomato,Sandy Loam,5.835757802165693,23.77546445517163,76.9508874905444,14.08011627464215,184.31944457694794,101.44245927444413,50.135763480471795,21.75,0.672777783077918,10.09166674616877
5/27/2016,Tomato,Sandy Loam,5.519332533380364,22.655639826355916,73.31679962861138,5.917518878258457,183.17847883820303,93.61570301124759,53.05886372950852,21.75,0.6271391535281211,9.407087302921816
5/28/2016,Tomato,Sandy Loam,5.646632904241531,23.37147706874499,68.23965853859649,8.309483947357268,170.54191985006966,95.37595230060396,51.37980017420919,21.75,0.1216767940027868,1.825151910041802
5/29/2016,Tomato,Sandy Loam,5.946742875654738,21.642924786485494,68.56059059210727,12.090261907000006,174.43944323865898,93.97289153794812,69.91604735559838,33.83333333,0.2775777295463595,4.163665943195394
5/30/2016,Tomato,Sandy Loam,5.566571098526914,22.032122365844184,66.5513781452427,14.583505630013928,174.62149593176142,94.93714055191465,55.77619939908179,13.29166667,0.2848598372704571,4.272897559056857
5/31/2016,Tomato,Sandy Loam,6.505687421286271,23.623738549162027,77.36145359443324,14.808074284900057,183.43785487197457,96.12830898702073,52.98536025338495,42.29166667,0.6375141948789828,9.56271292318474
6/1/2016,Tomato,Sandy Loam,6.128180910467156,21.150321089819904,81.97276795906119,11.381030091372624,170.39421075508727,101.10267573506377,54.819925159918355,42.29166667,0.1157684302034913,1.73652645305237
6/2/2016,Tomato,Sandy Loam,5.860966016136265,22.536945933769985,65.41673652524162,6.935984777548673,172.08217163969147,101.75983258927666,68.7225114308027,33.83333333,0.183286865587659,2.749302983814886
6/3/2016,Tomato,Sandy Loam,7.000168149897324,22.445116439532026,66.32479004176707,6.192089114139567,185.9983217074638,98.52999494483723,60.40320446048791,33.83333333,0.7399328682985515,11.098993024478274
6/4/2016,Tomato,Sandy Loam,5.90890265246506,23.253690566724245,74.14933984605821,14.460436442804257,173.57089324108668,102.30841559641671,57.29636192615714,33.83333333,0.2428357296434669,3.6425359446520034
6/5/2016,Tomato,Sandy Loam,6.875210201987587,21.845681311797996,79.7544147233638,9.339276894625074,183.05492215703748,91.63149851222732,67.46782915818439,13.29166667,0.6221968862814997,9.332953294222497
6/6/2016,Tomato,Sandy Loam,6.198529811695278,21.6572004655788,68.15415289423903,6.948160332626848,174.76365562093454,91.7557647411632,57.89980541098065,21.75,0.2905462248373812,4.358193372560718
6/7/2016,Tomato,Sandy Loam,6.523655521325109,23.7783985163197,70.43302639098388,14.33892515777601,171.9888278551869,93.43658920715316,56.700171399153916,58.0,0.1795531142074761,2.693296713112142
6/8/2016,Tomato,Sandy Loam,7.36773407970264,22.715128955875393,69.64012402563614,6.045242715643119,174.86344381998907,100.3615499608069,54.14565045099471,58.0,0.2945377527995633,4.4180662919934495
6/9/2016,Tomato,Sandy Loam,5.574703269631626,21.314068704850964,72.98102437342308,12.295710968570752,184.4453386371132,94.27989357396628,57.55593647818823,33.83333333,0.6778135454845273,10.16720318226791
6/10/2016,Tomato,Sandy Loam,6.500529014954924,21.579108486642962,69.49997354035142,11.252630275433342,187.1139293621257,95.66568806985154,56.333687120338524,58.0,0.7845571744850286,11.768357617275427
6/11/2016,Tomato,Sandy Loam,7.208845920655237,23.996478178542745,72.05197357089506,5.877346643808918,186.60439729133984,98.00625672345988,63.546079185962824,42.29166667,0.7641758916535933,11.4626383748039
6/12/2016,Tomato,Sandy Loam,6.675948496740697,21.586826988756577,79.57085197323889,8.387487956394422,177.9436705923691,106.2373224802076,55.79165409341454,33.83333333,0.4177468236947639,6.266202355421458
6/13/2016,Tomato,Sandy Loam,6.053741033930313,22.831426534061038,77.22018496908379,6.499306895400107,183.36170273141292,90.2772427182572,61.54399492845123,13.29166667,0.634468109256517,9.517021638847757
6/14/2016,Tomato,Sandy Loam,6.2953622702900685,22.260384236986855,66.62363410783385,11.044985925331613,174.09968590831642,102.98757640473245,51.31784330063945,21.75,0.2639874363326567,3.959811544989851
6/15/2016,Tomato,Sandy Loam,6.860531257457149,23.656797284549505,77.75491332491436,9.771130316774288,175.86295460522027,103.3775306208137,53.82578313393029,21.75,0.3345181842088106,5.017772763132159
6/16/2016,Tomato,Sandy Loam,7.281623788627606,23.265505776885984,74.54154343118427,5.04275124660491,187.92671637042238,105.97311560713273,58.14810543222698,33.83333333,0.8170686548168958,12.256029822253437
6/17/2016,Tomato,Sandy Loam,5.582132747493223,22.79085418878545,83.69131149414278,14.75710566283908,170.2600384702147,108.65505878120626,68.73898507817391,33.83333333,0.1104015388085888,1.6560230821288324
6/18/2016,Tomato,Sandy Loam,5.643077643780753,21.032216945393948,70.78608634208106,8.495846498895403,171.71017061708937,90.40275697898579,57.54503971431391,58.0,0.1684068246835744,2.5261023702536174
6/19/2016,Tomato,Sandy Loam,6.150103047219175,23.63938562248038,79.5233283939832,7.5820439283705,174.15772510292055,93.07567411026433,63.28148242399668,42.29166667,0.2663090041168219,3.994635061752328
6/20/2016,Tomato,Sandy Loam,5.965559368874958,22.33400241251615,79.6172164608914,7.224429557941026,170.53064407747638,107.72342588111987,55.101744448427965,58.0,0.1212257630990557,1.8183864464858368
6/21/2016,Tomato,Sandy Loam,6.0298617724448125,23.79473295905573,69.43001562018375,6.588158961735679,173.62870870179594,99.1703712437403,52.54067151946464,21.75,0.2451483480718378,3.677225221077568
6/22/2016,Tomato,Sandy Loam,5.942539997251762,22.486617038562603,83.06447249941873,14.9913707621651,181.66083121939386,101.29181277866927,51.170732001601,33.83333333,0.5664332487757537,8.496498731636306
6/23/2016,Tomato,Sandy Loam,5.891650097710316,23.082673467548176,74.82366400859206,7.951094678816048,178.42849101184996,103.26054407446294,56.10826997085503,33.83333333,0.4371396404739983,6.557094607109975
6/24/2016,Tomato,Sandy Loam,5.761247933738583,21.207877948399926,78.57766733778605,9.055134972242817,187.8534342215395,103.58133208991275,53.15322053593816,13.29166667,0.81413736886158,12.2120605329237
6/25/2016,Tomato,Sandy Loam,7.367908263590476,23.235454960580356,67.9171111776701,13.71355916178089,186.3488712347688,108.63480806633017,53.480208960322486,13.29166667,0.7539548493907527,11.30932274086129
6/26/2016,Tomato,Sandy Loam,5.788378927812306,22.01398809393577,70.15607833983938,11.418875035428782,176.8363470339575,109.9389883482334,65.215186167739,42.29166667,0.3734538813583008,5.6018082203745125
6/27/2016,Tomato,Sandy Loam,5.908807549531073,22.054077042995342,76.72214235874446,8.686944117452725,175.18846866862586,104.40314921861881,50.316761418897485,42.29166667,0.307538746745034,4.61308120117551
6/28/2016,Tomato,Sandy Loam,5.9925314479615714,21.35596753412817,71.380545367467,13.98328435923853,177.59384816334534,95.74442418410301,61.15620251470869,42.29166667,0.4037539265338136,6.056308898007204
6/29/2016,Tomato,Sandy Loam,7.366029746260841,21.440571445920607,74.99385837141946,12.497242022136,181.80589885029616,107.59504804588687,57.5892276118693,42.29166667,0.5722359540118462,8.583539310177693
6/30/2016,Tomato,Sandy Loam,7.011428267202169,21.55727716861863,72.48010398746578,7.279005075416997,175.36127281645753,90.98441829081523,60.13099999817094,13.29166667,0.314450912658301,4.716763689874516
7/1/2016,Tomato,Sandy Loam,7.079398860631029,21.984618505714266,77.81107593288095,11.437389945999204,182.48297815698268,94.62161705748993,61.25660474429206,13.29166667,0.5993191262793073,8.98978689418961
7/2/2016,Tomato,Sandy Loam,5.709516519076996,23.675909738326816,74.74290725561617,14.223984982924016,178.18823304382482,107.94771434927429,56.26735388914557,58.0,0.4275293217529924,6.412939826294887
7/3/2016,Tomato,Sandy Loam,7.172619750031343,22.104780714690243,65.09219871946337,9.964608784504126,181.0409436170396,95.1238302887871,55.9021772036857,42.29166667,0.5416377446815842,8.124566170223764
7/4/2016,Tomato,Sandy Loam,6.316386163634836,23.173088119689655,77.99361675890768,12.336124028316672,178.72253058270633,94.41302119243497,64.66803698669811,42.29166667,0.4489012233082533,6.7335183496238
7/5/2016,Tomato,Sandy Loam,6.0256460524247775,21.248242511669613,73.44243114100364,14.711037439891593,175.88931519083835,92.76250586280494,67.42553976242314,13.29166667,0.3355726076335341,5.0335891145030125
7/6/2016,Tomato,Sandy Loam,6.651500167040621,22.773296397815976,71.83396680980445,11.904141408952128,188.96906613924313,107.18223515293833,53.851632649170554,21.75,0.8587626455697254,12.88143968354588
7/7/2016,Tomato,Sandy Loam,7.144365811633468,22.44567369381132,66.88293504566447,6.024386897660806,185.27211588319523,100.00116518382174,51.95237521070298,21.75,0.7108846353278087,10.66326952991713
7/8/2016,Tomato,Sandy Loam,7.057304302149818,23.933873840863512,69.40739381132983,7.445595509312893,172.80226351532906,103.49786406108309,67.95591612784051,58.0,0.212090540613162,3.1813581091974306
7/9/2016,Tomato,Sandy Loam,7.279994965162264,23.53862330963689,69.47544583161707,10.95096437342649,187.36935951795826,94.7813276815006,56.99790927294797,58.0,0.7947743807183303,11.921615710774956
7/10/2016,Tomato,Sandy Loam,7.356264372030887,22.36448931731595,83.70738998809458,7.755558153719061,179.74862396499026,105.16080842022433,61.02634781325628,58.0,0.4899449585996109,7.349174378994165
7/11/2016,Tomato,Sandy Loam,5.976244142855499,23.325428292136017,73.65025949493094,14.575417053891398,187.89104453788184,105.20011089924196,57.19086289040007,13.29166667,0.8156417815152731,12.234626722729097
7/12/2016,Tomato,Sandy Loam,6.347715788338544,21.579116223881332,65.8413169443034,9.053520340221738,185.9971051189463,96.251960498166,52.516046726921026,58.0,0.7398842047578522,11.098263071367784
7/13/2016,Tomato,Sandy Loam,5.52925707841014,22.687008982175335,67.77633364486641,9.57230405732365,178.50427008938468,98.21365266020565,61.786632898954565,42.29166667,0.4401708035753867,6.602562053630801
7/14/2016,Tomato,Sandy Loam,7.25864331853012,21.223857166706125,66.58065351465824,12.016020934701173,170.44938616640235,94.19380554860402,60.502817035392596,42.29166667,0.1179754466560939,1.769631699841409
7/15/2016,Tomato,Sandy Loam,5.8091443029495355,22.04426709675505,76.77738780414423,10.242497313418742,175.37354718769893,109.53122046645808,54.059871183823944,58.0,0.3149418875079569,4.724128312619353
7/16/2016,Tomato,Sandy Loam,7.222949624685389,21.67758654486651,68.73242983133653,8.821459668887684,180.83268429321734,102.91205154116824,59.03738089304556,42.29166667,0.5333073717286936,7.9996105759304035
7/17/2016,Tomato,Sandy Loam,6.158774643973192,23.156729445975632,74.97115280563551,5.766378751545788,182.66956439652296,108.69087761431031,65.93895008031292,42.29166667,0.6067825758609178,9.101738637913767
7/18/2016,Tomato,Sandy Loam,6.236267179962276,22.470272073643084,72.4012412573995,10.96445589507864,175.15775370866405,96.06771087258267,61.80852206215783,33.83333333,0.3063101483465618,4.594652225198428
7/19/2016,Tomato,Sandy Loam,5.5782645089677185,23.25321143654403,81.07752754288398,13.675800307940346,172.7871214814565,105.6378182599378,51.9383465413399,21.75,0.2114848592582593,3.17227288887389
7/20/2016,Tomato,Sandy Loam,6.153757579530639,22.545886312894336,71.40979274530724,11.857624417600562,186.69860473598598,105.31717287769484,60.9604299445827,33.83333333,0.7679441894394393,11.519162841591587
7/21/2016,Tomato,Sandy Loam,7.276727365602528,21.259453326454917,74.16530964793617,8.814950100469522,189.68804361407103,103.83311303733083,64.05476598579173,21.75,0.8875217445628417,13.312826168442626
7/22/2016,Tomato,Sandy Loam,5.551094802243208,23.20610294919758,79.42571097195652,6.277260646231294,180.5138036460537,109.31277950533601,65.85406811561504,58.0,0.5205521458421487,7.808282187632231
7/23/2016,Tomato,Sandy Loam,6.312654946093451,23.499687791963417,73.66702413861279,13.16338186904244,173.43358571696606,97.87110672212631,62.58235157268533,21.75,0.2373434286786428,3.560151430179642
7/24/2016,Tomato,Sandy Loam,5.562799259625482,23.710593677738377,80.86431072026377,14.417483622312048,175.44614653038738,92.61434647179514,53.053163290815675,33.83333333,0.3178458612154952,4.767687918232427
7/25/2016,Tomato,Sandy Loam,6.2418468502181295,22.715975835920126,78.2336871247333,8.882729907962648,170.36781353094935,103.43417718488121,64.20346533180322,33.83333333,0.1147125412379733,1.7206881185696008
7/26/2016,Tomato,Sandy Loam,5.845281281560583,23.260756076998486,73.21058227893433,12.286421891840616,188.28597613121,104.58619600954412,63.54683692163033,58.0,0.8314390452483992,12.471585678725988
7/27/2016,Tomato,Sandy Loam,6.004436786536744,23.25613301064788,75.07963851372725,9.107634398907557,172.3550216578028,101.5012114691763,50.48853765881267,42.29166667,0.1942008663121129,2.9130129946816936
7/28/2016,Tomato,Sandy Loam,7.255196746322838,21.46724927939683,84.34406911684387,10.022669388521994,181.53032951028507,94.13635786266792,58.23495335180486,13.29166667,0.5612131804114029,8.418197706171043
7/29/2016,Tomato,Sandy Loam,6.372098441243782,21.492662062378713,78.23222993016785,13.364763806164095,175.4811044137441,100.0891188333871,56.65900493924747,42.29166667,0.3192441765497648,4.788662648246472
7/30/2016,Tomato,Sandy Loam,6.047595982803824,21.21265651742738,83.0999045194465,5.834243422111536,181.08356005031587,96.2437947313826,63.388241285072866,33.83333333,0.5433424020126347,8.150136030189522
7/31/2016,Tomato,Sandy Loam,6.678676755901096,21.959740905420905,68.57517006942129,10.303353487867051,183.0284077670373,98.54933056333378,54.32271624621841,58.0,0.6211363106814913,9.31704466022237
8/1/2016,Tomato,Sandy Loam,5.784213919665165,22.420525763223193,74.66472312490303,7.146202746712225,186.59483607414404,102.90437151689328,61.817438459485174,42.29166667,0.7637934429657613,11.45690164448642
8/2/2016,Tomato,Sandy Loam,6.0187832148417115,23.99369355826265,83.17323339690101,8.398059454957624,174.12842543521205,104.9042948538167,68.26411923628345,13.29166667,0.2651370174084826,3.977055261127239
8/3/2016,Tomato,Sandy Loam,6.592495935205777,22.292980026204507,71.45224122882836,11.444288246422742,170.2199165731696,94.64449381802686,65.95604744417216,13.29166667,0.1087966629267843,1.6319499439017655
8/4/2016,Tomato,Sandy Loam,5.975046083696138,23.178727765522112,84.35328396292842,5.272284123368483,172.73771260137613,98.10650721293906,68.4291547243306,13.29166667,0.2095085040550458,3.142627560825688
8/5/2016,Tomato,Sandy Loam,6.858255474801746,23.080191078817606,66.94154980947314,10.938250989731628,188.0003728369621,95.38323141983258,69.5701193386538,33.83333333,0.8200149134784841,12.30022370217726
8/6/2016,Tomato,Sandy Loam,6.482982604519045,21.613445850751738,83.05342340550074,7.834422394537497,187.4778015512503,93.97263227723738,50.213402540123255,33.83333333,0.7991120620500122,11.986680930750182
8/7/2016,Tomato,Sandy Loam,7.043978140509382,21.17552145434831,73.90424244131717,11.69484360808072,181.94826204340617,105.66774439991677,62.45482552754955,42.29166667,0.5779304817362466,8.6689572260437
8/8/2016,Tomato,Sandy Loam,7.396489071444937,22.63802025460076,66.47488330282322,6.415813519130542,182.01033720867306,108.18505388873984,58.256787955178126,13.29166667,0.5804134883469227,8.706202325203842
8/9/2016,Tomato,Sandy Loam,5.731609778694816,23.10091677694343,82.59043185172175,12.358116038161786,183.3007334909251,97.40464371369154,67.19708980670244,58.0,0.6320293396370044,9.480440094555066
8/10/2016,Tomato,Sandy Loam,6.16933001996909,23.994755370558767,70.03880424818227,11.456397197629782,173.507425572469,105.02557848747534,55.03629404018263,33.83333333,0.2402970228987596,3.604455343481395
8/11/2016,Tomato,Sandy Loam,6.139098125756814,22.07583315684351,65.4450025099045,14.712418328803512,188.2882389184992,107.93990578728823,69.62058978230152,42.29166667,0.8315295567399679,12.472943351099518
8/12/2016,Tomato,Sandy Loam,5.8023658386745085,23.68909368624329,67.71614211138385,14.11235363258148,178.37541049784147,106.92248421060464,62.27415939087494,21.75,0.4350164199136584,6.525246298704877
8/13/2016,Tomato,Sandy Loam,7.120606274666942,22.14579736760756,78.18229483799523,7.833028631997023,177.66277056498996,93.65626777078452,65.87074804457662,33.83333333,0.406510822599598,6.09766233899397
8/14/2016,Tomato,Sandy Loam,7.01975740807758,23.068235125291537,84.5562297827639,5.273165727254369,180.37835410565674,109.12583763026723,51.71199105645537,42.29166667,0.51513416422627,7.72701246339405
8/15/2016,Tomato,Sandy Loam,6.468850941668798,22.794758791551157,67.22924279167033,11.553685611117578,170.9393193355011,97.53352880858925,53.669157695177304,58.0,0.137572773420044,2.0635916013006605
8/16/2016,Tomato,Sandy Loam,6.575541555589219,21.15893637990779,74.23896096249524,11.028873890046723,173.32566737512158,96.78481322347673,65.16807346068407,13.29166667,0.2330266950048635,3.495400425072953
8/17/2016,Tomato,Sandy Loam,5.619088276004993,21.235165280910774,68.61273101895065,5.274287687664461,184.76067232852742,91.24862654555561,50.43973044078647,33.83333333,0.6904268931410964,10.356403397116448
8/18/2016,Tomato,Sandy Loam,6.6110147046540915,21.062292269173383,79.90073068203185,6.226775292025927,171.65597335850254,99.72347308209766,66.33755971787565,21.75,0.1662389343401011,2.4935840151015176
8/19/2016,Tomato,Sandy Loam,7.082683048039273,22.11250225378197,67.36117799523629,10.847017045359856,182.06304218932777,92.18027231281857,50.27898037383823,21.75,0.5825216875731106,8.737825313596659
8/20/2016,Tomato,Sandy Loam,6.647655147167715,23.237403146298032,69.79683496961779,14.11827264043492,174.90698219362642,94.97079641854852,63.142376781225465,21.75,0.2962792877450567,4.4441893161758514
8/21/2016,Tomato,Sandy Loam,6.030612740240838,21.51826618197217,68.92811935298143,14.06500276513407,177.78591228083954,96.33885243534563,57.30187840463611,42.29166667,0.4114364912335813,6.171547368503719
8/22/2016,Tomato,Sandy Loam,6.835096544668675,22.81755890515169,76.05039560733955,6.514850546120749,175.77387473541398,106.17652646983368,62.22989705438398,58.0,0.3309549894165599,4.964324841248399
8/23/2016,Tomato,Sandy Loam,6.222976859930496,21.866483340093232,82.46368184001264,8.845739464052496,177.11345432929897,107.50977300791793,63.92062813978227,42.29166667,0.3845381731719594,5.768072597579391
8/24/2016,Tomato,Sandy Loam,6.589746568571471,23.390977871937217,75.22180402312837,5.43202864352174,184.3809181036849,96.04932634922939,56.849504383726085,58.0,0.6752367241473964,10.128550862210949
8/25/2016,Tomato,Sandy Loam,6.4751307265578495,23.395188447008973,66.16486905542942,9.69271846362929,175.9424343124635,107.17396242489147,52.15924896221671,21.75,0.33769737249854,5.065460587478101
8/26/2016,Tomato,Sandy Loam,6.26235000193036,23.32624354489927,76.26777861193662,12.530834596732056,181.32809280593796,107.14461874739582,51.39291735496531,33.83333333,0.5531237122375178,8.296855683562766
8/27/2016,Tomato,Sandy Loam,6.93775596078827,22.57450054140413,80.95041998636019,12.899727113656114,179.521008043982,105.29301900769747,61.778720451250955,21.75,0.4808403217592797,7.212604826389196
8/28/2016,Tomato,Sandy Loam,7.267752223971764,21.853700130239556,67.64312394608645,9.989894665965728,183.27342330725295,92.93390228030363,60.41310707468223,13.29166667,0.6309369322901185,9.464053984351777
8/29/2016,Tomato,Sandy Loam,5.510425036953849,23.428332131635905,66.45422428689183,5.958696747082184,188.73659478649517,103.80645693801458,64.84402018242265,13.29166667,0.8494637914598064,12.741956871897097
8/30/2016,Tomato,Sandy Loam,7.367233038460735,21.558301685817725,68.75615555115138,8.813639751815664,184.651441944205,108.90048129161137,60.194710200078745,13.29166667,0.6860576777682003,10.290865166523004
8/31/2016,Tomato,Sandy Loam,6.52303027216645,21.86927880608597,79.92172645643255,14.321019599743645,174.29880757181513,103.65080957534315,58.448915800617584,42.29166667,0.2719523028726054,4.079284543089081
9/1/2016,Tomato,Sandy Loam,6.90146376072653,21.551843118481866,76.83360839064002,7.296125565197147,170.6236627012257,96.63233698215667,57.961743564724614,42.29166667,0.1249465080490277,1.874197620735416
9/2/2016,Tomato,Sandy Loam,7.211249132351754,23.022630481162942,75.81189307923498,8.197544499127265,175.2452808859965,100.01158634861662,50.52893805195335,33.83333333,0.3098112354398601,4.647168531597901
9/3/2016,Tomato,Sandy Loam,6.4342073846285395,23.058708084347455,69.98959789263537,12.46827175463071,181.9015586140051,102.91450086702108,56.711144033933145,21.75,0.5760623445602039,8.640935168403058
9/4/2016,Tomato,Sandy Loam,7.16994814672978,22.95752997836026,71.64473190493719,12.335807888859382,171.028516269685,100.21140817457007,69.52040315048988,33.83333333,0.1411406507874003,2.117109761811004
9/5/2016,Tomato,Sandy Loam,5.855239638910405,22.246804400594,84.31770025886685,14.122022880249324,179.92732494402472,92.3990588346194,67.47111152454178,42.29166667,0.4970929977609891,7.456394966414837
9/6/2016,Tomato,Sandy Loam,5.8183350689596285,21.3005130216043,69.81250453458772,8.881186907203755,181.93685697833777,96.24128089304041,56.58756134068435,42.29166667,0.5774742791335113,8.66211418700267
9/7/2016,Tomato,Sandy Loam,6.8149427377123075,23.733508753545063,83.03290846510177,10.145987238742912,176.68487781633922,106.04792061107266,61.75590810132744,13.29166667,0.3673951126535687,5.510926689803531
9/8/2016,Tomato,Sandy Loam,7.240286011103475,22.523192892036715,76.61063008915474,9.673924612204775,185.41824407491643,107.22836092191035,66.94593491070988,13.29166667,0.7167297629966576,10.750946444949864
9/9/2016,Tomato,Sandy Loam,7.284852355072079,22.220916584733274,67.46592932742496,14.277521710224532,172.13196506267545,92.7460006543114,58.82548673500138,42.29166667,0.1852786025070174,2.7791790376052616
9/10/2016,Tomato,Sandy Loam,6.787480916754493,22.76647467974488,74.34624756310136,12.693305888246348,171.50275563471618,109.0477350479745,50.35915727500302,33.83333333,0.160110225388647,2.4016533808297056
9/11/2016,Tomato,Sandy Loam,6.550978460418635,21.578371307457317,83.97097434721752,13.314417798338482,184.56377512407207,96.57645235697218,51.4902092363728,21.75,0.6825510049628827,10.23826507444324
9/12/2016,Tomato,Sandy Loam,6.162786175393032,21.397646337314622,73.37131196274717,6.3309826882941085,179.90982632412397,103.24627477461439,60.20785442697413,33.83333333,0.4963930529649588,7.445895794474382
9/13/2016,Tomato,Sandy Loam,7.460000831198663,22.21657566437383,82.26773129578724,12.9184669286816,183.76804792855472,105.03650291913362,69.38878751351757,42.29166667,0.6507219171421889,9.760828757132831
9/14/2016,Tomato,Sandy Loam,6.139391373332501,21.68166208229973,70.12857389303416,9.329787660574969,178.69654677207492,106.23892469275766,63.864190844377354,13.29166667,0.447861870882997,6.717928063244955
9/15/2016,Tomato,Sandy Loam,6.988372214463187,21.732870883611493,76.41844303600746,5.233386828306471,174.92804066478215,108.91499404451861,51.41832382877139,13.29166667,0.2971216265912855,4.456824398869283
9/16/2016,Tomato,Sandy Loam,6.563963599810002,23.67753446333559,81.87704116403947,5.600883527432846,186.382046353484,96.25839096057645,53.787217515837256,21.75,0.7552818541393598,11.329227812090396
9/17/2016,Tomato,Sandy Loam,6.717024685050694,22.592277531557475,83.41376882339391,11.779079397348443,185.98831757937958,107.17012909103109,65.426462864337,13.29166667,0.7395327031751834,11.092990547627751
9/18/2016,Tomato,Sandy Loam,6.286961101177252,22.450407192970054,74.71646734302601,8.720124411459699,183.89392941708854,92.63373806872414,66.8287951991249,33.83333333,0.6557571766835414,9.83635765025312
9/19/2016,Tomato,Sandy Loam,7.429646250944495,23.06843878118579,77.79376204290858,13.681155732234805,175.44290274459925,104.10081812707185,62.35389172377182,33.83333333,0.3177161097839701,4.765741646759552
9/20/2016,Tomato,Sandy Loam,6.643364652198542,23.85464434103022,65.05960261564663,12.342731338758664,181.80461333738174,104.83955459027972,62.888463392596336,13.29166667,0.5721845334952697,8.582768002429045
9/21/2016,Tomato,Sandy Loam,7.37557526091758,21.33659569341169,70.06446615026779,5.216800116669617,177.21947793880054,103.55446482402641,50.566749007667696,33.83333333,0.3887791175520214,5.831686763280322
9/22/2016,Tomato,Sandy Loam,5.515182832347828,23.500603701327773,70.57424207493892,11.86888311836002,171.8316414665327,95.04629472270307,66.57060519163016,21.75,0.1732656586613073,2.59898487991961
9/23/2016,Tomato,Sandy Loam,6.6453411663822415,22.752057539603538,66.86986023308862,6.923524727323562,188.34627150924484,107.46086294030407,65.7655041634166,33.83333333,0.8338508603697943,12.507762905546914
9/24/2016,Tomato,Sandy Loam,6.934373779450543,21.43849606143551,70.59390026713953,9.22582568703912,172.73637261837922,93.3771692674079,55.180702882066946,21.75,0.2094549047351691,3.1418235710275373
9/25/2016,Tomato,Sandy Loam,6.990160342324436,21.891447956066976,71.42244066116278,11.247352021229627,189.00474707641604,91.07269583041662,64.17353439931014,33.83333333,0.860189883056642,12.902848245849633
9/26/2016,Tomato,Sandy Loam,7.309953763563363,22.44708424939422,84.37532079136386,13.727178412956928,178.92011545915912,104.34929981223824,54.29709212849996,58.0,0.4568046183663646,6.85206927549547
9/27/2016,Tomato,Sandy Loam,5.508803218007572,23.07353143373227,78.37204761121676,9.560978883919391,173.7026585767724,99.50951430465467,50.80660322103026,33.83333333,0.2481063430708957,3.721595146063436
9/28/2016,Tomato,Sandy Loam,5.500660318518953,21.727821050860356,73.52010158832688,13.084904541911344,180.83801894756715,106.98196039917352,54.022730851807545,33.83333333,0.5335207579026865,8.002811368540298
9/29/2016,Tomato,Sandy Loam,6.44452692159043,22.60463644640277,84.76108921391018,12.82965662800633,187.45891671752815,97.66794282116518,53.57257753508599,58.0,0.7983566687011266,11.9753500305169
9/30/2016,Tomato,Sandy Loam,5.558587410010741,23.054014882247586,68.06464640469223,9.145385128512585,184.64449772819123,93.36557177015426,56.75495993469694,42.29166667,0.685779909127649,10.286698636914734
10/1/2016,Tomato,Sandy Loam,7.449065107324749,22.346222252542518,74.5210238786097,10.00980163432903,186.131222957229,106.72884384939739,58.36898994350916,21.75,0.7452489182891598,11.178733774337395
10/2/2016,Tomato,Sandy Loam,5.9441303490827835,23.589077883360527,77.94124414098098,12.004850100498132,183.17566733421435,100.97819263280144,60.17077782995416,42.29166667,0.6270266933685739,9.405400400528608
10/3/2016,Tomato,Sandy Loam,6.44532945872969,23.608377308521213,66.11161268968154,5.311484346469397,183.84553129035706,93.7839158478071,59.53507751016656,42.29166667,0.653821251614282,9.80731877421423
10/4/2016,Tomato,Sandy Loam,5.622275260024447,22.412073652921336,79.33997716166238,13.90811413799246,186.98391303130637,104.40767997172891,55.413492119305786,58.0,0.7793565212522554,11.690347818783833
10/5/2016,Tomato,Sandy Loam,6.544096832342517,23.918777131226697,66.9973470584398,12.698161594376934,174.99336017718372,100.22227276979001,50.58341337148149,42.29166667,0.2997344070873488,4.496016106310232
10/6/2016,Tomato,Sandy Loam,6.259912250294817,21.22675527721634,67.80564617199354,7.494158814023304,179.78849927286282,102.0862596448064,62.10203244474302,42.29166667,0.4915399709145124,7.373099563717686
10/7/2016,Tomato,Sandy Loam,5.589320057754447,21.01008713496881,68.19379024924169,14.811799531889756,174.42418883639203,99.21796676413163,57.91489659694709,21.75,0.2769675534556818,4.154513301835227
10/8/2016,Tomato,Sandy Loam,6.170248533392449,22.142004791411757,83.57779653311036,6.793903525896187,189.75336015993292,106.57417967636013,55.97344314775099,21.75,0.8901344063973177,13.352016095959764
10/9/2016,Tomato,Sandy Loam,6.282872040445711,22.803291184117526,78.66471090276336,14.140866737044018,188.88118679373227,106.591254313661,67.33882085661025,33.83333333,0.8552474717492906,12.82871207623936
10/10/2016,Tomato,Sandy Loam,7.47984298254988,22.887600472348982,78.10855002206208,8.24473458323111,170.78853622737012,104.18777643648772,64.93486615596319,42.29166667,0.1315414490948047,1.9731217364220708
10/11/2016,Tomato,Sandy Loam,5.915771743838751,22.429337208881485,76.10986992929985,12.63146710164136,184.11150345031376,92.10802754792924,67.15531096744884,13.29166667,0.6644601380125508,9.966902070188262
10/12/2016,Tomato,Sandy Loam,6.5895592307402,21.374649939721937,70.85611997390205,9.563765932479452,188.5049663483133,106.77707723808138,59.89965589424922,13.29166667,0.8401986539325327,12.60297980898799
10/13/2016,Tomato,Sandy Loam,7.474631098397257,21.51149256536368,77.41779409198703,12.36467387450002,173.61150690254667,103.42025961065819,52.61862504253555,33.83333333,0.2444602761018668,3.6669041415280015
10/14/2016,Tomato,Sandy Loam,7.08403841588027,23.556443951556027,73.2029943977728,6.557830479393663,181.3589046110526,103.94048332008599,63.924428722425446,21.75,0.5543561844421036,8.315342766631554
10/15/2016,Tomato,Sandy Loam,7.486735001764178,23.603733395217784,67.9083230018523,7.695064583864828,188.30976595176082,97.25965680807744,54.1214755987435,58.0,0.8323906380704335,12.4858595710565
10/16/2016,Tomato,Sandy Loam,7.436596629320339,23.02169561358216,78.79194580655466,5.998578244720257,170.67891957171597,107.58559112314013,58.82459338183433,33.83333333,0.127156782868639,1.907351743029586
10/17/2016,Tomato,Sandy Loam,6.479079084188308,22.992653916836648,67.59164335859846,13.651439814378032,183.9484053449368,104.50743200469715,51.30001577897777,13.29166667,0.6579362137974719,9.86904320696208
10/18/2016,Tomato,Sandy Loam,6.892751699741131,22.79304638408342,68.81337162042347,7.962929877694993,175.94698014745103,92.2518093305839,66.50616804845964,21.75,0.3378792058980406,5.06818808847061
10/19/2016,Tomato,Sandy Loam,5.720886253882302,21.608777657105964,81.35398623695212,11.944762294166631,188.48792390753061,98.15556068812326,52.51881282095001,33.83333333,0.8395169563012244,12.592754344518363
10/20/2016,Tomato,Sandy Loam,6.382297650093603,22.28475210077971,78.20234192250308,13.20221197741528,189.42116490330736,107.72760723920283,68.0619501409862,21.75,0.8768465961322942,13.152698941984411
10/21/2016,Tomato,Sandy Loam,7.118037084533395,23.087683954390137,77.61982308427285,14.01418236379346,188.88532978226868,90.94393403394758,67.28461204523114,21.75,0.8554131912907471,12.831197869361208
10/22/2016,Tomato,Sandy Loam,6.510670641954286,22.611756816010015,73.36405568685448,6.062971153117179,179.48428433314928,109.228332392841,59.29165528878492,33.83333333,0.479371373325971,7.190570599889565
10/23/2016,Tomato,Sandy Loam,6.905398065634464,21.0557410021653,72.92561036478742,13.930149335126124,187.24085301978627,103.58325136639125,64.88736408607981,33.83333333,0.7896341207914508,11.844511811871762
10/24/2016,Tomato,Sandy Loam,6.991502659968554,23.860670420160297,78.80525218370802,6.972527777307195,186.89098797070142,102.62751955286754,62.38890147636307,42.29166667,0.7756395188280564,11.634592782420846
10/25/2016,Tomato,Sandy Loam,6.0069382824857875,23.53444815771643,79.80011077218091,12.369020115909615,176.38200946486512,95.41118512975983,66.0615128467549,33.83333333,0.3552803785946045,5.329205678919068
10/26/2016,Tomato,Sandy Loam,7.2513987458851314,21.781635042329214,75.20426404728622,12.288490193646112,186.57830948301356,94.97583577478355,58.63610201571824,13.29166667,0.7631323793205419,11.446985689808129
10/27/2016,Tomato,Sandy Loam,6.419644861818358,22.84937680549889,84.38538488697053,5.085031417409542,170.74015269430984,108.8411643897719,65.716169684887,33.83333333,0.1296061077723941,1.944091616585912
10/28/2016,Tomato,Sandy Loam,5.920370207243088,23.769718151184563,84.11399117837743,7.206239083102543,181.92539756964106,95.96544908468246,59.24913634130296,42.29166667,0.5770159027856424,8.655238541784636
10/29/2016,Tomato,Sandy Loam,7.230831763576887,21.288033036340956,73.24858980025517,9.919085146648673,174.60017674575406,105.51010593438,68.81931575685587,21.75,0.2840070698301624,4.260106047452437
10/30/2016,Tomato,Sandy Loam,6.3356376122125075,22.5090884423901,81.41244508566308,9.20034706663282,172.41133771554559,97.86243596414158,59.72744201650295,21.75,0.196453508621823,2.946802629327346
10/31/2016,Tomato,Sandy Loam,7.0006248767594395,22.368729077538884,75.86535683196831,14.185734798846095,171.53906403258418,92.78508141569408,59.252385438674594,33.83333333,0.1615625613033673,2.42343841955051
11/1/2016,Tomato,Sandy Loam,6.596066144443186,22.230615015850596,75.23511775114349,8.597408695025232,183.92577551756278,90.21430595390719,65.70143723127026,58.0,0.6570310207025118,9.855465310537678
11/2/2016,Tomato,Sandy Loam,6.263743504469001,23.506765826678773,66.09928122757303,14.369837148359624,176.79749927536133,100.88514674030502,66.43155383521676,42.29166667,0.3718999710144529,5.578499565216794
11/3/2016,Tomato,Sandy Loam,7.119752830077139,22.14193844009237,76.47949420936621,9.594293183925313,184.49533543057524,109.51557637097865,61.089782286423414,33.83333333,0.6798134172230091,10.197201258345135
11/4/2016,Tomato,Sandy Loam,6.668939863289226,21.190989999723023,83.0115586112633,14.643528966401655,171.30712681597885,97.38272387618409,53.59595626990151,13.29166667,0.1522850726391539,2.284276089587309
11/5/2016,Tomato,Sandy Loam,6.281124204854064,21.19751322649291,80.60267698390184,12.373548100248613,176.3058067566122,97.1438466798609,59.355164619151594,42.29166667,0.3522322702644883,5.283484053967325
11/6/2016,Tomato,Sandy Loam,5.719195740670254,21.128233819573826,80.72634289398525,13.29334591632156,180.78982584750673,96.88183235698884,69.36145005819357,33.83333333,0.5315930339002698,7.973895508504047
11/7/2016,Tomato,Sandy Loam,7.2908906275334155,22.22743626562211,68.19858077152678,6.04876888349001,185.81446329677928,100.41087674609717,65.0597238607837,58.0,0.7325785318711708,10.988677978067562
11/8/2016,Tomato,Sandy Loam,5.570939170683333,23.15521883309508,72.16898894267128,10.861414332423678,176.3750500586414,98.81329766848587,66.22325207758264,33.83333333,0.3550020023456559,5.325030035184839
11/9/2016,Tomato,Sandy Loam,7.226374696736112,21.611167385791546,69.66409833300472,6.427003598293508,182.51782752874018,107.59829253454029,50.656509976384804,13.29166667,0.6007131011496073,9.01069651724411
11/10/2016,Tomato,Sandy Loam,6.219923049766311,22.93940556129465,71.31830564911272,7.976210020509741,187.71955496472373,100.1104158344698,59.3571892526832,58.0,0.8087821985889497,12.131732978834243
11/11/2016,Tomato,Sandy Loam,6.778677527002811,23.061265416311112,76.5907868698745,11.23565406167268,182.31726376364608,100.15515676377137,62.93242267315111,13.29166667,0.5926905505458436,8.890358258187655
11/12/2016,Tomato,Sandy Loam,7.34439944767137,21.765606372046793,72.29567626740496,12.262257046938908,174.65918949507267,92.76743189441113,66.60065367256149,33.83333333,0.286367579802907,4.295513697043606
11/13/2016,Tomato,Sandy Loam,5.803413231007797,22.801672968181887,76.21395634928533,5.391837820112508,170.48801563113076,109.65479081820772,50.98547307165543,33.83333333,0.1195206252452304,1.7928093786784565
11/14/2016,Tomato,Sandy Loam,6.633900951277621,23.054605020080544,73.77002496549154,10.309437310723649,187.4019774780186,94.9994578173766,67.04877771283746,42.29166667,0.7960790991207439,11.94118648681116
11/15/2016,Tomato,Sandy Loam,7.028865724740384,22.39984086840638,70.73231116899456,10.653139862898865,170.42538821700774,91.46728134919205,60.96801873483823,42.29166667,0.1170155286803097,1.755232930204646
11/16/2016,Tomato,Sandy Loam,7.015167665438115,22.010149791840284,66.90806868410317,5.788279971102011,187.49403345368398,103.26292497950418,53.946279411521196,13.29166667,0.7997613381473595,11.996420072210393
11/17/2016,Tomato,Sandy Loam,6.551263829199008,22.857454654722982,82.83676914689565,10.006880342007635,180.57874268054425,101.90732740313746,56.345104328994,21.75,0.5231497072217696,7.847245608326544
11/18/2016,Tomato,Sandy Loam,6.749478919812916,23.93354126198417,65.22746732009297,12.138422800498263,188.78135397025792,98.30291307985492,55.63859103503121,13.29166667,0.851254158810317,12.768812382154756
11/19/2016,Tomato,Sandy Loam,7.015053988265689,22.280524228106934,65.03304976283943,5.532272848755309,185.9756647154733,98.44384467761355,60.61718068576951,13.29166667,0.7390265886189323,11.085398829283983
11/20/2016,Tomato,Sandy Loam,7.1820552755148235,22.175205288855363,81.53595479527092,12.60267776323962,189.95868221066675,105.70127842092862,51.03371359822263,33.83333333,0.89834728842667,13.47520932640005
11/21/2016,Tomato,Sandy Loam,7.023626193751728,22.39280070727834,84.9362188065158,10.764265049041368,177.0142363090342,93.91425280199299,53.17072316999847,21.75,0.3805694523613682,5.708541785420523
11/22/2016,Tomato,Sandy Loam,6.208009886362485,21.228655180335146,79.54205655427313,13.332272082717909,185.34376577862253,106.4050663788978,66.25386086751564,58.0,0.7137506311449016,10.706259467173524
11/23/2016,Tomato,Sandy Loam,7.493452802115466,22.65948983901417,65.3054767612577,7.180625728540699,178.03861827218483,102.97494227790037,52.65207981493622,58.0,0.4215447308873937,6.323170963310906
11/24/2016,Tomato,Sandy Loam,6.369005387438609,21.98609216165179,69.53380453337027,13.332736842131183,179.59751240607818,98.37939547559048,54.66792538916254,21.75,0.4839004962431271,7.2585074436469075
11/25/2016,Tomato,Sandy Loam,5.548929405517867,21.36426636699379,84.43645400523923,5.94560975267468,182.5501092643674,99.16057233167737,59.06741211208315,42.29166667,0.602004370574696,9.03006555862044
11/26/2016,Tomato,Sandy Loam,6.225233903170924,22.39877022335212,81.1720850434767,9.038296964446712,187.47354228372677,95.13294414372191,60.34241776226661,13.29166667,0.798941691349071,11.984125370236065
11/27/2016,Tomato,Sandy Loam,5.755565909147687,21.01015195972193,76.33599687609421,6.994847915246485,189.6816693839859,105.0422866539395,65.27220959228318,21.75,0.8872667753594361,13.309001630391542
11/28/2016,Tomato,Sandy Loam,5.74288523145675,22.205355735488276,69.73721418880717,13.760208322908742,185.36546827729038,100.25749484610536,58.94664853332375,58.0,0.7146187310916146,10.719280966374216
11/29/2016,Tomato,Sandy Loam,6.063070080213789,21.317205803779352,65.28740411853498,12.049198163017738,178.35533564334668,96.41709085499687,65.79729242071078,33.83333333,0.434213425733867,6.513201386008005
11/30/2016,Tomato,Sandy Loam,5.606750988354522,21.07287811019934,65.41722945274817,5.253617771607281,178.4271400455414,101.921002315219,62.36692614090915,42.29166667,0.4370856018216561,6.556284027324842
12/1/2016,Tomato,Sandy Loam,6.877024376819126,23.473425138733507,77.23961727060453,5.095233556139561,184.75164603177782,109.91468904102646,52.26199478847645,13.29166667,0.6900658412711131,10.350987619066697
12/2/2016,Tomato,Sandy Loam,5.64797776840381,23.748746409847904,65.43663752704846,7.912492544816697,174.77554291536606,98.70524559313108,53.12662876785677,58.0,0.2910217166146419,4.365325749219628
12/3/2016,Tomato,Sandy Loam,5.906579110871912,21.62302394507732,84.87260283850745,6.432831142805654,172.2094822626279,108.41382801557239,58.74067450899542,13.29166667,0.1883792905051157,2.825689357576736
12/4/2016,Tomato,Sandy Loam,5.685799428988239,22.617894791502785,68.66767666987477,11.303044775601958,177.09244315281552,96.90033679849132,57.93778786178079,33.83333333,0.3836977261126212,5.755465891689318
12/5/2016,Tomato,Sandy Loam,5.626335461806062,21.833874471392956,79.21414723738555,11.6379693388256,175.74477983308162,91.09465413849972,64.87088539274589,58.0,0.3297911933232654,4.946867899848981
12/6/2016,Tomato,Sandy Loam,6.0355033310790835,22.480732316016546,68.10119442824826,14.419509036613675,175.9261624091198,94.08484212736857,61.61474279594704,58.0,0.3370464963647921,5.055697445471882
12/7/2016,Tomato,Sandy Loam,6.64379793532074,22.30989396268248,75.8018684219543,14.520399245458409,174.6721550209982,98.37390286655369,57.76266162004499,42.29166667,0.286886200839928,4.30329301259892
12/8/2016,Tomato,Sandy Loam,7.4293711128936835,21.807153165241456,66.61222576932435,11.588967054113455,170.84186379272722,94.39269857189137,53.41520566900771,42.29166667,0.1336745517090895,2.0051182756363426
12/9/2016,Tomato,Sandy Loam,7.251113308699212,23.101180738905892,80.33556849066487,5.056751128527087,170.3574786946683,90.00454076436512,54.5367420465099,21.75,0.114299147786731,1.714487216800966
12/10/2016,Tomato,Sandy Loam,7.251867850890649,21.37947287796076,76.69842189449659,8.589979165696143,189.75444779472062,108.30003075495054,61.51002036938118,13.29166667,0.8901779117888252,13.352668676832378
12/11/2016,Tomato,Sandy Loam,5.852134072075315,21.159218346514102,66.7233338680283,10.13141513247266,178.55546267471726,106.87758822461858,58.46877609799585,58.0,0.4422185069886899,6.633277604830349
12/12/2016,Tomato,Sandy Loam,6.02981438699564,23.30302629911184,81.97172378400012,9.99179756508466,177.68653294319364,104.84584462973893,60.29855017721344,42.29166667,0.4074613177277454,6.1119197659161815
12/13/2016,Tomato,Sandy Loam,5.652786633590612,22.99779009366204,75.94037229553405,11.033406295022267,183.5929456538614,93.35629191292057,53.41354870604467,58.0,0.6437178261544558,9.655767392316838
12/14/2016,Tomato,Sandy Loam,7.05693667983037,22.495578372439194,83.43184620026636,14.605514828047603,174.3650777573013,92.40727152419971,63.258125046891315,13.29166667,0.2746031102920513,4.11904665438077
12/15/2016,Tomato,Sandy Loam,5.639632602971124,22.403369311417624,83.33246747356225,13.851926919551538,188.9992236790045,91.35209498944766,67.05077481711933,21.75,0.8599689471601802,12.899534207402704
12/16/2016,Tomato,Sandy Loam,6.613391341641707,22.492234138474277,83.41015578973165,6.0890803345048825,185.72690028831104,104.48058377545843,55.15879013573801,42.29166667,0.7290760115324416,10.936140172986624
12/17/2016,Tomato,Sandy Loam,5.995751144647901,22.31107222829602,66.55570400400936,7.659803913933932,171.7882200462452,108.5761592137577,59.83028451663653,21.75,0.1715288018498076,2.572932027747114
12/18/2016,Tomato,Sandy Loam,5.986891268057489,22.178676887493538,67.41915523509047,13.331094174196362,178.35161551569857,98.61071641826074,69.51054658041804,58.0,0.4340646206279427,6.51096930941914
12/19/2016,Tomato,Sandy Loam,7.48145011049521,22.49907180865836,84.75411619432396,13.243069088192067,187.5823661512433,92.38281343992097,56.66483481101455,33.83333333,0.8032946460497318,12.049419690745976
12/20/2016,Tomato,Sandy Loam,7.013559613957074,22.585545513479282,74.75201642797413,7.753707241216709,188.8946404458282,100.24785641464213,61.90092689847522,21.75,0.8557856178331282,12.836784267496924
12/21/2016,Tomato,Sandy Loam,7.1738787165821005,23.07570694225086,69.76428105658296,12.305880306861194,179.3480302249974,96.9766381491726,51.80391400400489,42.29166667,0.4739212089998957,7.108818134998437
12/22/2016,Tomato,Sandy Loam,6.643965370688026,23.133621482202066,80.39328976997317,11.720373787178572,182.26822778421416,97.49649848699995,62.12030004958886,58.0,0.5907291113685662,8.860936670528494
12/23/2016,Tomato,Sandy Loam,7.242028574787499,22.132887240420434,70.28570442424964,9.735239649699617,173.34067892184152,102.42661248311414,51.79263546609236,13.29166667,0.2336271568736602,3.504407353104903
12/24/2016,Tomato,Sandy Loam,6.790981078332706,22.240621568230466,79.54431376037284,7.014549526790294,189.82337252273953,104.37436226524405,69.18470870647644,33.83333333,0.8929349009095813,13.394023513643718
12/25/2016,Tomato,Sandy Loam,7.39234740959269,22.121091509208668,81.74571555699522,13.886431808940864,174.63343402766887,92.21207197746321,64.31325304144623,33.83333333,0.2853373611067547,4.280060416601321
12/26/2016,Tomato,Sandy Loam,6.0626771720912735,22.60960732087713,80.68526754590562,11.778511843068348,188.85463548270252,90.71180461612953,65.76319576271413,21.75,0.8541854193081005,12.812781289621508
12/27/2016,Tomato,Sandy Loam,6.6906390915657905,22.360060613742586,70.48095616395871,6.689929248783747,182.99293297984738,109.8866060537143,64.08208721543274,42.29166667,0.6197173191938947,9.295759787908422
12/28/2016,Tomato,Sandy Loam,6.8802626958737845,23.66878938940858,73.03237148158475,12.048023448408609,182.15473589757718,94.65456697831104,61.794580721529314,42.29166667,0.5861894359030874,8.79284153854631
12/29/2016,Tomato,Sandy Loam,6.285874610055613,23.089083800749417,73.26502006466552,12.4143371957698,180.25377022033018,91.07661049816919,58.99825562171011,42.29166667,0.5101508088132068,7.652262132198103
12/30/2016,Tomato,Sandy Loam,7.259415964808106,23.695969151263338,74.82545836208944,13.868802851210408,174.61339623435518,93.7975065819184,67.16746759522124,42.29166667,0.2845358493742069,4.268037740613105
12/31/2016,Tomato,Sandy Loam,7.459606326208309,23.127410974678277,68.34745703080272,7.228392552419349,173.53056064011017,90.77915692696928,69.13671335086126,58.0,0.2412224256044066,3.6183363840661
1/1/2017,Tomato,Sandy Loam,6.487538982745323,23.91297644557144,74.04940100828685,14.887541054134063,174.4097241814035,97.83621789234343,59.98072345808163,21.75,0.2763889672561402,4.145834508842104
1/2/2017,Tomato,Sandy Loam,6.281281309608678,22.907210334765807,75.21565981030959,6.5339342252692125,173.7287652428851,106.04803568902648,68.63070098310524,42.29166667,0.2491506097154036,3.737259145731054
1/3/2017,Tomato,Sandy Loam,6.443875857112918,23.890650414489166,75.63417993162105,11.00688891859583,185.59168947133506,96.82488899515441,61.66665819977035,33.83333333,0.7236675788534027,10.85501368280104
1/4/2017,Tomato,Sandy Loam,7.205473491463863,21.47450967122828,81.39800859968916,11.571765052734785,177.0025051833346,98.88366813756733,60.767683737928664,21.75,0.3801002073333841,5.701503110000762
1/5/2017,Tomato,Sandy Loam,6.790936851036335,21.15743304248821,75.3466899695899,9.189528952658604,171.15685353126793,103.51173547134877,59.08965465910713,42.29166667,0.1462741412507171,2.194112118760757
1/6/2017,Tomato,Sandy Loam,5.58954474503619,22.737375555611578,69.6156784502735,9.750377087703866,189.38205260281623,100.1778814013976,54.185755230602396,21.75,0.8752821041126491,13.129231561689735
1/7/2017,Tomato,Sandy Loam,6.584339820891429,23.950479617399324,78.26257476488374,13.909100967221374,187.67571769926852,107.22891372042648,50.07439321636119,21.75,0.8070287079707406,12.105430619561108
1/8/2017,Tomato,Sandy Loam,5.53460024548194,22.25281574190719,80.9462828817325,11.45274229665462,188.55504566390425,107.32071350091513,54.83012453712122,13.29166667,0.8422018265561704,12.633027398342556
1/9/2017,Tomato,Sandy Loam,7.057070742006811,21.63613008657888,71.38743332876524,9.970009582346862,189.8981564529287,90.19821390982307,60.1944634320713,21.75,0.8959262581171482,13.438893871757225
1/10/2017,Tomato,Sandy Loam,6.1566245470849275,22.56462434758054,77.9061185803521,6.283495624335247,173.47790498438974,105.56092612966398,57.59919904519505,58.0,0.2391161993755898,3.5867429906338475
1/11/2017,Tomato,Sandy Loam,6.4440149642346585,22.946395873736666,67.93875991892025,5.073376252231347,177.92484037805318,99.21467200483347,58.969704560052676,58.0,0.416993615122127,6.254904226831906
1/12/2017,Tomato,Sandy Loam,7.0973562118152635,21.945536086547666,71.83852609156128,6.249686181518335,185.16476951408183,109.77681082607326,69.612964391281,13.29166667,0.7065907805632731,10.598861708449096
1/13/2017,Tomato,Sandy Loam,5.592897634571523,23.14430807549778,83.18447859099268,14.561845674765054,183.92041236107585,99.6646415175087,57.00544741338655,33.83333333,0.6568164944430338,9.852247416645508
1/14/2017,Tomato,Sandy Loam,5.817083071183221,23.925343521137176,83.22616326325141,12.640867829913308,173.0779181267971,109.73791890776596,59.04365878720216,42.29166667,0.223116725071884,3.346750876078261
1/15/2017,Tomato,Sandy Loam,6.29592075289023,23.690889365131852,76.50649157486127,14.671163275102478,186.31666249981237,105.09138722411473,52.67031102705639,42.29166667,0.7526664999924942,11.289997499887413
1/16/2017,Tomato,Sandy Loam,5.959850327091122,21.874756120536585,79.04702921730214,5.357087097081719,174.48881143673322,94.97209769226613,50.959154648739755,58.0,0.2795524574693285,4.193286862039928
1/17/2017,Tomato,Sandy Loam,6.175802851550126,21.980171049433796,82.08030830411883,11.802204038586392,174.47635229645246,100.76789958573916,65.5081902918499,42.29166667,0.2790540918580985,4.185811377871477
1/18/2017,Tomato,Sandy Loam,7.49634947578493,22.114623673348767,84.17106370625254,5.44293526403418,180.73948845786828,109.84271278957166,61.41366350143957,58.0,0.5295795383147309,7.943693074720964
1/19/2017,Tomato,Sandy Loam,7.150828875147622,22.183658335180937,74.79772880579539,12.820564688688233,181.85879869683407,107.15061215503847,65.2140961208779,42.29166667,0.5743519478733625,8.615279218100438
1/20/2017,Tomato,Sandy Loam,7.267803629920217,21.30095849757984,76.23151473252068,8.809501727351943,181.60172415675623,91.94733787582442,52.99725597773103,13.29166667,0.5640689662702489,8.461034494053735
1/21/2017,Tomato,Sandy Loam,7.3741092671315505,23.285888516667868,73.3128313329566,5.957653601064949,171.8297367479551,104.12743993619992,61.43657542365382,42.29166667,0.1731894699182039,2.5978420487730585
1/22/2017,Tomato,Sandy Loam,6.1818717606283915,22.0960177908321,66.43963874112858,10.680466417875152,187.5492172526076,96.91159171741626,55.07284948682751,42.29166667,0.8019686901043043,12.029530351564564
1/23/2017,Tomato,Sandy Loam,6.094153915592946,23.639459930116356,73.45606944897636,7.801201966013881,175.31200085177412,90.13964523760696,54.5612363380004,33.83333333,0.3124800340709648,4.687200511064473
1/24/2017,Tomato,Sandy Loam,5.96812498514415,23.780821869360327,80.81254678766155,11.595739418718184,172.59029842565607,98.06961938053999,50.230520281059704,21.75,0.2036119370262433,3.0541790553936505
1/25/2017,Tomato,Sandy Loam,7.160233822616245,21.073293927923064,81.09770995983058,11.581747595137903,187.77496159737956,94.69508843449943,52.60681447138144,58.0,0.8109984638951818,12.164976958427728
1/26/2017,Tomato,Sandy Loam,6.85910372457037,23.96550920978462,82.84754229186599,12.050074741207528,189.11302996459506,106.37738541040943,56.185362229993906,42.29166667,0.8645211985838027,12.96781797875704
1/27/2017,Tomato,Sandy Loam,5.972343964965755,23.130068194500552,66.02933410351937,14.92465078777759,187.242552345309,96.7466121769153,52.33757521181878,58.0,0.7897020938123606,11.845531407185408
1/28/2017,Tomato,Sandy Loam,6.253987658420909,22.561176677978885,75.54309179161268,8.866977099474054,186.19032149449757,106.55047387907635,69.71716880821876,21.75,0.7476128597799024,11.214192896698536
1/29/2017,Tomato,Sandy Loam,6.513423527865596,22.16858282511766,67.14848975874152,9.653154744851008,183.10483961278044,90.0119587766959,56.172652970479014,33.83333333,0.6241935845112174,9.36290376766826
1/30/2017,Tomato,Sandy Loam,6.556280114547508,22.555554397829138,69.01484366331486,13.046117010253408,181.0171474121828,96.15638300052238,52.606478934046564,33.83333333,0.5406858964873115,8.110288447309673
1/31/2017,Tomato,Sandy Loam,7.27745545710343,21.973874171935332,83.00433004761213,10.783700230218852,171.7397351982282,94.82330428615523,53.98164625655915,58.0,0.1695894079291281,2.543841118936922
2/1/2017,Tomato,Sandy Loam,6.261132265894433,22.868063441089646,74.93582516859392,5.372572106877996,178.16906426141398,94.67134722137222,61.75406456682953,13.29166667,0.4267625704565589,6.401438556848385
2/2/2017,Tomato,Sandy Loam,7.3170480610010245,21.278940829334374,80.17089841793228,13.430785202598566,177.45377034024628,91.36373239530926,51.28087047729577,33.83333333,0.3981508136098511,5.972262204147768
2/3/2017,Tomato,Sandy Loam,6.3827351206395795,22.86336780873543,66.28768211857361,5.514986819380409,175.1950756752065,93.74248540821003,67.24868260282314,42.29166667,0.307803027008261,4.617045405123915
2/4/2017,Tomato,Sandy Loam,6.992745349584707,21.826034550415333,73.33653007849703,6.7082013649178425,184.4684022737717,101.1109913977124,69.22999358474294,21.75,0.678736090950868,10.18104136426302
2/5/2017,Tomato,Sandy Loam,7.360508639970112,21.05290448715704,78.48480561328675,6.020799669741872,179.9175147015754,95.82722145675488,54.93494841334762,58.0,0.4967005880630166,7.45050882094525
2/6/2017,Tomato,Sandy Loam,7.315151407926533,22.658117298488634,67.66812962556426,5.779271328811202,171.62092431815296,98.34789564658296,59.00190537181719,13.29166667,0.1648369727261183,2.472554590891775
2/7/2017,Tomato,Sandy Loam,5.613905734591363,22.73534326755809,71.51635758211367,5.256848753047102,174.40366403899623,97.53733760694377,50.44268902058994,42.29166667,0.276146561559849,4.142198423397736
2/8/2017,Tomato,Sandy Loam,5.9114085899531394,22.27970701413461,66.29095610047767,5.550277139723674,183.66517527319192,107.51809849999789,62.81420449454443,13.29166667,0.6466070109276767,9.699105163915153
2/9/2017,Tomato,Sandy Loam,6.45381085106455,21.21685869765095,78.02679881739022,9.4243918917881,171.522617189806,108.10597998021031,58.27852116105178,42.29166667,0.1609046875922401,2.4135703138836027
2/10/2017,Tomato,Sandy Loam,6.363108579906214,23.680028858412573,84.41782518116237,7.528522699826139,187.02413828097536,99.8591394331172,55.401169322031116,13.29166667,0.780965531239015,11.714482968585225
2/11/2017,Tomato,Sandy Loam,6.781783329674414,22.834292421683667,81.54090982285659,6.265368834188188,179.9029305402795,96.60311900631208,54.136742212332166,42.29166667,0.4961172216111794,7.441758324167692
2/12/2017,Tomato,Sandy Loam,7.389418101650825,21.34713989870691,84.4924623361513,11.58705542726526,179.61173154653295,92.13601408004727,63.08046155317521,21.75,0.4844692618613184,7.267038927919777
2/13/2017,Tomato,Sandy Loam,5.724809422555897,22.532791729782442,81.91209590196793,7.261119106342585,181.84815569319036,109.0680575876419,58.32434062064629,58.0,0.5739262277276141,8.608893415914212
2/14/2017,Tomato,Sandy Loam,6.403717330268481,22.491762947845416,82.10391612393957,5.189491553448095,186.493619318503,91.20453889800595,53.59318578059824,42.29166667,0.7597447727401193,11.39617159110179
2/15/2017,Tomato,Sandy Loam,5.884822075774279,21.181205606378782,76.54354390742685,9.184197837673278,176.95618415804387,95.9530055513656,63.782181629736485,21.75,0.3782473663217545,5.6737104948263175
2/16/2017,Tomato,Sandy Loam,7.288215196795895,22.820579110808843,75.36504622826419,8.104329919783051,183.56032305118129,95.96132402340008,61.301445660733876,42.29166667,0.6424129220472509,9.636193830708764
2/17/2017,Tomato,Sandy Loam,7.429160371603306,23.424979196764692,73.12508532855655,8.186044313464928,181.3146392799158,96.4080257228043,67.17344109858992,33.83333333,0.5525855711966329,8.288783567949492
2/18/2017,Tomato,Sandy Loam,6.4574033637807,23.247024162745433,81.3618979009176,9.452700281815616,175.34056540338844,93.28573686544819,52.34951797752986,21.75,0.3136226161355371,4.704339242033057
2/19/2017,Tomato,Sandy Loam,5.708020595456281,21.60890824249255,68.6413522455605,11.689139272342777,187.57259972710315,105.66322861847394,65.71333203888912,21.75,0.8029039890841264,12.043559836261895
2/20/2017,Tomato,Sandy Loam,7.070589333445346,23.586877588662635,66.12449831648387,11.16479120037994,185.94852043213857,92.44995723931979,63.47033573634518,58.0,0.7379408172855425,11.069112259283138
2/21/2017,Tomato,Sandy Loam,6.894282700984798,22.02762649697805,83.9578764536935,14.372616097888756,183.16903669316852,102.69813318306325,52.30021873656196,42.29166667,0.6267614677267404,9.401422015901105
2/22/2017,Tomato,Sandy Loam,6.209341653220621,23.839525134875824,65.07556370406954,10.177166663025217,187.01163458188483,92.47692053411635,63.896414597434415,13.29166667,0.7804653832753935,11.706980749130905
2/23/2017,Tomato,Sandy Loam,7.2748149479379265,21.21524389267714,84.53658643751703,9.725699097250722,187.34588401919603,91.41071275185914,58.83094577759661,21.75,0.7938353607678419,11.907530411517628
2/24/2017,Tomato,Sandy Loam,7.451663779565415,22.45862606555953,79.57706739747532,7.13414435216897,184.16725953430068,108.18859007371753,68.89969571111686,13.29166667,0.6666903813720279,10.000355720580416
2/25/2017,Tomato,Sandy Loam,6.61570769826039,22.791373131532648,71.56997839395655,12.553812888481568,186.74026656727344,93.80257532637411,52.83222701235799,58.0,0.7696106626909377,11.544159940364066
2/26/2017,Tomato,Sandy Loam,6.631455822688585,21.742950295423814,78.9563968617262,6.407757762142847,183.94942923338567,106.42500309119409,62.85666781631476,21.75,0.6579771693354269,9.869657540031405
2/27/2017,Tomato,Sandy Loam,6.095027010227556,23.314140566160685,81.35750314370254,9.91132889820484,183.602815435206,100.89261742214272,57.63960090925892,42.29166667,0.6441126174082403,9.661689261123604
2/28/2017,Tomato,Sandy Loam,6.669012071966629,22.88068703943215,69.90724111972872,9.213221983874444,182.37222756430367,91.5571303921754,69.13629341181755,58.0,0.5948891025721474,8.923336538582213
3/1/2017,Tomato,Sandy Loam,6.3792846410496935,21.054328311863866,80.41791366559164,11.583008784044033,185.05433279115283,109.10896382876135,56.59949790580553,58.0,0.702173311646113,10.532599674691694
3/2/2017,Tomato,Sandy Loam,6.104382053856104,22.82510577208871,81.08739250016481,14.176214699566588,173.17210210586148,94.93922333983785,69.243718189836,33.83333333,0.2268840842344589,3.4032612635168844
3/3/2017,Tomato,Sandy Loam,5.634370393047803,22.47443470325534,69.9870926025069,14.465955914982224,187.61741518397858,107.19290690705213,68.02971702201498,13.29166667,0.8046966073591427,12.07044911038714
3/4/2017,Tomato,Sandy Loam,6.00541571941825,21.588087605110523,65.83852708755967,6.677992671631584,187.43687055490463,93.37620011569129,55.407664706213126,42.29166667,0.7974748221961856,11.962122332942783
3/5/2017,Tomato,Sandy Loam,5.895709299355329,23.987244681178588,69.08244569116195,7.618172182671782,170.58494566069118,107.07885764283705,66.07083553652856,58.0,0.1233978264276473,1.8509673964147093
3/6/2017,Tomato,Sandy Loam,6.584083969107898,23.691486584482846,69.01292817778788,13.116353199647063,186.51633501129527,90.26457625810588,69.91208403607013,58.0,0.7606534004518102,11.409801006777151
3/7/2017,Tomato,Sandy Loam,6.703340043527188,21.87752308508719,66.30480908350967,10.18279762449193,172.5773973494689,100.23560913138961,55.053260043425645,42.29166667,0.2030958939787561,3.0464384096813424
3/8/2017,Tomato,Sandy Loam,6.717143448612033,22.62321276239585,79.52014769310392,9.530345683557318,176.70237708518283,105.38885158843114,58.73554338646639,58.0,0.3680950834073135,5.521426251109704
3/9/2017,Tomato,Sandy Loam,6.276362002091358,21.949506419730874,72.59949848916817,12.106254523807058,184.87016512583216,108.69591034985567,60.403614731335196,33.83333333,0.6948066050332862,10.422099075499291
3/10/2017,Tomato,Sandy Loam,6.3424594673709915,23.326487254908233,82.68772334907717,11.019249526069718,173.21519792096618,108.18404272412974,55.898622716077284,33.83333333,0.2286079168386465,3.4291187525796984
3/11/2017,Tomato,Sandy Loam,7.16847685928128,23.790994299589364,70.04342211330372,14.707140544213344,186.35934048238124,106.3924973909529,50.30529679292059,13.29166667,0.7543736192952498,11.315604289428748
3/12/2017,Tomato,Sandy Loam,6.452465627034325,22.07648582074315,74.06464330199854,10.83974652288267,186.64268355915485,107.76382699322608,54.40258488395053,33.83333333,0.7657073423661935,11.485610135492903
3/13/2017,Tomato,Sandy Loam,7.475546664274245,23.416752747430884,77.78034857853525,9.659738263472534,180.14935467521673,93.98439371674154,55.63873768683517,42.29166667,0.505974187008669,7.589612805130035
3/14/2017,Tomato,Sandy Loam,6.37923446001773,22.495222628139615,82.54929899343556,10.428173620781756,170.12771743433666,95.68368591423457,58.871994026363744,13.29166667,0.1051086973734668,1.576630460602003
3/15/2017,Tomato,Sandy Loam,6.799161889235678,22.18973568393473,75.4924220323875,13.085398166969732,175.74076266349826,95.77937049842117,53.42204956826804,33.83333333,0.3296305065399302,4.944457598098953
3/16/2017,Tomato,Sandy Loam,5.600725997986792,23.81526555629631,72.47049255624765,11.12675056785221,182.33853836751484,97.54107862003397,67.46508713383345,21.75,0.5935415347005938,8.903123020508907
3/17/2017,Tomato,Sandy Loam,6.8066798488376214,22.531214066157094,82.34030156944019,11.470480913867178,189.62372356054846,97.86641340770377,64.09822265462672,13.29166667,0.8849489424219388,13.27423413632908
3/18/2017,Tomato,Sandy Loam,7.202852788830012,22.402231500772395,71.2049284937522,14.71438880036592,182.63627054033336,100.8911064930935,51.70400955119324,33.83333333,0.6054508216133347,9.08176232420002
3/19/2017,Tomato,Sandy Loam,7.3849156770665925,23.01730320588703,66.58847399265153,11.183954844254574,175.19607162128318,93.19759526732882,63.00184902279863,21.75,0.3078428648513278,4.617642972769918
3/20/2017,Tomato,Sandy Loam,7.494641223279541,21.783702603054852,73.9008421502048,8.802852483345397,182.68011406199224,103.82493327571979,63.07312952811241,42.29166667,0.6072045624796891,9.108068437195335
3/21/2017,Tomato,Sandy Loam,6.0643572912984665,21.974378612364948,80.70186612995984,11.913260270127966,180.7997075943171,93.35133078609013,69.12442347287255,58.0,0.5319883037726844,7.979824556590265
3/22/2017,Tomato,Sandy Loam,6.6507401296514335,23.79613750871587,65.61561663507047,11.594593969773117,185.59690790302287,96.20616964209096,50.06041742712323,33.83333333,0.7238763161209149,10.858144741813724
3/23/2017,Tomato,Sandy Loam,6.401435971064295,23.035589536310827,76.71764489979184,5.138476355063819,172.13961277653917,100.06690261212307,54.958648996116146,58.0,0.1855845110615667,2.783767665923501
3/24/2017,Tomato,Sandy Loam,6.627634961150342,23.479911443313018,76.88928097054472,9.67329296785833,185.22055805004055,105.92881123046955,68.55582958750631,13.29166667,0.7088223220016224,10.632334830024336
3/25/2017,Tomato,Sandy Loam,5.814905914379693,21.81333528580629,83.57083526854763,12.429036028823994,180.8253315735222,104.78938466477454,68.64267830796567,13.29166667,0.5330132629408882,7.995198944113324
3/26/2017,Tomato,Sandy Loam,7.212299145191883,22.631370569789617,70.72929634290044,9.99041457721129,189.2598400771799,102.91068712821044,64.41172838741275,21.75,0.8703936030871957,13.055904046307935
3/27/2017,Tomato,Sandy Loam,7.319137886689175,23.914188800968496,70.57673226421392,12.796211359353894,176.83744332077373,93.11546521160341,65.31526642095079,13.29166667,0.3734977328309489,5.602465992464233
3/28/2017,Tomato,Sandy Loam,6.399323326225845,21.95611169708465,73.80967302679356,9.508836964276144,182.65243786267897,100.94090691231156,51.82965915859294,13.29166667,0.6060975145071585,9.091462717607378
3/29/2017,Tomato,Sandy Loam,6.0608597231471535,21.481429428951124,72.1382980294303,14.833215976372356,188.64056211020034,91.7489300359977,60.27751669556467,21.75,0.845622484408014,12.68433726612021
3/30/2017,Tomato,Sandy Loam,5.781666855306025,22.532658024673992,79.72691725378654,7.928915892038887,172.05019455981358,97.54726353593301,54.63165982577999,42.29166667,0.1820077823925434,2.7301167358881515
3/31/2017,Tomato,Sandy Loam,6.867529649555609,22.163463266174627,77.83504154263099,5.921226081460736,188.74456974472903,98.27033060579919,53.62436087227235,42.29166667,0.8497827897891609,12.746741846837413
4/1/2017,Tomato,Sandy Loam,6.124463679241471,21.47873169836014,80.17842075812533,9.300118011540974,183.75771444601628,90.79622878891507,66.20606598246665,13.29166667,0.6503085778406507,9.75462866760976
4/2/2017,Tomato,Sandy Loam,7.319077139826778,23.665654148110104,81.40083582397378,10.41709024873919,171.35674118210343,95.47976198939944,52.70076273361095,13.29166667,0.1542696472841375,2.314044709262063
4/3/2017,Tomato,Sandy Loam,6.8420249496897405,23.972171731661334,83.45962265468296,8.490937316824615,176.01927133893633,109.1129893453298,59.37303273992771,33.83333333,0.340770853557453,5.111562803361795
4/4/2017,Tomato,Sandy Loam,6.791370650348481,22.705746542069992,73.61873463569296,7.42281160117959,184.16344177290563,109.07265215659379,68.77156479172066,33.83333333,0.6665376709162253,9.99806506374338
4/5/2017,Tomato,Sandy Loam,6.6188042317964815,23.324030305120363,84.693947789431,11.720586913854891,171.34701202937543,97.04654108505079,53.71664111130685,42.29166667,0.1538804811750173,2.308207217625261
4/6/2017,Tomato,Sandy Loam,5.591552678857451,23.5771151086389,69.31321626807305,8.771250998562522,181.64340920352547,90.86200217896648,69.5598684747647,33.83333333,0.5657363681410187,8.48604552211528
4/7/2017,Tomato,Sandy Loam,7.363844871371174,23.10294601806548,79.28730323894658,11.313685291006369,176.91766113905913,93.58189878656363,69.88575971522118,13.29166667,0.3767064455623654,5.650596683435482
4/8/2017,Tomato,Sandy Loam,6.75587498659892,21.132468147335192,75.68018634614378,12.79071448598776,182.41831035534955,97.8443558686708,61.11234309364806,33.83333333,0.5967324142139817,8.950986213209726
4/9/2017,Tomato,Sandy Loam,7.488123966766221,21.472902695150452,81.33801189369767,12.610026277600236,170.91484067625026,108.9555939593846,53.40285480354316,42.29166667,0.1365936270500103,2.048904405750154
4/10/2017,Tomato,Sandy Loam,6.574712809545774,21.212967573454158,74.53541041212853,8.753093106356912,187.43073612304752,92.8239812707437,56.32209775881791,58.0,0.7972294449219011,11.958441673828515
4/11/2017,Tomato,Sandy Loam,6.920221783812426,21.02963881992617,80.67877270724863,10.678982289501748,189.46977938354794,105.27031687336424,58.4898566535307,13.29166667,0.8787911753419175,13.181867630128764
4/12/2017,Tomato,Sandy Loam,5.612419115732444,21.91798922627171,83.60337429295356,9.496582244427424,189.37755710571383,92.17365078749384,56.186484487164456,13.29166667,0.8751022842285532,13.126534263428296
4/13/2017,Tomato,Sandy Loam,6.763472353646822,22.177067881444678,79.64588532280175,13.708052527096603,184.9930366348585,109.62515154782554,55.612711597530314,13.29166667,0.6997214653943398,10.495821980915096
4/14/2017,Tomato,Sandy Loam,7.029299223180715,21.723089197007777,80.52188572436648,13.787584797999992,172.60172480261264,97.6323299821827,69.44459418432714,13.29166667,0.2040689921045055,3.061034881567584
4/15/2017,Tomato,Sandy Loam,7.057028589705115,21.193813944258963,66.34350862531713,8.437415828880368,185.16526391858045,105.50469077798112,53.067296548314914,33.83333333,0.706610556743218,10.59915835114827
4/16/2017,Tomato,Sandy Loam,7.040223304460571,22.589589272510032,69.0991532446456,5.917374478787307,170.49173832917603,96.85182165622264,64.66655817433724,42.29166667,0.1196695331670412,1.795042997505618
4/17/2017,Tomato,Sandy Loam,5.952565254587335,21.819957959871424,84.48607481007187,6.675824833240195,170.44247103057995,102.55337754317617,50.0082057887835,13.29166667,0.1176988412231978,1.765482618347967
4/18/2017,Tomato,Sandy Loam,7.450796955210452,23.388111464590686,78.86374007574788,8.670017421308838,176.4722043829908,93.84032169480074,61.92365338804754,21.75,0.358888175319633,5.383322629794495
4/19/2017,Tomato,Sandy Loam,7.490364241249877,21.024157864875843,76.2289803462201,10.642499547629908,179.77286380809332,92.92042038593925,68.31886007908105,42.29166667,0.4909145523237326,7.363718284855989
4/20/2017,Tomato,Sandy Loam,5.6511917503232025,23.52758115386283,72.339527467929,11.567870109644293,185.40814835615586,108.76128279136262,55.758681881864376,13.29166667,0.7163259342462346,10.744889013693518
4/21/2017,Tomato,Sandy Loam,7.3728928456235145,23.86426103683787,65.88778002413835,8.313710462860001,183.6659075321301,108.35294555808866,53.71051950515438,58.0,0.6466363012852041,9.699544519278062
4/22/2017,Tomato,Sandy Loam,6.078898388608739,23.14840518946071,72.3827181592827,11.674991196239858,178.91805412753496,107.74937880425765,63.03359589756854,42.29166667,0.4567221651013987,6.850832476520981
4/23/2017,Tomato,Sandy Loam,6.87856816350193,23.2009321957877,74.97825746579151,14.37739983673756,175.47253332563332,102.50866900333187,64.25202814596787,21.75,0.3189013330253327,4.783519995379991
4/24/2017,Tomato,Sandy Loam,6.176221841472264,23.800686934808198,69.22919018773773,11.520141271689504,189.94249000315423,106.16536422432557,63.760610379039626,58.0,0.8976996001261689,13.465494001892534
4/25/2017,Tomato,Sandy Loam,7.435508646746243,21.627213855901047,68.46273582547666,6.585652294443513,178.52362604471946,91.38073873822749,56.38633760042748,58.0,0.4409450417887783,6.614175626831676
4/26/2017,Tomato,Sandy Loam,5.703007716607071,23.98369670462573,75.16833102715034,10.796689129776276,179.0277404865935,96.69578083781359,55.04404804318662,21.75,0.4611096194637404,6.916644291956106
4/27/2017,Tomato,Sandy Loam,6.495493633912752,23.320443610135626,76.71808471255088,10.418955167669829,173.27247642383338,96.27406249514313,69.11837599924088,33.83333333,0.2308990569533353,3.46348585430003
4/28/2017,Tomato,Sandy Loam,6.35609558388415,23.179712124983382,69.7983583770905,13.707001108984208,185.89619097499858,102.71290643905226,68.4659901653986,58.0,0.7358476389999435,11.037714584999152
4/29/2017,Tomato,Sandy Loam,6.15204690455597,22.08327173698588,76.74778948912426,8.503030552129744,183.87364451562976,97.11915546941282,59.14633219785641,13.29166667,0.6549457806251909,9.824186709377864
4/30/2017,Tomato,Sandy Loam,6.791067981760297,22.637332456216832,83.0067992774859,9.2294561005668,174.4153922557752,92.97013563287362,66.92387732308747,33.83333333,0.2766156902310083,4.149235353465125
5/1/2017,Tomato,Sandy Loam,5.7621114868433345,22.96175336482004,74.46346516042708,10.986590554864936,171.64762091231685,101.92934150827088,59.04646955268592,33.83333333,0.1659048364926741,2.488572547390113
5/2/2017,Tomato,Sandy Loam,6.933324836267394,22.861028583951647,82.14780339174362,10.244253117420254,183.60998604149427,106.28767841338163,58.487780361450206,21.75,0.6443994416597705,9.665991624896558
5/3/2017,Tomato,Sandy Loam,7.461184247609575,23.114953915432743,83.54542889066637,12.190165924051742,183.0902242856227,97.64246988919946,53.13525895198589,33.83333333,0.6236089714249082,9.354134571373624
5/4/2017,Tomato,Sandy Loam,7.10911742893726,21.247145217235232,66.84788057874171,5.403889909124958,175.4651905399642,92.64537430196964,58.528121129839455,13.29166667,0.3186076215985675,4.779114323978512
5/5/2017,Tomato,Sandy Loam,7.2200335058190905,22.066945298495092,66.91623159313593,10.635160192069598,189.0172712450082,93.93376394625646,60.74833877199614,42.29166667,0.8606908498003283,12.910362747004925
5/6/2017,Tomato,Sandy Loam,6.219273486358005,22.302000049786432,74.52088365775202,6.216718930038753,173.021157835618,94.74966610338768,50.45008654857373,42.29166667,0.2208463134247202,3.312694701370803
5/7/2017,Tomato,Sandy Loam,6.149773212962438,21.781887893624898,76.76204888635405,8.152089925197213,178.64669602085203,95.99795185989072,58.88226010350813,21.75,0.4458678408340816,6.688017612511224
5/8/2017,Tomato,Sandy Loam,6.534096709380266,21.517881810807673,73.51766928930058,11.616268615323904,188.87231840335198,102.85590141012618,65.627124367904,21.75,0.8548927361340791,12.823391042011188
5/9/2017,Tomato,Sandy Loam,5.591453229524546,21.41678243973859,71.52901540835006,6.574142005921777,178.39454633852245,102.01890969075438,63.60092112748539,21.75,0.4357818535408978,6.536727803113467
5/10/2017,Tomato,Sandy Loam,7.390716268913065,22.099150176769754,77.81988232252311,8.088418355046288,182.7705189532817,103.92159723134078,62.7031397772787,33.83333333,0.6108207581312685,9.162311371969029
5/11/2017,Tomato,Sandy Loam,5.787570346032385,22.480325101687697,65.04163024699841,12.03006482835312,177.95188795925588,97.25003969063026,68.19110856874406,21.75,0.4180755183702355,6.271132775553532
5/12/2017,Tomato,Sandy Loam,7.306026078336185,21.188929320439982,84.36146561727485,11.50805242526834,175.4843040469734,106.47995303759956,50.3606401965046,13.29166667,0.319372161878936,4.79058242818404
5/13/2017,Tomato,Sandy Loam,5.667164444000711,23.839374283771647,69.64158176376044,5.910396692097381,189.67955295919657,94.0817532231152,61.14095172384468,33.83333333,0.8871821183678626,13.30773177551794
5/14/2017,Tomato,Sandy Loam,7.14524985535712,23.295729968582275,83.34197537166014,10.77268493492324,178.18668012630087,99.38081495036307,65.74697696819415,13.29166667,0.4274672050520344,6.412008075780516
5/15/2017,Tomato,Sandy Loam,5.80392505175643,23.192555319556398,67.18029489069012,6.472544619186395,187.8819840735827,106.01877443082861,60.82670765402534,42.29166667,0.8152793629433076,12.229190444149614
5/16/2017,Tomato,Sandy Loam,5.576263228182945,21.51858157496618,69.76174364089145,7.522713787144927,174.59909211782173,93.60317295465238,56.477911051607585,21.75,0.2839636847128689,4.259455270693034
5/17/2017,Tomato,Sandy Loam,6.938978900518817,22.811402304036566,69.69747402175001,9.592112786357788,174.26209408050167,92.19726227481566,52.72501130183956,42.29166667,0.2704837632200666,4.057256448301
5/18/2017,Tomato,Sandy Loam,6.060530600348857,22.589174840426004,84.92305808401292,6.093468232981891,170.62268165769024,107.6736793537598,67.75126143632383,33.83333333,0.1249072663076091,1.8736089946141363
5/19/2017,Tomato,Sandy Loam,6.928992305568699,23.94740653736008,65.09201091451769,14.936469679185668,183.0333365075177,96.85859325518392,59.415247847752056,21.75,0.621333460300708,9.32000190451062
5/20/2017,Tomato,Sandy Loam,6.61017050094564,23.243015310240473,77.79276418606992,6.653695610540011,177.37052687447522,103.67740249818064,67.56230393971403,42.29166667,0.394821074979009,5.922316124685135
5/21/2017,Tomato,Sandy Loam,5.717614780460131,22.727285651148694,82.39373162121706,12.813126284286044,187.28716499679274,90.50697208527878,61.71704244866336,58.0,0.7914865998717097,11.872298998075644
5/22/2017,Tomato,Sandy Loam,7.364260146602327,23.552437999410365,78.44547308049474,13.29838845023225,179.46419813383113,103.80093776818899,63.483842332300014,13.29166667,0.4785679253532457,7.178518880298687
5/23/2017,Tomato,Sandy Loam,6.404628349526956,21.465282812582128,72.25467636433888,14.944639698960014,189.36386855829443,96.32202623093941,66.085223087569,58.0,0.8745547423317774,13.11832113497666
5/24/2017,Tomato,Sandy Loam,6.968894555597376,21.04564958907293,84.1661872540587,9.286532178522684,173.71051031406242,91.11481707174883,63.18311089200269,42.29166667,0.2484204125624969,3.7263061884374538
5/25/2017,Tomato,Sandy Loam,6.50204114403125,23.07070000024357,82.87041509178081,13.7409452013934,187.3724633591122,102.19625523096234,57.961096813578756,13.29166667,0.7948985343644887,11.92347801546733
5/26/2017,Tomato,Sandy Loam,6.708722949922409,21.294934380711712,73.67909840499036,14.57539439016851,185.53193705583485,94.81607632146347,60.27266767857302,33.83333333,0.7212774822333934,10.8191622335009
5/27/2017,Tomato,Sandy Loam,6.105547184713385,21.34630091995053,76.46656985222327,6.728941448946672,185.41843689288103,97.7361448410376,66.0609104935176,21.75,0.7167374757152416,10.751062135728624
5/28/2017,Tomato,Sandy Loam,5.900720608006901,23.23404217927359,84.35038375610482,9.794360890595328,186.89566456233774,91.61161624573027,57.47300592745968,42.29166667,0.7758265824935101,11.637398737402652
5/29/2017,Tomato,Sandy Loam,6.585140406816135,21.81160453240197,84.6512072385294,5.600108188560878,185.22047981885999,92.94326502189891,57.76242913536994,42.29166667,0.7088191927543991,10.632287891315986
5/30/2017,Tomato,Sandy Loam,6.380437945942004,22.885893646706677,73.99646551435904,11.207240120242016,182.5244064326283,95.95954470991687,51.91380232116002,21.75,0.6009762573051323,9.014643859576983
5/31/2017,Tomato,Sandy Loam,6.280226426867866,23.752220778278247,81.94700056286177,10.814061568565664,172.62489755364774,91.79519001120315,68.29168870443496,13.29166667,0.20499590214591,3.074938532188651
6/1/2017,Tomato,Sandy Loam,6.845134390189246,21.949423594913576,71.03960453907872,7.041262846631971,170.65052358982504,108.2165252937263,51.82072629890884,33.83333333,0.1260209435930015,1.890314153895023
6/2/2017,Tomato,Sandy Loam,6.881013264022272,21.651432473519755,72.4362574586133,12.97902758894126,188.41695695631373,90.12094086367956,62.96418354897112,58.0,0.8366782782525495,12.550174173788244
6/3/2017,Tomato,Sandy Loam,5.591840112182526,21.319688651223156,68.29643765980452,5.372687227635399,182.33300629041477,99.67720437728623,58.26388957605595,21.75,0.5933202516165904,8.899803774248856
6/4/2017,Tomato,Sandy Loam,6.177488988487344,21.39138708425918,69.1836918555346,13.06227324127557,185.93074581952354,92.46494916265102,58.112387805108845,33.83333333,0.7372298327809411,11.058447491714118
6/5/2017,Tomato,Sandy Loam,6.323529100452754,21.186668086136528,78.13746604518718,5.266452911638674,179.630447030251,96.15358178955897,63.59103673145368,33.83333333,0.48521788121004,7.2782682181506
6/6/2017,Tomato,Sandy Loam,5.693784322328336,21.26292713648922,75.21563236014161,11.5682881213635,172.3461637792479,108.52119119636531,51.341874652597575,21.75,0.1938465511699156,2.9076982675487337
6/7/2017,Tomato,Sandy Loam,5.9718017333965765,22.29601376642746,69.62263721251206,5.787695139149013,172.50371584405102,93.23389106547974,61.87411565902869,42.29166667,0.2001486337620403,3.0022295064306057
6/8/2017,Tomato,Sandy Loam,5.6032835944455135,21.962595135071908,73.05819232723306,7.512255193123229,183.71130574457942,109.31664639436666,65.4406357194471,21.75,0.6484522297831771,9.726783446747657
6/9/2017,Tomato,Sandy Loam,7.492484197234042,23.119682442968994,72.46366919727363,12.219133493118358,178.60611789798926,94.11588753978843,66.56425515773188,58.0,0.4442447159195701,6.663670738793552
6/10/2017,Tomato,Sandy Loam,6.973114405939689,23.610724974741004,84.74720409070669,7.804047996253868,174.01049453400674,104.83132216933659,53.410607787875506,33.83333333,0.2604197813602694,3.9062967204040406
6/11/2017,Tomato,Sandy Loam,5.674900313005507,23.354319609427154,82.07131674422759,10.111738487177348,179.83189093482875,100.93354529794624,67.94838100156348,13.29166667,0.4932756373931495,7.399134560897242
6/12/2017,Tomato,Sandy Loam,5.540498759580184,22.591911769996955,72.75932666767649,14.152482695201144,171.28417874150267,107.68957455193518,63.12292183694885,13.29166667,0.1513671496601072,2.270507244901609
6/13/2017,Tomato,Sandy Loam,6.93857560030456,21.30732634869796,83.27833157792065,5.496343540365784,181.63942803828797,101.07986511006261,67.63709601641366,13.29166667,0.5655771215315191,8.483656822972787
6/14/2017,Tomato,Sandy Loam,6.378384331365334,23.12930185182466,71.85270783256342,13.110797937356736,175.37986808870195,100.69118438312617,59.705614342203965,42.29166667,0.3151947235480781,4.727920853221172
6/15/2017,Tomato,Sandy Loam,7.0735934181291515,22.08848617418062,78.35803025469718,5.652719985684895,185.95118201274377,93.909160007368,60.84066690194404,58.0,0.7380472805097505,11.070709207646258
6/16/2017,Tomato,Sandy Loam,7.346952075636768,21.25695118174623,84.33299993364224,6.267948443366766,176.20723917847147,93.32458724103317,68.38076554057342,58.0,0.348289567138859,5.224343507082886
6/17/2017,Tomato,Sandy Loam,6.698600778032745,23.52739922163788,72.80557727977104,6.193191038892109,179.104402981636,108.32978302231028,67.99819086709343,13.29166667,0.464176119265441,6.962641788981615
6/18/2017,Tomato,Sandy Loam,5.874216845834506,22.014649551547517,78.59769930209868,14.941022832107262,170.23241079816202,96.55676397700068,58.96321746738004,58.0,0.1092964319264805,1.6394464788972078
6/19/2017,Tomato,Sandy Loam,7.064388072092905,21.654746497534713,70.91847622125266,6.801863193315334,171.44893775589117,97.44164509925793,55.48825263271364,42.29166667,0.1579575102356471,2.3693626535347065
6/20/2017,Tomato,Sandy Loam,7.4116234863487485,23.61435619385653,70.3262463119595,13.96761846256268,177.84987112813369,105.19647316856776,57.86340869128529,13.29166667,0.4139948451253479,6.209922676880218
6/21/2017,Tomato,Sandy Loam,6.6604625741199115,23.706401605341014,76.48313332863104,14.90932162946554,179.59877669434246,96.77646964845614,57.755286570595,21.75,0.4839510677736988,7.259266016605482
6/22/2017,Tomato,Sandy Loam,6.863994894561467,22.01691251157468,84.58529196066436,8.837847704122979,182.00041096238607,109.04124893278005,55.73733749965588,21.75,0.580016438495443,8.700246577431646
6/23/2017,Tomato,Sandy Loam,6.174949390073346,22.06440425784412,74.0626769744034,11.310485435286854,175.83325157418608,104.758555379976,55.371592086659334,42.29166667,0.3333300629674426,4.999950944511639
6/24/2017,Tomato,Sandy Loam,6.2630553893206224,22.738885582749433,83.75273940633161,12.790912537636125,183.89963772253085,101.9485848514684,67.22125872959438,42.29166667,0.6559855089012341,9.839782633518512
6/25/2017,Tomato,Sandy Loam,6.969308995706128,23.200324481431974,83.28727040489522,8.926450818362083,187.20244794378408,107.61790321089505,51.39723841369323,33.83333333,0.7880979177513637,11.821468766270456
6/26/2017,Tomato,Sandy Loam,7.355542196813638,21.18944760572059,70.0752522468999,6.618141404978073,185.597019777867,90.99211816698966,63.55222364199189,33.83333333,0.7238807911146798,10.858211866720197
6/27/2017,Tomato,Sandy Loam,6.7579767744487045,22.780030971565417,73.03638814168654,9.337627437925612,170.79237650696714,95.14125384378417,53.45640102912905,21.75,0.1316950602786857,1.9754259041802853
6/28/2017,Tomato,Sandy Loam,7.079695816970695,23.858460185350744,77.86604956988366,12.718876450029446,179.61013894515656,99.3007266844182,56.890117867881266,13.29166667,0.4844055578062631,7.266083367093947
6/29/2017,Tomato,Sandy Loam,5.843270034830746,21.786281691539862,75.36091768822783,12.807627627484033,172.0986035683635,94.53957078943043,51.230860682696736,21.75,0.1839441427345399,2.7591621410180984
6/30/2017,Tomato,Sandy Loam,5.9239181805159475,23.7264816422908,66.91917059726349,7.305387921709133,174.84090031725054,104.87810374604304,55.39947273710924,42.29166667,0.293636012690022,4.40454019035033
7/1/2017,Tomato,Sandy Loam,6.56406937366678,23.85050502228928,84.87396060254316,6.749656398907465,189.73325186534294,108.3841606210745,65.36842142234484,58.0,0.8893300746137172,13.339951119205756
7/2/2017,Tomato,Sandy Loam,5.853108384485681,21.80746092291327,80.05308002422561,14.205607021003496,172.84991085803026,98.47540239861847,67.70030649094517,42.29166667,0.2139964343212106,3.209946514818159
7/3/2017,Tomato,Sandy Loam,6.769990140441847,23.26260559765605,73.75388076449424,5.439990305583105,179.97776306902713,96.8426520022379,54.43054303804734,13.29166667,0.4991105227610849,7.486657841416274
7/4/2017,Tomato,Sandy Loam,6.083306370789398,21.71632502495868,77.36337099332583,12.347384757650868,182.3631146863624,109.23101464275132,59.27095678517844,33.83333333,0.5945245874544953,8.91786881181743
7/5/2017,Tomato,Sandy Loam,7.083065237333784,23.2128334851964,66.7514563453246,5.46421385446754,184.04929941088207,98.89704865655082,59.406480958744126,58.0,0.6619719764352832,9.929579646529248
7/6/2017,Tomato,Sandy Loam,7.116220693228687,23.39225991386648,74.9060330737922,13.37900050860988,181.19297366973828,99.78096800898567,67.47150611519469,33.83333333,0.5477189467895313,8.215784201842968
7/7/2017,Tomato,Sandy Loam,6.427574911510706,21.741617111131948,83.61664831634975,14.05414813336102,170.19541694838367,97.03299744683811,65.25598105751611,33.83333333,0.1078166779353469,1.617250169030204
7/8/2017,Tomato,Sandy Loam,5.86162127007527,23.147608630749705,82.93201916109956,7.97419124229099,176.52922616487984,108.19096946024277,60.261544367361,21.75,0.3611690465951935,5.417535698927903
7/9/2017,Tomato,Sandy Loam,6.793549922163865,23.43631361659227,71.74761690966291,5.739356435166975,180.35423286769424,101.37910966563702,63.414944009435466,13.29166667,0.5141693147077692,7.712539720616538
7/10/2017,Tomato,Sandy Loam,7.485574036527173,22.075736616320736,75.62735727642678,9.806845363474286,171.75732998289666,105.24349174363289,66.94710107818733,33.83333333,0.1702931993158666,2.5543979897380003
7/11/2017,Tomato,Sandy Loam,6.745181795885046,21.50310832796918,78.94767048175294,7.984630367454768,177.0125386241836,106.23613436701773,50.1907790805109,13.29166667,0.3805015449673447,5.70752317451017
7/12/2017,Tomato,Sandy Loam,5.5715493814280155,21.27589370195254,71.8001853381581,9.17136142810379,170.66406217582733,96.83698083834517,58.05780062100097,58.0,0.1265624870330932,1.8984373054963988
7/13/2017,Tomato,Sandy Loam,5.534587951534165,22.726145110829826,66.29758436187878,11.649854534886805,171.57156994310043,98.67388662640761,68.14486334554158,33.83333333,0.1628627977240166,2.442941965860249
7/14/2017,Tomato,Sandy Loam,6.140723940984612,23.934294357947138,75.10883313435609,7.09826035948717,177.93846552403193,106.9694354881253,64.80626061687903,42.29166667,0.4175386209612769,6.263079314419154
7/15/2017,Tomato,Sandy Loam,5.8915676137208095,23.468850960066646,77.03271471646673,8.569515695140863,172.6543150808612,97.2651070335162,60.856827486681496,33.83333333,0.2061726032344483,3.0925890485167247
7/16/2017,Tomato,Sandy Loam,7.126102414286616,22.30751891680366,65.1168320024302,12.825624902926736,181.35081696523116,105.87870266903703,60.59289054070267,13.29166667,0.5540326786092465,8.310490179138698
7/17/2017,Tomato,Sandy Loam,7.189611334072001,22.609862708564876,66.91150747077062,11.437619499528218,183.78929938274533,108.81984645148874,56.955401952088756,21.75,0.6515719753098126,9.77357962964719
7/18/2017,Tomato,Sandy Loam,6.017237542620952,21.838583656235457,69.14581287188304,8.262754911512387,186.01173398218165,102.46420746136013,60.41041067283029,58.0,0.7404693592872663,11.107040389308995
7/19/2017,Tomato,Sandy Loam,6.151289553899785,21.48919760208019,71.96104573981869,11.643016002599284,174.0030048848962,104.83254574903778,63.107663989269064,33.83333333,0.2601201953958481,3.901802930937721
7/20/2017,Tomato,Sandy Loam,5.972493935430229,22.44624347469682,75.82102445661161,12.653129228919669,173.34965164518138,106.1019462408227,58.36726076857586,42.29166667,0.2339860658072558,3.509790987108837
7/21/2017,Tomato,Sandy Loam,7.316765094742528,22.390504698501555,70.87685837519331,10.924855809527877,172.091356806688,106.90079297793285,64.28306292784347,21.75,0.1836542722675202,2.754814084012803
7/22/2017,Tomato,Sandy Loam,6.5052986692445645,22.565789858411282,70.52367628813008,7.394968325010085,182.72860499087273,97.90106675713592,67.22464454520772,58.0,0.6091441996349094,9.13716299452364
7/23/2017,Tomato,Sandy Loam,6.81227408816404,23.85841375669182,82.38698687626163,5.002452905119931,184.12951452973803,91.02526918351997,53.09369696369723,33.83333333,0.665180581189521,9.977708717842814
7/24/2017,Tomato,Sandy Loam,6.330964173399207,22.811685900434316,67.90101281602853,13.028491069882811,170.63172289651283,98.0375254247348,59.03094045634849,42.29166667,0.1252689158605136,1.879033737907705
7/25/2017,Tomato,Sandy Loam,6.762028387009062,22.81731550986712,74.9092026634472,13.226335553161643,188.7242449248738,103.47512459568179,58.160401825701626,42.29166667,0.8489697969949519,12.734546954924278
7/26/2017,Tomato,Sandy Loam,6.271710753443472,21.384074288583232,84.05649433872273,11.97604501394362,171.03942567302946,99.00700771561586,63.74929608099456,21.75,0.1415770269211779,2.123655403817669
7/27/2017,Tomato,Sandy Loam,6.179356875458451,23.989466598530463,77.50026498232091,5.765809313676138,180.82592670602142,104.97926301720797,54.997349305158586,33.83333333,0.5330370682408564,7.995556023612846
7/28/2017,Tomato,Sandy Loam,6.76896014634696,23.318534832704007,79.34410959788877,10.85222287508046,184.18121038901833,97.13964858937328,62.80501829904553,58.0,0.6672484155607331,10.008726233410997
7/29/2017,Tomato,Sandy Loam,6.682124156097979,23.631610032282016,73.62473982781214,13.210206712716072,187.41938247492172,102.69488282208059,67.54978483462976,42.29166667,0.7967752989968685,11.951629484953028
7/30/2017,Tomato,Sandy Loam,6.087055908335899,22.242901235492983,65.3986433423944,8.896683201081657,184.28173864264855,93.7283960970795,58.362631995872455,42.29166667,0.6712695457059422,10.069043185589134
7/31/2017,Tomato,Sandy Loam,5.798696900638947,22.506384287356873,77.92260736734411,6.980007342202541,186.03456166139583,104.98738873289913,68.2203139995844,58.0,0.7413824664558335,11.120736996837502
8/1/2017,Tomato,Sandy Loam,6.237153387676275,22.56625142748683,77.63848562856248,10.876272972414707,176.78900385085612,100.91391937626051,69.86327477866956,42.29166667,0.3715601540342449,5.573402310513674
8/2/2017,Tomato,Sandy Loam,6.330395278283818,21.582283617868814,67.20855272926666,13.263066273008778,186.29650227493025,94.08128777093201,52.121840998959044,21.75,0.7518600909972099,11.277901364958147
8/3/2017,Tomato,Sandy Loam,6.75736866684921,23.06846746898087,74.24319427249263,5.488699587070656,171.60229692769352,95.83822346995615,54.66106375969717,33.83333333,0.1640918771077401,2.4613781566161017
8/4/2017,Tomato,Sandy Loam,7.3290575272737275,23.70893017085237,83.306578893313,10.969512171607358,187.89633312121055,104.97217417163665,69.00759502964186,58.0,0.8158533248484221,12.237799872726333
8/5/2017,Tomato,Sandy Loam,5.57236959506585,21.491117454415257,69.1016966394395,11.43173795339342,180.95184752307472,99.65202471323042,69.16655372962774,58.0,0.538073900922989,8.071108513844836
8/6/2017,Tomato,Sandy Loam,5.98732202508369,21.258954820458495,74.22197509268221,11.023670393482796,186.34595539924987,94.32062880786144,51.95414550773517,42.29166667,0.753838215969995,11.307573239549924
8/7/2017,Tomato,Sandy Loam,5.8874318845591205,23.214656716621025,74.22206370401041,11.500336842370483,179.046365690366,109.34542380740595,50.29997000754273,33.83333333,0.4618546276146401,6.927819414219602
8/8/2017,Tomato,Sandy Loam,6.5045888173875674,21.819605495018948,81.21522936295277,11.313753076041545,182.8715539039305,104.30250039633776,53.222000465128446,58.0,0.61486215615722,9.2229323423583
8/9/2017,Tomato,Sandy Loam,6.35940161408632,22.871587624851987,81.49151740658888,6.30403884980349,180.52805321872228,109.14269665079593,69.92025566764497,33.83333333,0.5211221287488906,7.816831931233359
8/10/2017,Tomato,Sandy Loam,6.958075247640377,23.08727501397654,80.18538839326784,7.349367769489153,184.63179043510664,98.54210090720686,53.59999233221374,13.29166667,0.6852716174042655,10.279074261063982
8/11/2017,Tomato,Sandy Loam,5.984831825089728,21.965732290745464,72.30908318376548,11.1899400528901,171.6325996406118,99.50200681383441,60.050952134440465,21.75,0.1653039856244716,2.479559784367076
8/12/2017,Tomato,Sandy Loam,6.688996731499517,23.445433792277353,66.4407385003704,5.176931611367708,171.20704167981128,107.95910432370039,66.96835452861022,33.83333333,0.148281667192451,2.224225007886766
8/13/2017,Tomato,Sandy Loam,7.267714527199919,22.64996694634265,71.98965954448028,11.347445187232443,174.94206468020292,100.5009868049077,50.40803221376413,33.83333333,0.2976825872081171,4.465238808121757
8/14/2017,Tomato,Sandy Loam,7.321355479836609,23.60699822385541,78.5958240254268,11.65386623785032,173.19089360226377,104.14557823811334,62.08977964516919,42.29166667,0.2276357440905506,3.41453616135826
8/15/2017,Tomato,Sandy Loam,7.417569209450062,23.289880657676843,79.05493148978152,7.391747598616584,187.43567133184405,95.0434575499106,55.540508977392484,33.83333333,0.7974268532737614,11.961402799106422
8/16/2017,Tomato,Sandy Loam,7.046522304159977,23.605726896112362,84.30000418953438,10.981328297531396,174.3842797471609,98.93452937405281,67.24669832879464,42.29166667,0.2753711898864355,4.130567848296533
8/17/2017,Tomato,Sandy Loam,7.31197581251783,21.060484146353684,74.07282462887417,10.340900607237646,189.51730511638263,92.46899731620711,55.669222985281586,33.83333333,0.8806922046553051,13.210383069829575
8/18/2017,Tomato,Sandy Loam,5.969061743970548,21.730518782215785,77.64871165880581,7.6069154815311375,176.73791583542214,94.11960071753923,63.73511440563818,13.29166667,0.3695166334168854,5.542749501253282
8/19/2017,Tomato,Sandy Loam,5.8951618887009545,21.270023821337816,75.78381741445064,9.629740118747543,173.642358313774,90.01886830535263,63.48439264894794,33.83333333,0.2456943325509594,3.685414988264392
8/20/2017,Tomato,Sandy Loam,5.512976167561053,22.32624905156805,68.01237120226475,14.096245294121816,185.7939701428496,90.78530103297321,54.4298709771928,33.83333333,0.7317588057139833,10.97638208570975
8/21/2017,Tomato,Sandy Loam,6.913688714858196,23.669880364845955,74.22404944264272,9.266027804598828,183.17415551001753,109.54567646353858,50.695983997367,58.0,0.6269662204007009,9.404493306010512
8/22/2017,Tomato,Sandy Loam,7.374934375627489,22.402620786800608,75.89670309377988,11.298441768795016,179.9639143290628,94.84707390273525,58.184991475707946,42.29166667,0.4985565731625112,7.478348597437669
8/23/2017,Tomato,Sandy Loam,5.873870690083352,23.549139133741182,84.01499212084516,5.353508210406942,181.1072710187526,103.26621419008003,55.783863039317396,33.83333333,0.544290840750105,8.164362611251576
8/24/2017,Tomato,Sandy Loam,6.773887150853758,21.981534714057954,72.33078108817912,5.778001133220988,184.3840355654453,106.78199397599224,66.17955499227418,21.75,0.6753614226178111,10.130421339267166
8/25/2017,Tomato,Sandy Loam,6.992919518443555,22.01871021841576,84.60198206215955,5.813080733033185,174.56909482662599,101.01320918473128,66.0072837691069,58.0,0.2827637930650389,4.241456895975585
8/26/2017,Tomato,Sandy Loam,7.3552284702961135,23.686685190980633,75.84600148048169,12.782407636264455,189.92667832113483,93.06289000167912,59.14047904385251,42.29166667,0.8970671328453935,13.456006992680903
8/27/2017,Tomato,Sandy Loam,6.793720448034444,22.277451439535106,69.84938486606114,8.502568948034526,189.49586324293566,104.56232874672332,62.13024450646438,33.83333333,0.8798345297174265,13.197517945761398
8/28/2017,Tomato,Sandy Loam,7.440587465497504,23.369296463384,68.83328774031615,7.276116883658133,183.00651372693875,102.00502820199166,62.0851903197385,42.29166667,0.6202605490775495,9.303908236163242
8/29/2017,Tomato,Sandy Loam,6.189346282025095,21.709930643645706,67.83389834520463,12.473245684517227,173.9908490185829,104.6250117869475,66.54316296855247,33.83333333,0.2596339607433161,3.894509411149742
8/30/2017,Tomato,Sandy Loam,6.1998570675428155,23.846402489032908,74.05865741146906,6.699600625561745,183.60456484862584,105.39493245714175,58.50004828246395,42.29166667,0.6441825939450331,9.662738909175497
8/31/2017,Tomato,Sandy Loam,6.586025020028691,22.723734739591713,65.43852859577846,7.464925250702806,171.44396817958352,109.5082073536949,55.508933595810184,21.75,0.1577587271833407,2.3663809077501106
9/1/2017,Tomato,Sandy Loam,6.267003762231814,23.277970705735207,73.9009056662973,9.309314432700209,170.6130500441161,101.4712656005342,55.30069836281095,33.83333333,0.1245220017646448,1.8678300264696728
9/2/2017,Tomato,Sandy Loam,5.5028514565750655,21.268547099384655,84.76809384311892,8.314380690146132,175.15365777022427,96.83282225381204,60.723845585644085,21.75,0.3061463108089709,4.592194662134564
9/3/2017,Tomato,Sandy Loam,6.963544050173975,22.477992677491585,78.40213591444532,10.853922110366444,179.25245913478633,102.96929113800473,58.98296405464425,13.29166667,0.4700983653914531,7.0514754808717965
9/4/2017,Tomato,Sandy Loam,7.003434082956967,23.70311549320207,80.1957224240081,8.378406190748477,187.3654501081676,91.36881418485252,58.802415419698725,58.0,0.7946180043267045,11.919270064900568
9/5/2017,Tomato,Sandy Loam,6.993949209373541,23.631115887129916,67.38010781436525,8.92951635858892,184.54338139532615,107.94794636643172,51.822746781794145,58.0,0.6817352558130464,10.226028837195695
9/6/2017,Tomato,Sandy Loam,6.190041333220933,21.140441871702684,74.46201722980182,13.62886608249486,184.8541304239996,92.38762022676394,64.37207481380392,21.75,0.6941652169599848,10.412478254399772
9/7/2017,Tomato,Sandy Loam,6.544578946622344,21.91109540738684,70.72446202051428,13.845314396280024,178.5098666889615,96.55685675771636,54.27473375963822,33.83333333,0.4403946675584603,6.605920013376905
9/8/2017,Tomato,Sandy Loam,6.219947036353339,22.32996001943724,82.88195055978059,13.277111908134074,176.91869985093925,106.31490761252242,53.93907260417443,42.29166667,0.3767479940375703,5.6512199105635545
9/9/2017,Tomato,Sandy Loam,5.532072800061291,21.516794443067365,68.62584944027824,13.648309327046327,177.42077525969205,101.94624756661423,58.25516640554787,58.0,0.3968310103876822,5.952465155815233
9/10/2017,Tomato,Sandy Loam,6.624897882542838,23.18999493296991,74.17466654273484,10.69728669339117,189.75299127472115,97.87271040554884,54.55556683235603,58.0,0.8901196509888463,13.351794764832691
9/11/2017,Tomato,Sandy Loam,5.747521332168022,21.553535986796135,76.76095436691276,11.46233214751384,170.80218382824964,99.46871318750043,61.67716534616031,13.29166667,0.1320873531299859,1.9813102969497896
9/12/2017,Tomato,Sandy Loam,5.660082648182881,22.03991908310966,75.28082183157065,10.571731665549406,187.34062992244898,107.09094786404361,57.42926678668943,42.29166667,0.7936251968979589,11.904377953469382
9/13/2017,Tomato,Sandy Loam,7.010998137393575,22.989841910573453,81.60487055940814,12.8558808405292,181.57350817144786,96.80008772119784,58.9782344518558,58.0,0.5629403268579147,8.444104902868721
9/14/2017,Tomato,Sandy Loam,5.519012404836211,22.44626803357344,69.6290634263928,10.510004857614442,178.77230838379182,107.39299369624342,60.74338643208058,42.29166667,0.4508923353516724,6.763385030275086
9/15/2017,Tomato,Sandy Loam,7.418016887217452,23.21571311590468,72.54782220847383,6.110769645507805,184.50515320830272,91.76268861953383,54.070710449636096,58.0,0.6802061283321092,10.20309192498164
9/16/2017,Tomato,Sandy Loam,6.5305107282251535,23.88362370366858,80.84168593147905,13.095801204568598,179.73337882849407,105.5359687441726,53.1150324573106,13.29166667,0.4893351531397623,7.340027297096434
9/17/2017,Tomato,Sandy Loam,7.466032861412296,21.349640063145593,75.5614282347361,12.605851706775365,187.46846476163321,106.95095266109473,67.6084380574721,33.83333333,0.7987385904653285,11.981078856979927
9/18/2017,Tomato,Sandy Loam,5.615995144945417,23.128703149194184,73.04234771295914,13.203005952826253,188.01403728022518,93.63635305674677,58.67447405662842,33.83333333,0.8205614912090068,12.3084223681351
9/19/2017,Tomato,Sandy Loam,6.667059097731826,21.691032466896342,65.58885029489663,6.904294633897619,178.4344185374691,98.60693064744402,58.24187219265078,13.29166667,0.4373767414987644,6.560651122481466
9/20/2017,Tomato,Sandy Loam,6.198654071951823,22.243430182222706,80.06770848031219,7.7161705271496706,175.53655594470104,93.3099954932731,50.71224300545683,21.75,0.3214622377880413,4.821933566820619
9/21/2017,Tomato,Sandy Loam,7.186964985628571,21.09858817738542,84.4436415593352,7.9575169726353,181.84700657186724,104.13208257988435,59.959526051747865,13.29166667,0.5738802628746899,8.608203943120348
9/22/2017,Tomato,Sandy Loam,6.222445470468573,21.407722146878097,77.4057401897702,10.080805361856736,188.24726691233383,100.70695536123313,61.083394432220004,42.29166667,0.8298906764933528,12.448360147400292
9/23/2017,Tomato,Sandy Loam,6.020975158114698,21.959331867146698,82.13082441377588,6.338770841634598,174.21324378011334,102.70646693416643,61.17681741909333,58.0,0.2685297512045332,4.027946268067999
9/24/2017,Tomato,Sandy Loam,7.215106254199826,22.025957415863957,75.33751486389852,8.853817532748673,182.45933167126967,93.92973933912423,64.14062338645769,58.0,0.5983732668507863,8.975599002761795
9/25/2017,Tomato,Sandy Loam,6.249306183306522,23.698755649386285,69.63361930846729,6.821581610790296,182.63120440185043,94.2349172410484,53.54963669982023,42.29166667,0.6052481760740165,9.078722641110248
9/26/2017,Tomato,Sandy Loam,5.5336666397211225,23.225438727799546,65.2888420847029,7.647627130327365,184.66226044830563,90.82994651019813,55.04446268461238,42.29166667,0.6864904179322248,10.297356268983371
9/27/2017,Tomato,Sandy Loam,6.280578201678668,23.916548904561125,78.06796535179978,12.063876345584273,172.6313537025452,96.4413507039146,66.21460930460825,58.0,0.2052541481018078,3.078812221527118
9/28/2017,Tomato,Sandy Loam,6.809044538021884,22.79721453100572,74.86217696496489,13.54811156317281,184.31649929364178,101.1948932266735,68.94341233686788,42.29166667,0.6726599717456708,10.089899576185063
9/29/2017,Tomato,Sandy Loam,6.0087190776127635,21.725141196273952,80.64196294175203,5.229058665971839,188.18065041331283,107.15869827994658,52.718654947346415,42.29166667,0.8272260165325128,12.408390247987692
9/30/2017,Tomato,Sandy Loam,6.3639751848503145,21.982965089764928,78.8936483487061,10.658969633550004,173.59366217740484,103.33854894917361,59.95299109010436,13.29166667,0.2437464870961936,3.656197306442904
10/1/2017,Tomato,Sandy Loam,5.613430276564451,21.959507769875902,84.75904736413129,5.360597620622672,174.75086649847756,98.70792646799502,54.28352505479174,42.29166667,0.2900346599391021,4.350519899086533
10/2/2017,Tomato,Sandy Loam,6.676185583027914,21.979482982989754,75.2062516682408,5.852492450115503,189.4279018808328,109.06240228788275,51.20146336709965,13.29166667,0.8771160752333117,13.156741128499675
10/3/2017,Tomato,Sandy Loam,7.012589847720788,23.018892519335445,73.54349579346018,12.05084034614109,173.6195390541898,104.38490401151664,56.51006676252271,13.29166667,0.2447815621675918,3.6717234325138777
10/4/2017,Tomato,Sandy Loam,6.326625122802221,22.592423784271247,70.7347937887859,12.356081065021163,187.0877018673916,108.603304057251,52.87375250368426,13.29166667,0.7835080746956633,11.752621120434949
10/5/2017,Tomato,Sandy Loam,6.34046526560292,22.156272534259934,74.5372258358255,13.139806731727989,179.8455571289607,100.55175946544331,64.19866146868492,13.29166667,0.4938222851584278,7.4073342773764175
10/6/2017,Tomato,Sandy Loam,5.676564997169833,21.44726930618615,82.45742956245844,9.74241511770305,174.94462148806355,95.17808549586279,60.674508273428884,33.83333333,0.2977848595225416,4.466772892838124
10/7/2017,Tomato,Sandy Loam,5.903881729023965,21.06641748882644,65.84879451583483,13.598074820161882,187.41499802545022,91.05653372729444,52.87668941980622,21.75,0.7965999210180091,11.948998815270135
10/8/2017,Tomato,Sandy Loam,5.809350606255825,21.656504032763078,84.55800094572378,6.668382916416244,178.9061051000533,104.52169702967701,50.184831768110286,21.75,0.4562442040021324,6.843663060031986
10/9/2017,Tomato,Sandy Loam,6.463375537323076,21.322414211906043,84.86614388615595,7.497164136350026,180.2963470785938,92.42605996011068,66.16314098048426,33.83333333,0.5118538831437521,7.677808247156282
10/10/2017,Tomato,Sandy Loam,6.5585110819015,23.35633509255672,76.95642757175804,6.3450214760197134,177.18466738799532,96.05550256543934,53.52388812328495,21.75,0.3873866955198125,5.810800432797188
10/11/2017,Tomato,Sandy Loam,7.3978802625685205,21.337493873441655,71.63088407390802,12.975372605818766,181.85901702869856,100.64941815767794,62.12433284441532,21.75,0.5743606811479419,8.615410217219129
10/12/2017,Tomato,Sandy Loam,5.646463008554468,23.17268471192051,69.46097936644048,7.286751183866189,173.27047745170046,101.28833175559495,56.73843826153491,13.29166667,0.2308190980680182,3.4622864710202736
10/13/2017,Tomato,Sandy Loam,6.699735946310094,22.15697606932825,70.52980791369758,6.555112427582957,177.82163073303522,102.01166393974272,61.70971876630071,42.29166667,0.4128652293214085,6.192978439821129
10/14/2017,Tomato,Sandy Loam,6.552997054656482,21.220135169231327,66.00210853009943,11.231106875880563,189.38824644670575,93.32510660699401,56.313072539646484,58.0,0.87552985786823,13.13294786802345
10/15/2017,Tomato,Sandy Loam,6.532466195871658,23.43819014829476,74.50221916966717,5.770820263606744,175.16266865402255,97.59474809643298,51.73879121384508,21.75,0.306506746160902,4.5976011924135305
10/16/2017,Tomato,Sandy Loam,7.246318574765652,22.73889171070984,66.14648541728812,5.449002772201725,183.13473329082584,102.34388454233934,54.45900017115507,33.83333333,0.6253893316330338,9.380839974495506
10/17/2017,Tomato,Sandy Loam,5.911076941390973,21.70728453859072,79.3694842955185,6.067176485524589,176.5038012844939,109.3963772926757,53.761171329581515,21.75,0.3601520513797559,5.402280770696339
10/18/2017,Tomato,Sandy Loam,5.581546548682743,23.684043522998003,72.43858911065708,5.002408839871676,185.46946251373203,104.55262275399377,58.560387048792876,58.0,0.7187785005492805,10.781677508239207
10/19/2017,Tomato,Sandy Loam,6.8445430152683855,21.135774941611654,68.98729463494327,11.969901542217924,172.617473214367,108.45207514187916,63.16567566852315,33.83333333,0.2046989285746798,3.070483928620198
10/20/2017,Tomato,Sandy Loam,6.1903149282719605,21.60545882459329,75.89707115672077,10.622353217144786,189.3964209015709,105.24424116628354,55.276121498927154,42.29166667,0.8758568360628358,13.137852540942538
10/21/2017,Tomato,Sandy Loam,5.535179832425049,23.25614078341758,84.47518614486027,7.098751090377239,179.0757908276728,101.83433937784801,50.24139870601236,13.29166667,0.4630316331069114,6.945474496603671
10/22/2017,Tomato,Sandy Loam,6.002748014580828,23.128133790929667,78.90262098036837,7.330049479775958,174.7210092669293,93.84046738272689,60.378747285295134,42.29166667,0.2888403706771711,4.332605560157568
10/23/2017,Tomato,Sandy Loam,6.118653548433624,21.867815081173433,74.83493700208321,13.109685984700397,171.46993494660026,103.33371303785026,62.11518978717944,58.0,0.1587973978640101,2.3819609679601523
10/24/2017,Tomato,Sandy Loam,6.733676753568484,21.18607462605835,80.53828598509013,10.018201158603004,173.3951581017508,102.46759131919814,69.25740988003619,21.75,0.2358063240700326,3.537094861050489
10/25/2017,Tomato,Sandy Loam,5.845171588098545,23.57423421667483,79.74952943797977,11.985283570817398,180.39547897112035,102.04938340914532,61.78941606186494,33.83333333,0.5158191588448141,7.7372873826722115
10/26/2017,Tomato,Sandy Loam,6.326108695906796,21.941092914209708,82.83470922115588,9.527554512749155,176.74006352862574,99.79571735976481,59.42345118756283,21.75,0.3696025411450291,5.544038117175437
10/27/2017,Tomato,Sandy Loam,6.464950888835665,21.587140244784795,69.09337895187895,7.377180260207923,186.57766731765219,100.57313207978551,61.46803251795408,13.29166667,0.7631066927060876,11.446600390591314
10/28/2017,Tomato,Sandy Loam,6.418474782728182,22.54818546708293,82.17755152517464,14.704028006829068,178.61775047323613,96.68885054236208,68.55801259724055,21.75,0.4447100189294447,6.670650283941671
10/29/2017,Tomato,Sandy Loam,7.447881533333564,23.730681597847344,71.02052174083397,10.656475633753974,174.9742854517526,100.38625385284607,66.56756291203293,13.29166667,0.2989714180701039,4.48457127105156
10/30/2017,Tomato,Sandy Loam,5.591008475580592,21.130639733530128,83.81997855650194,6.309819037679124,182.3428997320806,93.95111811356956,56.45957466727616,33.83333333,0.5937159892832241,8.905739839248362
10/31/2017,Tomato,Sandy Loam,7.401936372904799,23.297412264092664,70.62130297893471,9.060900421839069,184.13554433770892,106.10348794720754,54.745087273142744,21.75,0.6654217735083566,9.98132660262535
11/1/2017,Tomato,Sandy Loam,6.663874427988066,22.717419683816125,83.53697086325352,8.293374119469007,173.340838158019,93.71553909397416,55.25267224732147,21.75,0.2336335263207599,3.5045028948113983
11/2/2017,Tomato,Sandy Loam,7.091455429939677,22.276347349655452,84.2758142892816,7.140874685885214,173.35238432576637,91.69932579778933,60.08842079430426,21.75,0.2340953730306541,3.511430595459812
11/3/2017,Tomato,Sandy Loam,6.360785236032151,23.23224133231518,67.90982714914028,14.334399892402596,170.73342853867086,98.72492052714315,64.88098902457156,21.75,0.1293371415468344,1.940057123202516
11/4/2017,Tomato,Sandy Loam,6.407675762513961,23.8974732733249,84.48999766525566,13.809199954597526,184.7280403013128,103.16614879012124,60.06438414365924,33.83333333,0.6891216120525124,10.336824180787689
11/5/2017,Tomato,Sandy Loam,7.258652998031647,21.68761863348807,66.71445936858565,6.991471165201164,183.2760905524361,98.75433649867082,51.35592791656225,58.0,0.631043622097444,9.46565433146166
11/6/2017,Tomato,Sandy Loam,7.2918689925838045,21.43094209521636,69.37135573225044,8.521478890555167,179.49261751499628,95.53508263902617,64.47161400879962,21.75,0.4797047005998511,7.195570508997768
11/7/2017,Tomato,Sandy Loam,5.977377762862595,23.73864523566809,73.8833756174561,12.623153916708215,186.88340897938394,101.16342367780882,66.11940257341908,13.29166667,0.7753363591753577,11.630045387630366
11/8/2017,Tomato,Sandy Loam,5.898483757169236,23.006859232371912,84.8719473142342,7.085060481402157,186.11340305900106,96.940046708244,55.78995730239439,13.29166667,0.7445361223600425,11.168041835400638
11/9/2017,Tomato,Sandy Loam,6.492470347739902,22.3139580646859,74.77126102330759,10.915648626042444,181.70708728793505,108.65735380253267,63.282514785667004,42.29166667,0.5682834915174018,8.524252372761026
11/10/2017,Tomato,Sandy Loam,7.300554054255383,22.71977871079285,76.00818886356971,11.997939421248166,187.36542561026516,108.45290279207144,58.531838021087864,13.29166667,0.7946170244106069,11.919255366159105
11/11/2017,Tomato,Sandy Loam,6.144710186812352,23.236841715528733,78.88849899047297,11.539723257107664,174.11682420073538,100.0474363994419,67.78238711454885,13.29166667,0.2646729680294146,3.97009452044122
11/12/2017,Tomato,Sandy Loam,6.804029230678262,23.319095696117152,84.36587116545903,12.064086402755006,172.23839238795455,96.55767988036517,66.90451116321479,33.83333333,0.1895356955181823,2.8430354327727345
11/13/2017,Tomato,Sandy Loam,6.916303375481203,23.759682542456893,80.66702800248488,12.066995890287629,175.3949922303398,104.74264827913278,60.508639966192845,58.0,0.3157996892135917,4.736995338203876
11/14/2017,Tomato,Sandy Loam,7.057349329788312,22.280528366686866,69.48308008847397,14.648059198489284,171.1417371217863,90.73425886966133,63.83011091627189,42.29166667,0.1456694848714519,2.1850422730717787
11/15/2017,Tomato,Sandy Loam,6.627848915841927,21.880232730058186,71.05981861328709,8.464988895203195,180.62339056002065,99.49538012087302,67.66699402044208,58.0,0.5249356224008256,7.874034336012384
11/16/2017,Tomato,Sandy Loam,6.304910356557939,22.918992800369526,66.95256479217049,13.785904243758395,188.73211384589922,96.72646788540666,59.91434020156551,13.29166667,0.8492845538359692,12.739268307539538
11/17/2017,Tomato,Sandy Loam,7.434031977597946,22.24718369783859,77.8890472832948,5.218070625151068,170.7868708133702,108.4107177020511,56.26501480977644,21.75,0.1314748325348077,1.972122488022116
11/18/2017,Tomato,Sandy Loam,6.722661506605705,22.783795361846934,68.61480613078443,7.882029633232833,172.44219828020053,90.24006054545364,65.07332275819162,33.83333333,0.1976879312080214,2.9653189681203216
11/19/2017,Tomato,Sandy Loam,6.957130423266541,22.25995739536785,70.14809776958731,5.486557819991315,179.0439805656687,101.05629751436697,54.401325095693835,13.29166667,0.4617592226267483,6.926388339401225
11/20/2017,Tomato,Sandy Loam,6.189965691391757,21.458987360034524,82.76227310360754,11.512039599558404,188.6775003505581,104.81327162133252,57.77062296012084,42.29166667,0.8471000140223239,12.70650021033486
11/21/2017,Tomato,Sandy Loam,6.83989836200616,22.408280254976876,71.5351135066403,6.007903707316196,176.323122099535,99.70035975048083,67.31454474213587,42.29166667,0.3529248839814004,5.293873259721006
11/22/2017,Tomato,Sandy Loam,6.015595324328252,23.072753465823098,76.33293436708334,13.457068636520464,180.14469617376784,91.70806060325444,64.4884468053863,21.75,0.505787846950714,7.58681770426071
11/23/2017,Tomato,Sandy Loam,5.990193835057273,23.397851423002948,72.95132017578354,11.465916837902595,170.83145718100783,109.44922780055805,58.07622010494998,21.75,0.1332582872403137,1.9988743086047047
11/24/2017,Tomato,Sandy Loam,6.929444403618852,22.47997883038964,66.48062574811827,5.288154010536057,172.96686401924177,100.36020862752196,54.29489004816715,58.0,0.2186745607696711,3.2801184115450663
11/25/2017,Tomato,Sandy Loam,6.54278947252587,21.495713670631204,72.2572765979341,12.14777365434623,189.73260245917695,102.28372488638023,57.11936781664473,42.29166667,0.8893040983670776,13.339561475506164
11/26/2017,Tomato,Sandy Loam,6.8665532208447795,22.244063128948294,73.16136406071861,13.620349472569613,189.3023739287209,94.73219565415015,55.68208298454866,21.75,0.8720949571488364,13.081424357232546
11/27/2017,Tomato,Sandy Loam,6.038876981496183,23.358881786525096,82.91402203823037,11.611210076621497,170.0987996186882,99.66996170213608,53.52178575887708,42.29166667,0.1039519847475277,1.5592797712129156
11/28/2017,Tomato,Sandy Loam,6.697446682113461,22.23857781185122,71.4890130729268,5.305242159350322,189.03623570846477,98.58298983916643,64.86665827131313,33.83333333,0.8614494283385912,12.921741425078867
11/29/2017,Tomato,Sandy Loam,6.387867299406225,23.089592380812668,72.58482239524136,13.579195484604066,182.78239875631002,91.49791684003968,55.04139773700343,58.0,0.6112959502524002,9.169439253786004
11/30/2017,Tomato,Sandy Loam,6.693920573691056,22.52164104503427,80.65793537344669,12.324639129340351,187.35836589040045,92.12320707094935,59.08334940335528,33.83333333,0.7943346356160177,11.915019534240264
12/1/2017,Tomato,Sandy Loam,6.081759464488439,21.72366937532819,80.17913302423196,8.784513124839842,179.09479711267718,106.7494503923755,57.71718893672218,33.83333333,0.4637918845070873,6.956878267606309
12/2/2017,Tomato,Sandy Loam,6.9309019272982475,23.38845152406922,80.96570553296982,8.286302583155027,180.311920571585,94.7963990441318,69.64154757271262,42.29166667,0.5124768228634002,7.687152342951004
12/3/2017,Tomato,Sandy Loam,7.111858732318931,21.252640362212063,84.07541480152008,9.7982018140744,179.7769316051384,93.89916542997261,57.82184488296441,58.0,0.4910772642055362,7.366158963083043
12/4/2017,Tomato,Sandy Loam,6.0198329477154475,22.574670848265452,80.91114996789568,13.671017509378707,183.3372851509221,100.09822902500278,51.599649655935096,13.29166667,0.6334914060368835,9.502371090553252
12/5/2017,Tomato,Sandy Loam,6.101241119711284,21.626673102730216,73.15216406435782,7.520593518695575,172.79302509512627,105.37494262725026,51.79651505144168,21.75,0.2117210038050503,3.175815057075755
12/6/2017,Tomato,Sandy Loam,6.822308539438186,21.201196885624128,81.43017033796184,6.009638112412011,170.59947179745356,91.23893037157976,61.8150744270613,33.83333333,0.1239788718981423,1.859683078472136
12/7/2017,Tomato,Sandy Loam,6.891170348607089,22.508801811249747,75.17349264179876,13.6463637296105,176.1585988318238,101.53615839276512,61.987271034765314,58.0,0.3463439532729527,5.195159299094291
12/8/2017,Tomato,Sandy Loam,6.9081993687949,22.49868646780477,70.55428065037131,5.262898488807229,184.09361525473292,92.38420885681147,58.3751798096531,21.75,0.6637446101893174,9.95616915283976
12/9/2017,Tomato,Sandy Loam,6.865397009551674,23.120702705027163,71.05834136262024,14.109970222440646,174.03706904245897,90.72922101651237,58.63687384624059,33.83333333,0.2614827616983587,3.922241425475381
12/10/2017,Tomato,Sandy Loam,6.285615433905077,23.234252079155716,69.47684777126797,8.057451943014007,183.46864866649835,91.05487904324434,51.07865165681743,42.29166667,0.6387459466599339,9.581189199899008
12/11/2017,Tomato,Sandy Loam,6.289707348807356,23.18337446607869,67.89985915639507,10.082227016882676,189.39824092214542,106.68328216416883,60.330930207785244,42.29166667,0.8759296368858164,13.138944553287246
12/12/2017,Tomato,Sandy Loam,6.009635247288763,22.228676198750264,68.68980823707301,6.32295524752228,171.87801431578836,92.35944967256123,60.09478950760703,21.75,0.1751205726315347,2.6268085894730206
12/13/2017,Tomato,Sandy Loam,5.813667399792726,22.89506936167969,66.26356099907639,14.022549693766852,183.45204236450252,90.90302728824584,52.99098637113889,58.0,0.638081694580101,9.571225418701514
12/14/2017,Tomato,Sandy Loam,6.885154758793812,22.730835727931883,82.76901729864773,12.498362233844048,178.87500438609143,98.75799774285825,52.076787722218555,58.0,0.4550001754436569,6.825002631654853
12/15/2017,Tomato,Sandy Loam,5.686377571944625,22.26468526835076,83.62015619298246,14.241555866080342,187.3628450875501,106.8798694388405,52.47144981198981,58.0,0.7945138035020043,11.917707052530064
12/16/2017,Tomato,Sandy Loam,7.375584573573564,22.79163808255798,76.73540784987792,11.832290511181624,173.5429957889477,95.24816752978604,52.02056492982517,58.0,0.2417198315579087,3.6257974733686313
12/17/2017,Tomato,Sandy Loam,7.153372607342902,23.84174363011879,81.8097911321737,6.846937767423261,183.8525190445233,98.43425235051834,62.1941639107352,58.0,0.6541007617809316,9.811511426713974
12/18/2017,Tomato,Sandy Loam,7.215011479914512,21.578681231044133,68.67142205306294,8.082670029862493,186.7623057929622,90.79845065127502,53.92965304805837,33.83333333,0.7704922317184882,11.557383475777325
12/19/2017,Tomato,Sandy Loam,7.31333762923038,23.717316287356578,83.0334765045397,9.868485751034733,188.89228438948047,98.98157028269752,55.02860304374927,21.75,0.8556913755792186,12.835370633688278
12/20/2017,Tomato,Sandy Loam,6.31720994144648,21.160366541949596,75.12723119261017,11.07258205360207,183.6649605657929,101.55226161274267,53.47144288302879,33.83333333,0.6465984226317166,9.698976339475749
12/21/2017,Tomato,Sandy Loam,7.193401446700802,21.92516763870498,66.3432998521111,14.264594373362735,179.94349528016855,101.4181410750429,69.15670608897005,33.83333333,0.4977398112067418,7.466097168101127
12/22/2017,Tomato,Sandy Loam,5.816122600583299,21.864435745834584,67.8262548898832,8.839514657891389,182.35694480402427,96.6485338434873,67.09234926303671,42.29166667,0.5942777921609711,8.914166882414566
12/23/2017,Tomato,Sandy Loam,5.543283589216472,22.879095323642716,71.17952921573634,12.030720219071458,187.37809968957436,96.3106636132627,54.60989674703042,13.29166667,0.7951239875829746,11.92685981374462
12/24/2017,Tomato,Sandy Loam,7.0697827893277,21.39367485533187,65.87115160709503,14.610088489108218,181.4121949327766,92.13247237873196,56.55132587844252,58.0,0.5564877973110638,8.347316959665957
12/25/2017,Tomato,Sandy Loam,5.649593295993879,23.64704283551926,71.18586756034887,6.52374063415453,170.60774119393673,97.33596641292537,54.197856846099945,58.0,0.1243096477574695,1.8646447163620423
12/26/2017,Tomato,Sandy Loam,7.477049334651843,23.485654225395123,66.19860866237784,13.627095887795482,188.61897391013954,91.9898933774593,59.83751918921648,13.29166667,0.8447589564055823,12.671384346083734
12/27/2017,Tomato,Sandy Loam,6.849592859203112,22.956197459055833,69.7205521038565,9.207060703931988,183.7905350206312,105.33191889424103,50.39221064948507,58.0,0.6516214008252489,9.774321012378731
12/28/2017,Tomato,Sandy Loam,7.006899420484211,22.375241495376592,70.31339511712883,12.324217759293369,183.53026771554494,109.32548595496371,63.42736017793591,33.83333333,0.6412107086217972,9.618160629326958
12/29/2017,Tomato,Sandy Loam,5.991607712555732,23.798868126426235,84.88737952733588,7.935383387370837,174.31350304795436,109.40148913333414,60.463162996352835,42.29166667,0.2725401219181738,4.088101828772607
12/30/2017,Tomato,Sandy Loam,6.847730787839376,23.492239664161666,69.7109334752733,8.339842182660016,183.17770940465314,107.30142198750788,67.97277856602207,21.75,0.6271083761861258,9.406625642791887
12/31/2017,Tomato,Sandy Loam,5.586439874509915,22.497945444243733,69.7837289787716,5.271332248680661,177.87728811308318,102.01584298679238,53.28785368656828,21.75,0.4150915245233267,6.226372867849902
1/1/2018,Tomato,Sandy Loam,7.1756514398472016,23.105620063362935,78.7357793671677,14.714041531669595,183.02465954082984,104.0173139448776,66.08218492122263,42.29166667,0.6209863816331936,9.314795724497904
1/2/2018,Tomato,Sandy Loam,5.839248186063145,22.700789856539053,82.18714957032904,13.134525752307844,172.13186060615982,95.70411605360829,65.83922028933432,13.29166667,0.1852744242463926,2.779116363695889
1/3/2018,Tomato,Sandy Loam,6.894716133667541,22.763826715164793,72.74110825204173,5.939179579262205,183.15690609206072,102.61540840345242,52.54362378433774,58.0,0.6262762436824288,9.394143655236432
1/4/2018,Tomato,Sandy Loam,5.948961002465457,21.992928208312414,82.51236039881385,14.995087956637745,189.98827451541334,99.11299098879755,57.97118448288255,13.29166667,0.8995309806165332,13.492964709248
1/5/2018,Tomato,Sandy Loam,5.636906338852086,22.38625381387469,71.80284041495514,11.050245972029415,170.96424077721113,99.64034679553865,53.40305282289034,33.83333333,0.1385696310884448,2.0785444663266723
1/6/2018,Tomato,Sandy Loam,6.462987357098789,21.234364292369232,68.94031759230039,13.537286379643833,189.54348368442635,105.15553120750316,55.09441000915098,13.29166667,0.8817393473770538,13.226090210655808
1/7/2018,Tomato,Sandy Loam,5.838572420545579,22.07204607499378,71.59277648655447,5.66660763277869,178.1381592144574,95.63836711194503,55.26492349661089,58.0,0.4255263685782965,6.382895528674448
1/8/2018,Tomato,Sandy Loam,6.9588879766530995,23.087485546086455,77.18712747855984,8.894511784919237,187.41506900674517,96.3607922338904,61.12472788051545,21.75,0.7966027602698074,11.94904140404711
1/9/2018,Tomato,Sandy Loam,5.97513168676697,23.859648091518558,72.34286318624147,11.6965112230361,185.64770968116548,108.49283582257273,58.22821863520931,42.29166667,0.7259083872466188,10.88862580869928
1/10/2018,Tomato,Sandy Loam,6.184945112471658,23.88919233828906,78.45787607978578,6.064337186997015,181.34032521973336,91.12448589701944,68.95465608012611,33.83333333,0.5536130087893343,8.304195131840014
1/11/2018,Tomato,Sandy Loam,6.634878502528946,22.667168607374673,69.73871758844965,9.889028386540009,184.76898418502654,99.71268596826681,52.527402838940105,58.0,0.6907593674010613,10.36139051101592
1/12/2018,Tomato,Sandy Loam,6.069936555154623,22.819866755428745,79.01985787978298,9.426778745441416,187.57031122602694,108.25601600815723,69.47384269700397,33.83333333,0.8028124490410783,12.042186735616175
1/13/2018,Tomato,Sandy Loam,6.255976232419924,21.557163556502903,71.94876726496933,7.160402244735797,178.08280643302066,102.20726015636313,54.61277280428528,13.29166667,0.4233122573208264,6.349683859812397
1/14/2018,Tomato,Sandy Loam,7.131243542080774,23.08592432428059,74.11736743203869,8.002698358518021,176.54066323126477,100.92814148424264,65.45747872763707,58.0,0.361626529250591,5.424397938758865
1/15/2018,Tomato,Sandy Loam,5.858419699122051,21.21197637802316,76.15490280885791,14.671183544949823,183.3518677112717,94.9948835845871,56.77939852345643,58.0,0.6340747084508678,9.511120626763017
1/16/2018,Tomato,Sandy Loam,5.664403178963868,21.854057057398332,78.72450006371987,7.88648486009936,186.15691883882516,96.86550978128896,52.86162790834628,13.29166667,0.7462767535530069,11.194151303295104
1/17/2018,Tomato,Sandy Loam,6.156715570266039,23.005090041856327,69.77427383697467,7.134261339684111,185.24570269553232,107.04096831609385,67.1577837049248,33.83333333,0.7098281078212926,10.647421617319388
1/18/2018,Tomato,Sandy Loam,6.3487535340277566,21.93093039463047,81.71891074821622,10.362091710683334,185.9562729771727,101.18436263536915,56.17721798472927,13.29166667,0.7382509190869077,11.073763786303616
1/19/2018,Tomato,Sandy Loam,6.585318564273136,21.149540622343363,79.4368549951048,11.709580340702978,178.71166629625867,100.2948438751356,63.17710808453684,21.75,0.4484666518503464,6.726999777755196
1/20/2018,Tomato,Sandy Loam,6.244847392350014,23.49561122805289,69.68195838047998,12.25093111069565,186.35668432350042,91.99159427080058,61.32887370173253,13.29166667,0.7542673729400173,11.31401059410026
1/21/2018,Tomato,Sandy Loam,7.07982340044561,21.93099002140369,84.4994912520582,12.542471844969162,172.40418110741217,90.32056312910247,59.43512618781749,33.83333333,0.1961672442964867,2.9425086644473017
1/22/2018,Tomato,Sandy Loam,5.578638975336947,21.189315674576036,78.29593982060916,5.3683249151475305,180.889781959217,109.27370377374098,59.91638945297078,33.83333333,0.5355912783686797,8.033869175530196
1/23/2018,Tomato,Sandy Loam,6.363535076397116,21.224364493508595,74.04853772933411,8.937604003795633,170.11517320996242,97.53972334573683,64.64475828184575,42.29166667,0.1046069283984972,1.569103925977459
1/24/2018,Tomato,Sandy Loam,6.264511829312809,21.75527639636626,68.15054651107033,12.739580797830902,176.4917165980054,102.06426124199008,51.75545828246881,13.29166667,0.3596686639202162,5.395029958803244
1/25/2018,Tomato,Sandy Loam,6.795156981613718,21.534047841664577,75.66442004616263,14.048521018001294,177.32923069742796,91.5943014637457,63.3636132391581,13.29166667,0.3931692278971183,5.897538418456774
1/26/2018,Tomato,Sandy Loam,7.432552503794792,23.32290035334045,68.29551773654237,11.022001233327831,177.92345383218512,103.66228571446094,67.91624202797158,21.75,0.4169381532874043,6.254072299311066
1/27/2018,Tomato,Sandy Loam,6.520750813257724,21.965052140001102,73.58983357395688,5.523068535096857,183.90934413379725,108.65133417411921,51.155763940397286,58.0,0.6563737653518897,9.845606480278343
1/28/2018,Tomato,Sandy Loam,7.473753693883441,23.4140873551195,73.17425045479038,8.966458058551313,177.7711620254069,101.5133050599484,52.81306678467333,13.29166667,0.4108464810162766,6.162697215244149
1/29/2018,Tomato,Sandy Loam,6.104498789826395,21.521537993469458,79.3987928869492,5.742271158684547,178.97387245245062,92.52230644750821,64.33263873404063,42.29166667,0.4589548980980246,6.884323471470369
1/30/2018,Tomato,Sandy Loam,5.561736265084922,22.478637538632253,68.847663624485,12.485378626845844,174.75088261748655,101.63443054946953,58.74563296489235,13.29166667,0.290035304699462,4.35052957049193
1/31/2018,Tomato,Sandy Loam,5.831326334952825,23.064111400659385,81.43742709741691,5.635054692816652,177.4650358325868,105.32694426209305,58.07097241627377,58.0,0.3986014333034721,5.979021499552081
2/1/2018,Tomato,Sandy Loam,6.290249769549135,22.955972561597566,71.52264654032332,6.857310667351772,174.54539254526304,98.12833073148037,52.739332690884716,21.75,0.2818157018105212,4.227235527157818
2/2/2018,Tomato,Sandy Loam,6.132667818377104,22.803388229790805,73.8797725393755,9.169584239647742,171.46391847536887,107.59675495882937,60.13540081435576,13.29166667,0.1585567390147549,2.378351085221324
2/3/2018,Tomato,Sandy Loam,5.694108261966756,23.77446480579351,80.44681951107685,9.62648367114872,182.06897186762757,102.9736590671473,52.530906223927545,21.75,0.5827588747051023,8.741383120576534
2/4/2018,Tomato,Sandy Loam,6.365320215381434,21.685575443120232,77.50784799427029,9.064817003150123,183.36425597110033,107.98497836578406,59.53240912621081,42.29166667,0.634570238844013,9.518553582660196
2/5/2018,Tomato,Sandy Loam,6.176231543319125,22.481157613386316,71.16050703603875,9.63396646606,182.38980692019229,102.47010622494675,65.27230597923314,42.29166667,0.5955922768076917,8.933884152115375
2/6/2018,Tomato,Sandy Loam,5.745238440914877,23.651977650217226,72.72405849091763,12.132391520202,179.26988087601146,92.62575944009649,55.16528715774327,42.29166667,0.4707952350404579,7.061928525606869
2/7/2018,Tomato,Sandy Loam,6.092234261223818,21.23368129678547,71.1157362797922,8.692688229555415,177.5957156035846,96.19383422210379,59.61572336359455,58.0,0.4038286241433838,6.057429362150757
2/8/2018,Tomato,Sandy Loam,7.2728721107107805,21.167664804759227,76.89540334554314,10.477504591506191,187.2666729914365,94.03589896504914,69.84031938793672,21.75,0.7906669196574602,11.860003794861903
2/9/2018,Tomato,Sandy Loam,6.104097730978681,21.699906862674876,71.65249066413679,8.033692575287322,180.38163570272437,108.17652995433724,63.733008467080744,33.83333333,0.5152654281089745,7.728981421634617
2/10/2018,Tomato,Sandy Loam,6.927910846484103,22.899063658614054,79.51395389566281,8.536274950904826,179.5836375525946,105.20800134574965,66.82713542610398,33.83333333,0.4833455021037848,7.250182531556772
2/11/2018,Tomato,Sandy Loam,6.724094159315511,21.77963887934942,76.59574317167453,11.137989590420808,170.5128413161287,103.52796737820012,58.296952131210915,42.29166667,0.1205136526451485,1.8077047896772285
2/12/2018,Tomato,Sandy Loam,6.354362324816743,21.570719651426398,67.91413223495017,9.9049465163702,176.82495655252313,96.01932639263244,65.35721846251711,42.29166667,0.3729982621009251,5.594973931513877
2/13/2018,Tomato,Sandy Loam,5.978051273607338,22.376406946074876,71.20537237359765,12.230362948592813,177.60391237571713,93.68089544100427,50.81018345882644,33.83333333,0.4041564950286856,6.062347425430285
2/14/2018,Tomato,Sandy Loam,6.238029398691891,22.840794206308235,69.42894883820311,10.605385880517495,177.976455617938,105.12902175977824,52.4582236508449,42.29166667,0.4190582247175204,6.285873370762806
2/15/2018,Tomato,Sandy Loam,6.684214426942086,21.74567312105022,72.8062642510297,13.035740853838728,181.60344738454666,99.48315891758159,54.06141185840124,58.0,0.5641378953818659,8.462068430727989
2/16/2018,Tomato,Sandy Loam,6.20150642949871,21.902073560171225,75.31968172418726,9.434082129947166,180.67205093453757,94.51579104301258,58.03903849230439,21.75,0.5268820373815027,7.903230560722541
2/17/2018,Tomato,Sandy Loam,5.929792867148464,22.840677914434544,75.1352571456822,9.910336198668016,182.1581018558689,102.3324395633055,66.91489756651526,33.83333333,0.5863240742347557,8.794861113521335
2/18/2018,Tomato,Sandy Loam,5.732925497783264,23.837215265968357,80.09047353126579,11.699713489009396,185.29766523084257,90.80667704276904,56.92532101575861,42.29166667,0.7119066092337026,10.67859913850554
2/19/2018,Tomato,Sandy Loam,7.25953387581913,23.024225182314265,68.78343727203419,7.212439444120489,186.25971477432188,96.52340508256506,63.09242387030926,13.29166667,0.7503885909728748,11.255828864593122
2/20/2018,Tomato,Sandy Loam,6.380625951503811,23.34871243075368,83.92945658594894,8.859295369312608,184.3624615245299,99.3711398918227,64.18628589606966,58.0,0.6744984609811955,10.117476914717932
2/21/2018,Tomato,Sandy Loam,6.75041664348586,22.100430284266405,71.85690213764337,11.24841244011708,189.1104739190987,92.95916668218811,61.72364708176683,13.29166667,0.8644189567639478,12.966284351459215
2/22/2018,Tomato,Sandy Loam,6.48082072227361,21.816763078153397,71.00497693832277,5.288762692657364,170.36465165352723,109.6930895518168,57.144839363402724,21.75,0.1145860661410893,1.7187909921163396
2/23/2018,Tomato,Sandy Loam,7.245133036715927,22.362803229607866,78.7035715636044,9.369714336339417,173.91555971367092,94.18194729179228,61.541066834270886,13.29166667,0.2566223885468369,3.849335828202553
2/24/2018,Tomato,Sandy Loam,6.593869704896422,23.421398486135022,81.11033257366125,10.988499363061168,170.15125749956283,92.6070626008653,56.845311855794925,58.0,0.1060502999825137,1.5907544997377054
2/25/2018,Tomato,Sandy Loam,6.461562835898227,22.368898925371667,72.56943529627307,14.67375531978198,182.94949428309206,94.07069747773792,51.67747477104024,42.29166667,0.6179797713236824,9.269696569855236
2/26/2018,Tomato,Sandy Loam,7.349201980843425,23.54017622636958,79.93693949787954,13.770165616176712,187.96061097899974,105.38122266319448,69.85607956372029,13.29166667,0.8184244391599895,12.276366587399842
2/27/2018,Tomato,Sandy Loam,6.939379192090709,23.96631594208538,82.67471912272109,7.807419529426581,174.86964593152598,98.51011318543685,52.54364907265022,58.0,0.2947858372610394,4.421787558915592
2/28/2018,Tomato,Sandy Loam,5.723099814693715,21.21607999719101,80.33607330413915,10.072101040289247,188.54069089592613,101.30831879505075,51.446967676721144,21.75,0.8416276358370454,12.62441453755568
3/1/2018,Tomato,Sandy Loam,5.855408922393628,21.13623046825111,65.68392971141665,5.564143726600913,171.2053478057912,90.42018313972721,67.57061498414312,58.0,0.1482139122316487,2.2232086834747307
3/2/2018,Tomato,Sandy Loam,7.074245725878884,21.448769108740084,81.54737822732376,7.407544148178071,188.68872053611028,90.6886261714663,56.0366932178579,13.29166667,0.8475488214444115,12.713232321666172
3/3/2018,Tomato,Sandy Loam,7.171702642359909,22.153109027203037,80.48961916908735,12.7485586806809,177.0324537447927,98.91651099654032,63.00593948147015,13.29166667,0.3812981497917075,5.719472246875613
3/4/2018,Tomato,Sandy Loam,6.590381658180593,21.393126627436295,78.38580476306372,6.233140122753445,172.02841656898434,106.33310486403246,56.58011459324466,33.83333333,0.1811366627593732,2.717049941390598
3/5/2018,Tomato,Sandy Loam,6.6089104557332785,23.611993432856266,80.20044838175806,7.576905248339566,179.7174351837265,107.70477757415131,57.82908541588942,42.29166667,0.4886974073490605,7.330461110235908
3/6/2018,Tomato,Sandy Loam,6.7638659257028895,21.06943875308119,84.58850791663878,14.44042501735808,175.13553135441015,91.73413135191281,55.24225944033593,58.0,0.3054212541764063,4.581318812646096
3/7/2018,Tomato,Sandy Loam,6.378231548565279,21.947378149007466,73.62225775636699,13.23855800492458,175.69745803923846,100.76726204202046,56.860880115860205,58.0,0.3278983215695382,4.9184748235430735
3/8/2018,Tomato,Sandy Loam,6.860398246967808,21.554083888482616,66.34446469909196,12.818277126489122,176.14579929852573,108.26459372558541,58.21400801173086,13.29166667,0.3458319719410292,5.187479579115439
3/9/2018,Tomato,Sandy Loam,5.716962515132831,23.794617990472595,74.21779939255433,13.645574903021569,186.06051795665326,97.75945508795773,64.40832138184686,13.29166667,0.7424207182661308,11.136310773991962
3/10/2018,Tomato,Sandy Loam,7.422558484734773,23.008443014670085,65.92867310782096,12.49605686582354,180.7832255335051,106.59131662856737,60.230723884695834,13.29166667,0.5313290213402037,7.969935320103055
3/11/2018,Tomato,Sandy Loam,7.000309647589844,23.736090769354124,70.88500816176922,6.205862161182349,176.22615398312007,92.67391308798872,68.87130434313954,58.0,0.3490461593248029,5.235692389872044
3/12/2018,Tomato,Sandy Loam,6.762348408018013,23.91698613093118,76.73759583593518,10.165613264852311,182.20667566621836,108.70788979335597,50.83760787677551,21.75,0.5882670266487348,8.824005399731021
3/13/2018,Tomato,Sandy Loam,6.132644114018961,22.491294731032106,71.19245785852313,9.44243920802322,184.32301348446387,105.02846635062605,60.06136645264056,58.0,0.6729205393785549,10.093808090678325
3/14/2018,Tomato,Sandy Loam,5.821910974913458,21.70295732414408,78.70790491819078,8.111515782703801,175.45248001467067,108.82668785573803,61.684495776634364,13.29166667,0.318099200586827,4.771488008802406
3/15/2018,Tomato,Sandy Loam,6.3186859276578895,21.58118635858977,81.43972655371442,13.340404097196055,178.27098203050704,103.53234467105013,68.40393972148547,33.83333333,0.4308392812202812,6.462589218304219
3/16/2018,Tomato,Sandy Loam,6.8231534811481165,21.668756585057523,73.40878358559074,9.641392023742338,172.43772186673894,97.26807863998854,50.983170472428554,58.0,0.197508874669558,2.96263312004337
3/17/2018,Tomato,Sandy Loam,6.767419486846222,23.12577992286601,83.00275902586007,5.602976013575497,173.62298699069362,108.76362345049445,61.46999169870432,21.75,0.2449194796277442,3.673792194416164
3/18/2018,Tomato,Sandy Loam,6.265282310131143,21.121337184369,66.596778627008,7.749655837202683,183.62235707929966,95.51133552618357,67.07259857055914,13.29166667,0.6448942831719863,9.673414247579794
3/19/2018,Tomato,Sandy Loam,6.726572787666259,21.154083219098144,81.802263284009,7.286210580294451,173.62876695391253,96.64345044123465,54.83855456238473,21.75,0.2451506781565015,3.677260172347524
3/20/2018,Tomato,Sandy Loam,7.127496591135095,22.82442882714945,81.57146290878597,13.874788848112836,180.5032676733412,104.01616836003481,67.52584697047875,13.29166667,0.5201307069336482,7.801960604004722
3/21/2018,Tomato,Sandy Loam,5.552569544675214,22.92617144021222,71.4398779265353,11.47438100639,184.18092523444867,105.30632599050773,50.38086818548584,21.75,0.6672370093779462,10.008555140669191
3/22/2018,Tomato,Sandy Loam,6.401242095860551,22.99578877296738,70.9743037424923,10.603762658820752,172.13753846189488,108.58806967698308,64.6490925826746,42.29166667,0.1855015384757951,2.7825230771369265
3/23/2018,Tomato,Sandy Loam,7.017110456933582,22.115641513765773,71.10189962307025,10.06649241678705,181.34624439257806,94.09604818112419,68.66226442337306,33.83333333,0.5538497757031229,8.307746635546843
3/24/2018,Tomato,Sandy Loam,6.592288940926754,23.41783466614246,81.22787424688822,11.501130275414654,175.13125567402727,105.95996070438449,63.143953232801245,58.0,0.305250226961091,4.578753404416366
3/25/2018,Tomato,Sandy Loam,6.80295217585814,22.60087376317985,81.63306975220391,12.548755467771247,189.2585375047516,104.77092106793927,58.78058487960896,33.83333333,0.8703415001900638,13.055122502850958
3/26/2018,Tomato,Sandy Loam,6.533352785210684,21.31639689002826,71.59444917655335,10.543847058315098,179.6709129343985,91.27589112507195,50.89762032945436,42.29166667,0.4868365173759398,7.302547760639097
3/27/2018,Tomato,Sandy Loam,7.483749089364622,23.391297921202035,76.85180694888923,14.382854151526104,186.11985099550316,97.74446282420413,68.40227626645257,42.29166667,0.7447940398201265,11.171910597301896
3/28/2018,Tomato,Sandy Loam,5.609243072978076,23.859203358811374,67.7786645888091,14.768341706503843,181.00453084312522,95.65530914120197,59.405924453831496,42.29166667,0.5401812337250095,8.102718505875142
3/29/2018,Tomato,Sandy Loam,6.482089643544755,21.180108939007077,74.37557476562044,14.95342316608823,170.86825065709638,96.0898084870806,50.57993488671896,42.29166667,0.1347300262838553,2.02095039425783
3/30/2018,Tomato,Sandy Loam,5.682833098229035,22.17405401610174,84.97585701711077,11.693911100886448,182.66302751188044,109.65893759109402,63.796421426575236,58.0,0.6065211004752179,9.097816507128268
3/31/2018,Tomato,Sandy Loam,5.81957112422714,22.462548134504242,68.17678295412493,14.326204667558784,189.02806684413315,102.85554826959856,59.63674507152516,58.0,0.8611226737653256,12.916840106479883
4/1/2018,Tomato,Sandy Loam,6.266076700836524,21.43941228023495,83.95125279920117,9.044796953079548,182.03223640292663,104.35352315587,52.486906348848215,13.29166667,0.581289456117065,8.719341841755973
4/2/2018,Tomato,Sandy Loam,5.811080183000975,23.603126843348633,81.48509443930016,13.595923912473854,186.38377718853582,109.53235274630018,54.28543618620519,33.83333333,0.7553510875414322,11.330266313121482
4/3/2018,Tomato,Sandy Loam,7.4273743319133025,21.852448934670132,84.4442930189254,14.09174298739681,187.68412926696817,97.54403564915278,51.289813609116926,13.29166667,0.8073651706787263,12.110477560180891
4/4/2018,Tomato,Sandy Loam,7.393579553450318,23.34902561981448,68.59157521221066,14.041404723322756,174.56159543897866,106.03680336905612,61.485870794171475,58.0,0.2824638175591459,4.23695726338719
4/5/2018,Tomato,Sandy Loam,6.172219292441207,23.01298344608495,69.27036980886729,13.308462829083815,174.24089679816453,98.69061926608991,62.440589585040186,33.83333333,0.2696358719265813,4.04453807889872
4/6/2018,Tomato,Sandy Loam,6.779495424075359,22.79413746740107,65.33734363469718,9.065991616412504,182.21961977701983,107.3906734362996,60.11484596710889,58.0,0.5887847910807934,8.8317718662119
4/7/2018,Tomato,Sandy Loam,6.567506641187572,21.576428546089662,79.49403625831211,6.589074819807344,178.2205693961341,93.61315082622606,66.3420426600523,21.75,0.4288227758453637,6.432341637680457
4/8/2018,Tomato,Sandy Loam,7.1311739610315374,21.662110561652717,77.88189386872371,8.33956356344446,186.7972260573344,108.9537235412856,67.22017642616026,42.29166667,0.7718890422933763,11.578335634400643
4/9/2018,Tomato,Sandy Loam,6.754891219633884,21.142045214239708,68.56130876649465,12.67288569298093,188.00046246796023,94.3754341682176,62.31248793366253,58.0,0.8200184987184089,12.300277480776137
4/10/2018,Tomato,Sandy Loam,5.500504908981124,21.7221372893468,80.82289931084144,7.328855113299753,177.06842758605436,96.52441013961862,50.25512959414861,21.75,0.3827371034421745,5.741056551632617
4/11/2018,Tomato,Sandy Loam,7.026348771219478,22.036330828381544,70.98391012263451,9.782720648259724,174.73741117948964,105.12384468213561,63.904593114954714,42.29166667,0.2894964471795856,4.342446707693785
4/12/2018,Tomato,Sandy Loam,6.993696242592236,23.499435911587277,67.6999113866127,10.65399517984672,185.61051030487724,97.87510283130814,58.35998433840703,13.29166667,0.7244204121950895,10.866306182926342
4/13/2018,Tomato,Sandy Loam,6.519445411132962,22.099178000144416,73.45125330038697,11.038585624378753,175.4961207109627,102.16422753532893,61.31114966452774,42.29166667,0.3198448284385089,4.797672426577634
4/14/2018,Tomato,Sandy Loam,7.305837946466108,23.263865348296818,66.81939696853712,14.357255483787986,186.45228637027355,98.89147002138857,62.981612040377684,42.29166667,0.7580914548109428,11.37137182216414
4/15/2018,Tomato,Sandy Loam,7.316892411380803,22.318326843886464,70.26487312546493,11.614930204143176,178.47476507297526,104.84739874179564,57.00473228654153,21.75,0.4389906029190102,6.584859043785154
4/16/2018,Tomato,Sandy Loam,6.547823353408795,23.354604935981666,72.42666716854693,12.86298816077302,183.3509979858294,94.56662504737221,68.34197010343588,13.29166667,0.6340399194331764,9.510598791497646
4/17/2018,Tomato,Sandy Loam,6.715976462393075,23.92881480131112,82.037283490283,10.818783478916334,171.91070627669336,91.16915974473754,52.679497334995624,58.0,0.1764282510677345,2.646423766016018
4/18/2018,Tomato,Sandy Loam,7.493044143849344,21.71952467417274,80.85097482586443,13.335803188619632,182.47718649353146,95.99858794946132,63.430236145620746,33.83333333,0.5990874597412584,8.986311896118876
4/19/2018,Tomato,Sandy Loam,6.097640469622835,23.58702483589163,73.85508571501236,7.636636130697628,179.0353535747446,99.48617329736861,50.08719159913161,58.0,0.4614141429897833,6.92121214484675
4/20/2018,Tomato,Sandy Loam,6.149234484622955,22.865472258917325,79.49150115504776,7.098776716687892,181.7321692635095,93.36040104385357,68.49302210810362,58.0,0.5692867705403793,8.53930155810569
4/21/2018,Tomato,Sandy Loam,5.865547805326993,23.451882784765964,76.3729927235801,14.263200487579695,173.36028415489727,97.09594579312777,52.25008266476183,13.29166667,0.2344113661958907,3.516170492938361
4/22/2018,Tomato,Sandy Loam,7.2917338783157355,22.954757706803417,71.81683710156136,11.934808763573784,184.73747489888365,97.99966036587136,51.89768460295149,42.29166667,0.6894989959553457,10.342484939330186
4/23/2018,Tomato,Sandy Loam,6.9889767798985325,22.27184852182245,79.5174868699057,11.71525577058221,187.25594155086458,91.14783687376547,56.66015266104488,13.29166667,0.7902376620345829,11.853564930518743
4/24/2018,Tomato,Sandy Loam,5.711285697740484,21.684224818325372,78.66998308932756,9.6729523862845,174.3347960018155,101.66614496368409,57.471325720781614,58.0,0.2733918400726205,4.100877601089308
4/25/2018,Tomato,Sandy Loam,7.463534702395931,21.210105675993496,77.38188884387205,8.766972592935105,171.91429111040324,107.68686855942575,54.286001446457576,13.29166667,0.1765716444161293,2.6485746662419407
4/26/2018,Tomato,Sandy Loam,6.961923416322232,22.606555093382152,77.35911042086501,10.556911944786387,170.47277172092672,93.03485825906105,61.702433218542495,21.75,0.1189108688370691,1.783663032556037
4/27/2018,Tomato,Sandy Loam,7.201044219209949,23.970978283580596,78.65963984653953,6.205663494216671,182.83943000886532,101.95616026803029,58.85828196083927,33.83333333,0.6135772003546128,9.203658005319191
4/28/2018,Tomato,Sandy Loam,5.596301578346402,23.21412541504262,72.69091025285077,9.547125610831078,182.1418807217756,103.29478409821692,50.683511780821746,21.75,0.5856752288710246,8.785128433065369
4/29/2018,Tomato,Sandy Loam,6.5099218378843355,21.98203662419705,82.38151630135405,9.553677044654808,180.9339482542814,98.38669360838577,56.39304124510601,21.75,0.537357930171256,8.06036895256884
4/30/2018,Tomato,Sandy Loam,6.897196573454078,23.481614400260206,68.24615690992921,10.383365129442652,174.6389419223195,104.0219517472854,66.2086582714634,33.83333333,0.2855576768927803,4.2833651533917045
5/1/2018,Tomato,Sandy Loam,6.585893169143683,23.30695200052922,82.67770926478309,11.346856143672024,177.81811991811028,98.21463086982024,63.794030697237375,33.83333333,0.4127247967244117,6.1908719508661765
5/2/2018,Tomato,Sandy Loam,6.833294931398555,21.84490738006037,71.84563686063989,14.57318365985362,181.88952670372345,100.0927457595487,64.49741707159761,42.29166667,0.5755810681489385,8.633716022234077
5/3/2018,Tomato,Sandy Loam,7.135748127180945,21.042922469382702,67.50063231217246,11.521691270917568,179.93533717718338,90.14706089108854,63.96233848167047,33.83333333,0.4974134870873355,7.4612023063100334
5/4/2018,Tomato,Sandy Loam,6.248674125920393,21.354487915601847,77.0005480535826,13.837251519534115,189.75571040429776,103.83440228269377,56.219460427660664,42.29166667,0.8902284161719098,13.353426242578648
5/5/2018,Tomato,Sandy Loam,7.19733735123742,23.631918570936172,72.5197333814081,10.56303861469164,172.72879505113465,103.22685357889449,51.993278441535516,42.29166667,0.2091518020453865,3.137277030680798
5/6/2018,Tomato,Sandy Loam,5.8258322095305815,23.509689105914614,81.30999454207038,11.269278826274896,183.90289108095186,90.76801754652689,55.44934368066192,58.0,0.656115643238075,9.841734648571126
5/7/2018,Tomato,Sandy Loam,6.041772110052749,21.885627002635086,73.61570937057535,5.698369531095696,178.08637536208585,97.36500214790266,66.63570600370318,33.83333333,0.4234550144834337,6.3518252172515055
5/8/2018,Tomato,Sandy Loam,5.586691239854652,21.855586278853263,78.3712505112422,6.332637228844156,178.5639922985123,109.58063681583334,69.60941595566142,58.0,0.4425596919404918,6.6383953791073775
5/9/2018,Tomato,Sandy Loam,6.228853622670503,23.378594961307414,71.16515979009651,10.796704351975396,184.35195531316353,98.41473125137233,59.87694029483123,33.83333333,0.674078212526541,10.111173187898114
5/10/2018,Tomato,Sandy Loam,6.259819089648241,23.813212409686265,69.1890475005068,8.957128699580291,183.8487230264874,100.03890810263684,50.194007098460844,42.29166667,0.6539489210594958,9.809233815892435
5/11/2018,Tomato,Sandy Loam,7.110541194414502,23.337411770392798,72.76098061897648,12.988105198655015,189.82511987404376,108.19860316319438,52.80089624268458,42.29166667,0.8930047949617507,13.39507192442626
5/12/2018,Tomato,Sandy Loam,6.8062613405793115,22.816736031092283,77.13615669204867,10.43177874874176,172.5678857890825,104.34523751731513,56.441611506325316,13.29166667,0.2027154315633001,3.040731473449503
5/13/2018,Tomato,Sandy Loam,6.373445116311333,21.728014050995412,78.13893478422703,13.822910389513378,172.08219298768333,101.64140262248446,61.571706971858994,33.83333333,0.183287719507333,2.749315792609996
5/14/2018,Tomato,Sandy Loam,6.804227957247496,22.57724374228578,76.56413330596037,14.723316784622911,184.4867763425748,105.95609362682146,51.50187291610628,33.83333333,0.6794710537029929,10.192065805544892
5/15/2018,Tomato,Sandy Loam,5.605566701031382,21.700535575779792,84.76111437248218,6.47635185121485,181.5677383401282,107.28732532911947,68.86714597419763,21.75,0.5627095336051273,8.44064300407691
5/16/2018,Tomato,Sandy Loam,5.860543072036752,23.42403426029032,78.82180372990331,8.948277516556265,175.4832133311961,99.13776143474534,57.30167346568801,33.83333333,0.3193285332478447,4.789927998717671
5/17/2018,Tomato,Sandy Loam,6.75389571048351,22.16088323855321,83.63039255193836,11.649810252380307,171.58838737977973,99.5021672986367,68.25168435849646,21.75,0.1635354951911893,2.45303242786784
5/18/2018,Tomato,Sandy Loam,6.782733638450605,23.50109165098208,67.35866389790348,8.054887554003496,171.7131649919286,97.72101871303671,65.61043605514044,58.0,0.1685265996771444,2.527898995157167
5/19/2018,Tomato,Sandy Loam,7.048269317414855,22.144827653948177,66.22745859626957,7.670323377214951,187.88381749328238,109.33412280036922,65.10874545031163,42.29166667,0.8153526997312947,12.23029049596942
5/20/2018,Tomato,Sandy Loam,6.305999518107204,23.472448215599673,71.21989404023907,13.137385606288367,173.83734649437486,103.943325085807,62.134391595644644,21.75,0.2534938597749943,3.802407896624915
5/21/2018,Tomato,Sandy Loam,6.945108193232312,21.999953445495727,67.73177876752848,14.80378469058743,176.46743124231043,91.66446132416145,62.53567634103689,42.29166667,0.3586972496924167,5.3804587453862505
5/22/2018,Tomato,Sandy Loam,6.867960665120378,22.32039811385301,75.51737056456535,12.738033312474814,174.53312804453975,107.25919246626037,62.76006470432496,33.83333333,0.2813251217815904,4.219876826723857
5/23/2018,Tomato,Sandy Loam,7.426786756739698,22.846465258027973,75.37962507046558,10.236766228041136,177.09992611663876,99.61119881672536,62.57442774051164,13.29166667,0.3839970446655498,5.759955669983247
5/24/2018,Tomato,Sandy Loam,5.9302604528493585,21.210862842089757,76.500943328879,9.425112319453149,171.38847685492186,91.37507812844974,61.07456462796723,58.0,0.1555390741968747,2.333086112953121
5/25/2018,Tomato,Sandy Loam,6.6033591275052785,23.844621185446393,79.90455761662146,10.396477205303649,180.3811958181654,100.99434510326623,69.72828036965778,58.0,0.5152478327266163,7.728717490899245
5/26/2018,Tomato,Sandy Loam,6.703528884220939,22.72081735837141,84.4265940042464,9.628397021877358,171.3522512718443,98.34328557951405,64.64581134851392,13.29166667,0.1540900508737719,2.311350763106579
5/27/2018,Tomato,Sandy Loam,7.497295769868441,22.523460044072408,82.56517382878293,10.028880567856682,186.00713015644723,107.5549880972525,65.53892776785042,42.29166667,0.7402852062578893,11.10427809386834
5/28/2018,Tomato,Sandy Loam,5.902368284333304,23.518181913359737,67.36734479151163,7.034530505292277,174.67424163820866,94.07989207218775,67.44925630167349,42.29166667,0.2869696655283464,4.304544982925197
5/29/2018,Tomato,Sandy Loam,6.5464360399345844,23.59728818969048,71.77027377541314,14.037419493093276,180.8002382920902,106.52929218984366,54.312795254516985,13.29166667,0.5320095316836085,7.980142975254128
5/30/2018,Tomato,Sandy Loam,6.1923706154272775,22.56678121358705,70.11646050096084,12.545350015232682,187.60158175122916,101.15377382370906,51.67608318190121,33.83333333,0.8040632700491667,12.0609490507375
5/31/2018,Tomato,Sandy Loam,6.551785937158,23.78178697738091,68.53634715559586,11.8097742269322,183.01754738094388,91.09220606426938,59.65788873197197,42.29166667,0.6207018952377553,9.31052842856633
6/1/2018,Tomato,Sandy Loam,5.964257204206212,21.194213298229442,75.8944975331157,14.499249709744731,180.65915573102671,109.43690602650969,60.28161391238547,58.0,0.5263662292410682,7.895493438616024
6/2/2018,Tomato,Sandy Loam,5.595224756854976,21.339677376753652,76.06528804065461,7.84394331912838,176.4866750623075,100.252304882064,66.58363559899836,33.83333333,0.3594670024923004,5.392005037384507
6/3/2018,Tomato,Sandy Loam,6.6451309077953775,22.79036469004332,69.54489655776123,5.811594108936142,176.66003826116395,95.81753708463165,58.875671585646714,13.29166667,0.3664015304465583,5.496022956698375
6/4/2018,Tomato,Sandy Loam,6.171708631721664,22.06219758538075,79.23794500613371,13.261386603553316,183.3897391039638,99.38813683978516,61.41706051088626,58.0,0.6355895641585521,9.53384346237828
6/5/2018,Tomato,Sandy Loam,5.8638828034968675,22.3926754985676,79.6582859833901,14.984169636492547,189.88278722442334,107.15715567034978,60.54141877026917,13.29166667,0.895311488976934,13.429672334654011
6/6/2018,Tomato,Sandy Loam,6.147871132156068,21.9842376536915,65.41959989667866,10.784324380201994,183.23678379698757,96.09806248770127,50.76405567514782,33.83333333,0.6294713518795029,9.442070278192544
6/7/2018,Tomato,Sandy Loam,5.59856040289549,22.214175934334808,72.91515407444633,5.588093879126818,181.1556683474005,93.853527929734,62.30429793193828,33.83333333,0.54622673389602,8.193401008440299
6/8/2018,Tomato,Sandy Loam,7.400884468180207,23.4679390414389,82.80281282403243,12.804680401549412,184.61301020478493,92.58142493861763,66.56086571548505,33.83333333,0.6845204081913969,10.267806122870956
6/9/2018,Tomato,Sandy Loam,6.662295829946521,22.780428599562914,75.40637216487676,5.737490488458415,179.30411224567436,95.95718796780423,53.150010961516074,42.29166667,0.4721644898269745,7.082467347404618
6/10/2018,Tomato,Sandy Loam,7.12953736269405,23.992033647850494,71.95255602877988,10.400139862592813,171.2028468520157,105.60096174080087,61.88663467853192,13.29166667,0.1481138740806281,2.2217081112094226
6/11/2018,Tomato,Sandy Loam,6.346236395095461,23.36063759346289,70.0735230319026,7.775324742105271,181.2459363175582,99.43252730390523,61.87221088892829,42.29166667,0.5498374527023279,8.247561790534919
6/12/2018,Tomato,Sandy Loam,7.306629335132372,21.82099876230548,69.86709039836565,14.150267805923956,189.1525056901076,94.5496320738708,53.28369928112718,42.29166667,0.8661002276043042,12.991503414064562
6/13/2018,Tomato,Sandy Loam,6.466636443104507,21.793035353180088,66.99536067701612,9.51331213259485,173.50605884715318,93.32369999219499,52.46927147461472,13.29166667,0.2402423538861277,3.603635308291916
6/14/2018,Tomato,Sandy Loam,6.647890644401339,22.007694810351023,81.34452838186183,13.984633484785531,183.8000978164133,96.65458953020759,69.6010388595297,33.83333333,0.6520039126565326,9.780058689847989
6/15/2018,Tomato,Sandy Loam,6.4835879601253135,23.52977844194323,66.73314810788342,7.990810852545676,174.01867377318112,108.79848745771417,57.874383393060754,42.29166667,0.2607469509272452,3.911204263908678
6/16/2018,Tomato,Sandy Loam,6.966556591735303,21.081862951951695,70.84589531723631,8.873625838213513,180.71655368946162,96.86053425180049,54.54843457447058,42.29166667,0.5286621475784651,7.929932213676976
6/17/2018,Tomato,Sandy Loam,6.633312155204125,21.690543836613774,65.91351477132706,14.471191882470803,171.93352899293438,109.7624815190927,53.426490889087496,58.0,0.1773411597173757,2.660117395760636
6/18/2018,Tomato,Sandy Loam,6.043197847160796,23.7147552610328,80.62773139447401,7.013144509316353,179.0074187251637,99.70460911530712,63.3520342716647,13.29166667,0.4602967490065481,6.904451235098223
6/19/2018,Tomato,Sandy Loam,5.791079062645292,22.919689308249755,65.7856736445358,10.785011516511451,185.12326657790493,93.58327836580301,62.188905946545574,42.29166667,0.7049306631161969,10.573959946742953
6/20/2018,Tomato,Sandy Loam,6.712248777765955,21.680541286503168,71.16602207736418,8.885103285601113,176.95143048477965,107.8228018358702,62.87104245974835,42.29166667,0.3780572193911856,5.670858290867785
6/21/2018,Tomato,Sandy Loam,6.4783599230940725,21.65743490469774,76.46594740173327,12.741668850687272,183.29823448974435,99.20710746269654,51.76012055022905,33.83333333,0.6319293795897745,9.478940693846615
6/22/2018,Tomato,Sandy Loam,5.691951393392226,23.58785430527829,73.19122720586887,6.292963711713574,185.90899921579458,104.19342687009049,67.87069166996874,58.0,0.7363599686317833,11.04539952947675
6/23/2018,Tomato,Sandy Loam,6.291234931586537,23.68127252483114,70.64542134498201,9.372149690046683,188.54355638958904,109.67423166418304,57.78532793618096,13.29166667,0.8417422555835622,12.626133833753434
6/24/2018,Tomato,Sandy Loam,6.529552844000907,21.768393272886346,70.50378144855084,11.989326268452633,174.69284163710907,91.00350700639947,56.26738812860716,33.83333333,0.2877136654843628,4.3157049822654425
6/25/2018,Tomato,Sandy Loam,7.15378646765118,22.261531074229598,80.95580612012499,9.070162350061596,177.98631831618616,91.93389119575134,59.247228944954784,33.83333333,0.4194527326474465,6.291790989711698
6/26/2018,Tomato,Sandy Loam,5.652202111666725,23.50378721588495,84.4795619017449,5.585317392753767,173.04832026660836,104.40913482925512,57.80132131495257,21.75,0.2219328106643339,3.328992159965009
6/27/2018,Tomato,Sandy Loam,6.196990696492006,23.313022315829656,71.96082140897587,12.05112261335344,189.8496700431675,95.63650006590944,67.27154006278292,58.0,0.8939868017267002,13.409802025900502
6/28/2018,Tomato,Sandy Loam,7.1453122454207705,23.441748319698252,65.78291027218033,10.03198327684983,188.5400193584859,93.68602793900197,68.58521950395784,58.0,0.8416007743394363,12.624011615091543
6/29/2018,Tomato,Sandy Loam,6.7968478635431575,22.555194572363906,65.73131555818217,5.113086866801005,180.7991426056112,90.78723759639459,56.06906432899213,13.29166667,0.5319657042244477,7.979485563366715
6/30/2018,Tomato,Sandy Loam,6.079916643607573,23.73464714491552,80.18426830421436,11.12655895228373,186.84066588752842,90.43693423972404,67.2787161491991,13.29166667,0.7736266355011371,11.604399532517055
7/1/2018,Tomato,Sandy Loam,7.190670244045284,21.977854631863305,76.04739643218254,14.198810225287865,180.41915954544083,105.48971206239582,65.63046259066134,42.29166667,0.5167663818176338,7.751495727264507
7/2/2018,Tomato,Sandy Loam,6.486587161125385,21.470016403042553,80.67185314834661,6.11025948211689,182.4717137600552,92.688668547391,68.61615344689524,21.75,0.5988685504022078,8.983028256033116
7/3/2018,Tomato,Sandy Loam,6.496703782620921,23.126196997694596,78.9499402057715,10.90671235009169,171.78248864232035,99.35441231942302,54.915006243717755,33.83333333,0.1712995456928133,2.5694931853921994
7/4/2018,Tomato,Sandy Loam,7.453174678400769,22.61806324802069,83.15012698530794,12.286688817626302,185.10540840993616,102.11793630358966,61.539183002419584,33.83333333,0.7042163363974464,10.563245045961695
7/5/2018,Tomato,Sandy Loam,7.394233006472756,23.563757306428442,82.71648582093246,5.7077367014030544,172.5542696727047,98.56703601137693,55.490891694808894,33.83333333,0.2021707869081878,3.0325618036228184
7/6/2018,Tomato,Sandy Loam,6.217065366739687,21.243477747374143,80.76654791242355,5.226154581641863,186.52135260505057,90.54213304672466,66.48188980968749,33.83333333,0.7608541042020227,11.41281156303034
7/7/2018,Tomato,Sandy Loam,5.781158257326164,23.5310772103142,74.50378320084288,9.641958666449472,185.64056175340772,105.67003005175818,50.106483811421285,58.0,0.7256224701363088,10.884337052044632
7/8/2018,Tomato,Sandy Loam,6.151333464556188,21.879883959626465,71.16252815207704,12.911866872343635,184.17489395485953,90.21026449083307,61.296383257727925,33.83333333,0.6669957581943812,10.004936372915717
7/9/2018,Tomato,Sandy Loam,5.560966520622776,22.964567001504548,75.1405357488928,6.607194100993283,170.72320761049525,105.23779788754968,56.78406862543836,42.29166667,0.1289283044198097,1.9339245662971456
7/10/2018,Tomato,Sandy Loam,5.541535773420782,21.12038636723477,75.04143214639647,13.36637272214923,176.06256711890657,107.86608987576246,56.453674141556405,58.0,0.3425026847562629,5.137540271343943
7/11/2018,Tomato,Sandy Loam,6.291044272502838,22.8287438889108,77.20551097778676,11.56577255423596,175.26225139821685,98.65679842114345,62.89812647729834,58.0,0.3104900559286743,4.657350838930114
7/12/2018,Tomato,Sandy Loam,7.382039645394468,23.15181506756201,68.72195135565808,8.321732877884855,177.20272814943038,100.71084946195596,67.02968898627988,58.0,0.3881091259772152,5.821636889658229
7/13/2018,Tomato,Sandy Loam,7.242714682464415,22.106250643516862,78.11239760889977,10.158257984924496,171.75285493527676,99.53966785235308,62.18390782786653,21.75,0.1701141974110708,2.5517129611660625
7/14/2018,Tomato,Sandy Loam,6.522885667835246,21.64623211578642,74.13201848411632,14.655749797267385,188.73915646062125,97.78417237246877,67.06345957293445,21.75,0.8495662584248502,12.743493876372751
7/15/2018,Tomato,Sandy Loam,6.630452762341662,22.612892029810634,77.40409663881718,7.164369706323388,181.07604481424752,107.7484907074072,55.2919422376206,58.0,0.543041792569901,8.145626888548515
7/16/2018,Tomato,Sandy Loam,5.511866993492113,23.49957241330694,69.79209645839092,9.995353977440402,176.11048621316047,107.87867021339981,60.39003709529962,13.29166667,0.3444194485264188,5.166291727896282
7/17/2018,Tomato,Sandy Loam,5.931002311667531,21.970642074889952,73.6878978775471,11.244865561076208,177.93963034148567,96.7163272928307,59.01073078134152,42.29166667,0.4175852136594268,6.263778204891402
7/18/2018,Tomato,Sandy Loam,5.5495482538687675,21.75740789256384,69.20402428905041,6.380146054756662,178.9440508100967,102.30139508029396,50.23289799006192,13.29166667,0.4577620324038686,6.866430486058029
7/19/2018,Tomato,Sandy Loam,7.009079065390775,21.836805925913062,82.50610313513603,5.435220886233097,182.01188666721234,108.53815124291728,61.136242862814804,58.0,0.5804754666884938,8.707132000327407
7/20/2018,Tomato,Sandy Loam,5.791291592052995,23.847396458749994,74.75922090083075,5.134599529314713,180.31358855392995,109.24116997882703,63.230486482923496,42.29166667,0.5125435421571982,7.688153132357973
7/21/2018,Tomato,Sandy Loam,7.238094204953634,22.077830747293678,69.49962831147624,8.246928566000163,188.38783946428833,100.17918080844095,61.838288088381404,13.29166667,0.8355135785715339,12.532703678573007
7/22/2018,Tomato,Sandy Loam,6.7866486273515765,21.010812719664862,65.82417391483092,5.739472944848654,179.93926965811661,99.05649610568653,64.72559797566844,58.0,0.4975707863246642,7.463561794869963
7/23/2018,Tomato,Sandy Loam,5.958837353031427,23.34504362387886,78.51477329307083,13.037699525411146,189.84316029646624,95.57388631857052,61.42679056906154,58.0,0.8937264118586502,13.405896177879754
7/24/2018,Tomato,Sandy Loam,5.8154406341664995,23.09782438600617,69.29289427979512,14.97319527161746,187.0284991549019,109.1774374638082,51.33500509701514,21.75,0.7811399661960766,11.717099492941148
7/25/2018,Tomato,Sandy Loam,6.755249401846106,21.385704793808905,84.79164384637556,5.6130382173446405,174.17021028714672,92.85628608945734,52.32891048169423,33.83333333,0.2668084114858686,4.00212617228803
7/26/2018,Tomato,Sandy Loam,7.3016739605646475,23.954712747404738,75.67400746830343,9.327262759334396,188.61190429287834,101.5965915209545,61.92949155087905,58.0,0.844476171715133,12.667142575726997
7/27/2018,Tomato,Sandy Loam,6.936720437828763,22.824186855915332,70.77953992496064,5.257321229825748,172.3273279577095,95.65100535037277,55.499583839472805,42.29166667,0.1930931183083808,2.896396774625713
7/28/2018,Tomato,Sandy Loam,6.197093303206755,22.502338472821805,78.1535486758526,6.3399089075726325,186.34899416982384,95.58016580695593,51.592902580695316,42.29166667,0.7539597667929533,11.3093965018943
7/29/2018,Tomato,Sandy Loam,6.6747671905372945,22.146657802868674,70.5043984687617,8.229225609106742,177.6124658695316,98.09937174752378,58.59205486897093,13.29166667,0.4044986347812641,6.067479521718962
7/30/2018,Tomato,Sandy Loam,6.1215233907448425,23.696018266690913,81.40548587819492,8.9369821305765,187.5594864089014,109.9758587163131,61.086451961673106,42.29166667,0.8023794563560557,12.035691845340835
7/31/2018,Tomato,Sandy Loam,7.4982991335573175,21.73189044425569,71.16472101859884,14.3978294642864,187.361133802149,91.09932613679644,56.57491976699213,58.0,0.7944453520859603,11.916680281289404
8/1/2018,Tomato,Sandy Loam,6.9976783769237025,21.857306700659706,84.76495464791819,8.958368087568958,186.11850800235243,101.57083636407063,64.40867404451556,13.29166667,0.744740320094097,11.171104801411454
8/2/2018,Tomato,Sandy Loam,6.728763279513507,21.3672324200597,77.10289570890588,9.962776590574022,185.80060872614123,91.65144316070554,62.875412162024894,58.0,0.7320243490456492,10.980365235684738
8/3/2018,Tomato,Sandy Loam,6.346518285531658,23.277357286752782,81.88822297885326,7.455833682738664,176.0935827819608,93.09041659981038,56.65636722183344,33.83333333,0.3437433112784326,5.156149669176489
8/4/2018,Tomato,Sandy Loam,6.736304580519114,22.786647841217558,66.45630939156844,5.001251387565755,171.61838566102503,98.79125883545797,65.09745057817122,33.83333333,0.1647354264410017,2.471031396615026
8/5/2018,Tomato,Sandy Loam,6.183232124934669,22.827198507763494,71.96598834772377,13.993344567331352,178.05960357530324,100.20920262692883,62.97390085066071,33.83333333,0.4223841430121292,6.335762145181938
8/6/2018,Tomato,Sandy Loam,5.557729678916061,21.655411293058393,79.749741723323,5.817147570363048,173.4704902997302,95.17584816729048,62.74890757435804,21.75,0.2388196119892069,3.5822941798381045
8/7/2018,Tomato,Sandy Loam,6.290177044713266,22.953505167381252,78.10118034681166,14.64248841036229,183.89902177804925,96.32914261748833,61.06855401574136,13.29166667,0.6559608711219693,9.83941306682954
8/8/2018,Tomato,Sandy Loam,7.360961639159734,23.296375341740593,68.88486242867515,6.308441041002602,176.9219945307557,91.73934040511867,50.227793361771056,13.29166667,0.3768797812302284,5.653196718453427
8/9/2018,Tomato,Sandy Loam,6.752602189547732,22.07366559217707,72.1240586101942,11.048784807504402,189.5122040171983,96.06439567688501,63.930143669537784,33.83333333,0.8804881606879319,13.207322410318978
8/10/2018,Tomato,Sandy Loam,5.667911406141803,23.404041431885137,70.26886814975082,14.99410587856637,182.81944154690663,109.33116878761088,57.52083582218313,13.29166667,0.6127776618762656,9.191664928143984
8/11/2018,Tomato,Sandy Loam,7.269987226790052,22.046371765596064,77.26740339523685,6.384645960696759,186.4496112726872,108.89414763344963,68.85219420317311,21.75,0.7579844509074888,11.369766763612333
8/12/2018,Tomato,Sandy Loam,6.0377496986830295,23.274415384527863,71.8913645891755,9.239430849398245,172.65049345483698,96.6975658027397,66.3596954215441,13.29166667,0.2060197381934787,3.090296072902181
8/13/2018,Tomato,Sandy Loam,5.987538986165455,21.101190322373157,71.181084840007,12.804236689714765,187.24028964545244,101.41707872557524,61.75388939062624,42.29166667,0.7896115858180981,11.84417378727147
8/14/2018,Tomato,Sandy Loam,6.094181937560641,22.653493804420958,69.14755960872684,5.321901498499683,188.45514381026788,108.1919078222189,55.043639636385386,58.0,0.8382057524107155,12.573086286160732
8/15/2018,Tomato,Sandy Loam,6.654404472251915,23.90857968191966,73.18054241829296,11.897827511400443,179.7412383763787,90.12367645281793,54.074347865553335,13.29166667,0.4896495350551487,7.344743025827231
8/16/2018,Tomato,Sandy Loam,6.589376186867954,23.943733802047173,68.91005180393107,5.803733378907995,182.12505875501955,106.21367140675184,56.807696753550985,13.29166667,0.585002350200782,8.77503525301173
8/17/2018,Tomato,Sandy Loam,6.482827509245763,21.84525773502522,84.25139174755265,7.365201422732264,185.2961960180599,108.96739105577838,59.531358871600375,21.75,0.7118478407223964,10.677717610835945
8/18/2018,Tomato,Sandy Loam,6.935073727025254,22.324197273241065,68.09003622990606,6.600761624933604,173.49677254520824,91.82651468667115,55.92131020077894,13.29166667,0.23987090180833,3.5980635271249506
8/19/2018,Tomato,Sandy Loam,6.133075462669918,21.1889337239599,83.26609429917553,14.073364316469362,180.05132152926885,93.22895372065842,60.29858990784966,33.83333333,0.502052861170754,7.530792917561309
8/20/2018,Tomato,Sandy Loam,7.064129043144862,23.6200239228138,73.56946196313164,6.804567167816808,177.97326055544627,109.2149260554271,53.30740851026372,42.29166667,0.4189304222178505,6.283956333267757
8/21/2018,Tomato,Sandy Loam,5.850643356757198,22.705716459420643,72.55731983123444,5.404340955151572,172.92747984324498,100.75080287280693,69.55425625651,21.75,0.2170991937297993,3.2564879059469893
8/22/2018,Tomato,Sandy Loam,7.065241578154018,22.155302036821553,69.62639601809698,10.876256784477622,177.35068844583063,90.28393268943448,52.15849109929988,58.0,0.3940275378332252,5.910413067498378
8/23/2018,Tomato,Sandy Loam,6.827620210500566,21.33831167546746,77.71512668735038,8.46180925409702,171.36344618770988,95.15263997527059,68.63888279308745,42.29166667,0.1545378475083948,2.318067712625923
8/24/2018,Tomato,Sandy Loam,6.8664166190951725,23.84030185649067,78.71056030021673,9.057062206413663,170.51623813898973,98.99887348537719,68.2715602280539,33.83333333,0.1206495255595895,1.809742883393844
8/25/2018,Tomato,Sandy Loam,6.46310679425452,22.59065714346298,74.35141924504835,6.19062744862547,172.70332578309646,103.85817822049535,60.50720963638996,58.0,0.2081330313238582,3.121995469857873
8/26/2018,Tomato,Sandy Loam,6.834003065361729,21.848783787248713,66.11413791386849,12.482344914331946,189.26230223178348,104.66320756273599,64.49820543672169,42.29166667,0.8704920892713391,13.057381339070089
8/27/2018,Tomato,Sandy Loam,5.659594093118915,22.05064539039453,83.370203013771,11.01553649643518,180.99059071790035,109.90843025850913,58.72096595945176,13.29166667,0.5396236287160135,8.094354430740204
8/28/2018,Tomato,Sandy Loam,7.2031022340987345,21.812091542766442,84.60658265752762,8.6421704474828,189.3164432230644,95.75022398767518,62.600691550848765,42.29166667,0.872657728922576,13.08986593383864
8/29/2018,Tomato,Sandy Loam,5.611094466975292,22.805429426570942,73.6208683042367,6.715749437631359,178.64995756660264,100.7644020373695,56.81151874842237,58.0,0.4459983026641055,6.689974539961583
8/30/2018,Tomato,Sandy Loam,5.7974830197429945,23.78989072734153,77.27321614818655,10.934517391705604,176.2363226617052,100.6664709571921,56.023180395708906,13.29166667,0.3494529064682077,5.241793597023116
8/31/2018,Tomato,Sandy Loam,6.653579416994472,23.570081409979693,74.00597252487493,12.785972795073771,180.12283725680487,98.11290518894475,61.564595723390276,42.29166667,0.5049134902721953,7.57370235408293
9/1/2018,Tomato,Sandy Loam,6.978822910913383,22.38114262627793,71.4375930177224,8.12397283867195,178.7902337726582,93.3832378768484,59.962593483679605,33.83333333,0.4516093509063281,6.774140263594922
9/2/2018,Tomato,Sandy Loam,5.652503128692507,23.479498086903025,66.54637585715615,5.258603835385971,172.11329368523488,109.54913126367686,61.59072738299962,21.75,0.1845317474093951,2.7679762111409274
9/3/2018,Tomato,Sandy Loam,7.34152962824464,22.26931644382899,74.12135460794597,7.14343984752984,182.81652629380412,107.06634373333172,55.73321162574046,21.75,0.612661051752165,9.189915776282476
9/4/2018,Tomato,Sandy Loam,7.447215297601398,21.756921422275916,81.36769112718903,11.823978188928292,174.320763650192,99.96666056588475,57.33915663633991,58.0,0.2728305460076797,4.092458190115195
9/5/2018,Tomato,Sandy Loam,6.7119003460154225,23.950245345799285,65.34062922176007,14.890963774569228,182.3917590979566,102.0649084536806,51.67795921257819,42.29166667,0.5956703639182637,8.935055458773956
9/6/2018,Tomato,Sandy Loam,6.4624869107536735,21.911662703912466,76.64215366360445,5.133762394087765,183.00402184796306,94.54522107119325,51.045527445444115,21.75,0.6201608739185227,9.30241310877784
9/7/2018,Tomato,Sandy Loam,6.982789944559499,21.971172692960725,82.61544217453377,8.061535621321008,173.04049706257297,100.87574140783494,55.06914259346033,21.75,0.2216198825029185,3.3242982375437777
9/8/2018,Tomato,Sandy Loam,6.15671470465441,23.969078603359566,69.35098860028717,5.620208704488388,171.22699254221337,103.89940266242951,51.484937186610914,21.75,0.1490797016885345,2.2361955253280184
9/9/2018,Tomato,Sandy Loam,6.486528868210213,21.401782479496966,68.66511729378125,8.163492877630322,185.6152317213688,100.30334056773178,52.07549417269482,58.0,0.7246092688547519,10.869139032821275
9/10/2018,Tomato,Sandy Loam,7.332302053628803,23.281601964029086,80.44553251403886,9.059143431274212,179.1960084753864,109.80570341169883,66.25856810787874,13.29166667,0.4678403390154562,7.017605085231843
9/11/2018,Tomato,Sandy Loam,7.411310850483067,23.807438275448177,70.10172862238586,14.20862091946255,171.16327591010952,102.22683312495452,50.777473940333785,42.29166667,0.1465310364043806,2.197965546065709
9/12/2018,Tomato,Sandy Loam,7.35413823210237,22.535384982826255,68.83968535121296,5.805607994049788,189.89732634339535,97.41947425184338,63.178855878694854,33.83333333,0.8958930537358137,13.438395806037208
9/13/2018,Tomato,Sandy Loam,6.0248961339276805,21.00756528510846,72.5597850113847,12.7713405306577,171.15561121992732,105.44304055231676,55.45115497630801,42.29166667,0.1462244487970933,2.1933667319564
9/14/2018,Tomato,Sandy Loam,5.964938080433527,22.125176832339317,72.85004024540436,8.955343960629634,183.90070457717107,93.40925023163284,67.43091361416253,58.0,0.6560281830868425,9.840422746302638
9/15/2018,Tomato,Sandy Loam,6.095329011858628,21.334706977154482,82.48202126033132,13.112628496669275,189.67357850526827,97.69031627412534,59.69984569154999,21.75,0.886943140210731,13.304147103160965
9/16/2018,Tomato,Sandy Loam,6.38262222477692,22.248562982801086,77.36886943867354,10.134021853256211,174.78360208431852,96.93917900755172,56.11152918655652,33.83333333,0.2913440833727405,4.370161250591108
9/17/2018,Tomato,Sandy Loam,6.128334825583927,23.370080284926853,73.1192291267918,5.392820388434101,172.84498737374392,98.63614190215554,60.352778713788695,42.29166667,0.2137994949497569,3.206992424246354
9/18/2018,Tomato,Sandy Loam,6.2484255914781155,22.316134646651403,75.68775928571534,14.462058847148388,172.42769878844857,105.63559651857453,57.63916038090538,21.75,0.1971079515379431,2.956619273069147
9/19/2018,Tomato,Sandy Loam,6.741273904241519,22.295775364037766,84.07930466650548,5.8273406343452185,176.0655029513519,99.68346064326815,61.2860212933966,58.0,0.3426201180540764,5.139301770811146
9/20/2018,Tomato,Sandy Loam,7.025051354187951,22.67036843075654,67.26429353219791,10.97683502533756,172.02091622021294,105.88028900531926,52.290657366526965,13.29166667,0.1808366488085173,2.7125497321277603
9/21/2018,Tomato,Sandy Loam,6.971116396535834,22.745071754243043,69.15431043449382,13.776677629335158,183.84322683388262,101.52977806279732,69.93981005625102,42.29166667,0.6537290733553055,9.805936100329582
9/22/2018,Tomato,Sandy Loam,7.128847134158304,23.568888926396916,84.2505741317311,5.797697977501938,171.24583596260126,96.8413886931511,58.511117553934355,33.83333333,0.1498334385040501,2.2475015775607528
9/23/2018,Tomato,Sandy Loam,5.564368806430805,21.925066317686856,84.14649697054408,10.538933884160128,180.1884425629958,106.19957487366945,56.96461279414737,33.83333333,0.5075377025198318,7.613065537797476
9/24/2018,Tomato,Sandy Loam,5.595467579357512,23.46501379310405,68.54330842529545,13.24289875524452,189.93393707705954,94.76579341106184,64.2041969663253,21.75,0.8973574830823815,13.460362246235723
9/25/2018,Tomato,Sandy Loam,7.078765921377259,22.697801246076143,67.90217634250597,14.863247086457958,186.2794053901204,94.48765959599591,57.277988129906646,33.83333333,0.7511762156048151,11.267643234072226
9/26/2018,Tomato,Sandy Loam,6.566157644649264,21.901588649151442,73.42170268677239,12.243274008140212,182.30438876462023,100.09005848109672,66.66548610057515,58.0,0.5921755505848088,8.882633258772131
9/27/2018,Tomato,Sandy Loam,6.65628134752424,21.885378132018232,65.99436584975938,7.783343754632936,176.12507241573223,95.21698491924178,59.0854144872085,58.0,0.3450028966292893,5.1750434494393405
9/28/2018,Tomato,Sandy Loam,5.605173720428754,22.083412551317174,78.0980706457028,11.995703298454094,182.47791672583276,90.18174069902433,64.39116826530869,33.83333333,0.5991166690333108,8.986750035499663
9/29/2018,Tomato,Sandy Loam,6.010627602342542,22.868079727859925,66.54992043323485,12.057667693076391,180.54082927823305,102.96595054597603,52.14906432883773,21.75,0.5216331711293213,7.82449756693982
9/30/2018,Tomato,Sandy Loam,6.776708609770956,21.69243519407985,66.16059254188562,11.999660121046174,178.52166767780744,100.22187642944796,66.92238371110224,58.0,0.4408667071122972,6.613000606684459
10/1/2018,Tomato,Sandy Loam,7.2183637802213525,23.761000685016803,74.70373872417699,13.542604370931056,172.614207534804,98.91035628986322,64.7143597355622,13.29166667,0.2045683013921596,3.0685245208823937
10/2/2018,Tomato,Sandy Loam,7.333966794362805,22.724737752533702,84.15573272220203,5.873800625194909,187.73208430480935,109.33937029236631,54.23433556923931,13.29166667,0.8092833721923735,12.139250582885602
10/3/2018,Tomato,Sandy Loam,6.500838991670164,23.76004733098802,73.53591872126319,6.0841984541543335,178.99569297642645,101.42398367925827,52.90572019491573,21.75,0.459827719057058,6.89741578585587
10/4/2018,Tomato,Sandy Loam,6.590948465476395,21.139213075737466,72.12962317321102,11.40617124225558,173.8924502364153,107.26863155578769,56.32584697451249,13.29166667,0.255698009456612,3.83547014184918
10/5/2018,Tomato,Sandy Loam,7.1660992621379815,22.027834111384422,84.95913431004573,14.53881096098188,177.3551870175458,92.78900472410321,69.52141172063808,42.29166667,0.3942074807018317,5.913112210527476
10/6/2018,Tomato,Sandy Loam,6.575249201494709,21.06842298206287,75.63937921558367,9.65838638919246,178.28259505057855,101.38412926258856,55.13663149134117,13.29166667,0.4313038020231416,6.469557030347125
10/7/2018,Tomato,Sandy Loam,6.5337170510746345,21.81675544529391,72.50482813780496,14.60562701625675,186.55075791133748,107.35959253461806,59.122544178932664,42.29166667,0.7620303164534995,11.430454746802493
10/8/2018,Tomato,Sandy Loam,7.310168075521908,23.586019416805765,72.71721626683204,14.38085259516154,184.67228761122803,101.66211514559797,50.60040451434673,21.75,0.6868915044491216,10.303372566736824
10/9/2018,Tomato,Sandy Loam,7.07986544211176,21.109829147526604,68.89918992067021,14.029097382343195,185.38609787282678,104.36028356254003,57.94455059132465,21.75,0.7154439149130719,10.73165872369608
10/10/2018,Tomato,Sandy Loam,7.318145052722589,22.308441299747233,75.24446114895078,14.098509748640852,170.22062528857293,97.44087135624414,61.42640030866205,58.0,0.1088250115429177,1.6323751731437668
10/11/2018,Tomato,Sandy Loam,5.936494109562307,21.352701211419685,73.77710056336012,13.98318793327986,178.32307996359523,91.84899034074134,69.0624922501593,13.29166667,0.4329231985438092,6.493847978157138
10/12/2018,Tomato,Sandy Loam,6.548750973310714,22.250521977781105,70.41590592694827,13.19889383539182,179.62688303270647,99.15800590254143,60.33472089880129,33.83333333,0.4850753213082589,7.2761298196238835
10/13/2018,Tomato,Sandy Loam,7.184944257186716,23.516554752793134,68.2108017320352,11.949789586053305,170.38384553646114,97.88958781677715,66.38214652355376,13.29166667,0.1153538214584453,1.7303073218766805
10/14/2018,Tomato,Sandy Loam,5.722295654934218,22.869213100207556,71.22477737335107,5.244081785926083,175.19626417490068,107.34120364757895,60.94255285137801,33.83333333,0.3078505669960274,4.617758504940412
10/15/2018,Tomato,Sandy Loam,7.089324308587924,23.21026903599427,75.17366655375459,6.322535921560525,185.2057964624427,94.87990604704945,50.81570026871036,33.83333333,0.708231858497708,10.62347787746562
10/16/2018,Tomato,Sandy Loam,5.8659467668297385,22.047312346348743,66.16666544569604,6.342320545314672,172.74219411457997,109.33468455070216,56.30016550379548,33.83333333,0.2096877645831992,3.145316468747989
10/17/2018,Tomato,Sandy Loam,7.1162375099706425,23.833193085030423,68.07488057167912,5.2354028427958985,180.70620262905183,109.16276239608993,61.510990156622064,13.29166667,0.5282481051620733,7.9237215774311
10/18/2018,Tomato,Sandy Loam,6.7240018751137365,23.1277862813385,83.9531453393819,6.167017684236367,174.30403744034476,94.95263286142877,69.01187931862249,58.0,0.27216149761379,4.082422464206851
10/19/2018,Tomato,Sandy Loam,5.886471982969734,22.265396457853594,75.85710702062678,14.197464335671064,170.24241549287785,96.9610391095464,67.18260719502467,33.83333333,0.1096966197151146,1.6454492957267195
10/20/2018,Tomato,Sandy Loam,6.446708358665602,22.279394400681163,66.26898607320075,11.63804286910786,174.82402915199083,107.9111148174777,54.567112283576954,42.29166667,0.2929611660796332,4.394417491194497
10/21/2018,Tomato,Sandy Loam,6.863810332921544,23.756052533829894,78.86175517539147,8.120730182954224,189.5174750982011,109.33244441792215,54.40219660038327,21.75,0.880699003928043,13.210485058920645
10/22/2018,Tomato,Sandy Loam,6.767705801767085,22.729214080306175,66.2360574015807,12.9336001223668,186.03074223765978,98.86878205672087,54.02345934227802,13.29166667,0.7412296895063917,11.118445342595876
10/23/2018,Tomato,Sandy Loam,6.354494392463408,23.119137629709126,79.77748454092746,9.88369486954851,189.19153288642067,96.41994091281796,68.44997792605007,21.75,0.8676613154568268,13.014919731852402
10/24/2018,Tomato,Sandy Loam,7.298733057841854,22.251105673539513,79.99925443440054,6.421270369158766,179.75708087852726,100.52188026503084,67.05332306203441,58.0,0.4902832351410899,7.354248527116349
10/25/2018,Tomato,Sandy Loam,6.538526828975689,21.67107829429414,78.02157951498505,13.845020812264927,172.19472397355008,103.7553841273147,65.49766864505898,21.75,0.1877889589420028,2.816834384130042
10/26/2018,Tomato,Sandy Loam,6.511734597057377,23.170677875983255,79.644090892387,8.386619462364724,180.95918977947386,95.4694903074996,57.85470228448455,33.83333333,0.5383675911789544,8.075513867684316
10/27/2018,Tomato,Sandy Loam,5.624501179882909,22.823471316424165,66.75931562026115,11.988592305298942,179.0875466911992,104.72946349238146,60.08761408597533,42.29166667,0.4635018676479687,6.952528014719531
10/28/2018,Tomato,Sandy Loam,7.344240779595275,22.50402864127434,79.53561104710535,7.905941604996074,186.88714165479232,91.03314714229282,59.286634895903056,21.75,0.7754856661916928,11.632284992875393
10/29/2018,Tomato,Sandy Loam,5.854233137356746,22.87206281998339,67.73376639447766,10.000712506738,171.9616516156849,90.98588985528833,55.06796215118745,33.83333333,0.1784660646273956,2.676990969410935
10/30/2018,Tomato,Sandy Loam,6.556689386873108,21.6248567581927,71.79011814543688,13.162527115304156,179.76482274043556,97.72575410291091,60.10056092297534,21.75,0.4905929096174225,7.358893644261338
10/31/2018,Tomato,Sandy Loam,7.10713520280062,23.381816119595868,83.85490507001265,6.567773464243677,173.0009732938797,97.06946384121441,50.60993095705509,42.29166667,0.2200389317551874,3.300583976327811
11/1/2018,Tomato,Sandy Loam,5.930906553911287,23.844488415060916,75.0575095531828,14.772513952392783,176.4935185378012,96.31266430734304,52.636207469949184,13.29166667,0.359740741512048,5.396111122680721
11/2/2018,Tomato,Sandy Loam,6.554746579941682,23.673309432503107,84.34852864166028,5.702159228607262,184.747141547756,99.8203952533782,67.73179192337892,42.29166667,0.6898856619102397,10.348284928653596
11/3/2018,Tomato,Sandy Loam,5.981369818446682,21.96430723592105,66.77844917773476,10.34008909740504,179.52036258737533,96.41467164623143,65.03359534062847,42.29166667,0.4808145034950132,7.212217552425198
11/4/2018,Tomato,Sandy Loam,7.019389995599823,22.21801731984623,74.5511319912636,14.16025519351948,177.5177657029154,93.84515836936184,58.45736818118174,33.83333333,0.4007106281166155,6.010659421749232
11/5/2018,Tomato,Sandy Loam,6.628682335746301,23.425206899392684,66.24804640553741,14.456938848825253,177.8895255714007,96.18939098177202,60.34300724567754,42.29166667,0.4155810228560282,6.233715342840424
11/6/2018,Tomato,Sandy Loam,7.211951720790287,22.78535139247381,77.6042052479857,7.32108962879776,179.18893536811973,109.4980854562047,57.39997771919955,58.0,0.4675574147247893,7.01336122087184
11/7/2018,Tomato,Sandy Loam,7.2891160057547655,22.64374333102995,66.57414002737033,6.439849812148086,185.70033087674113,98.22226833989697,64.81559734321345,13.29166667,0.7280132350696455,10.920198526044684
11/8/2018,Tomato,Sandy Loam,6.797466964890797,23.779925902600336,68.50735605080754,12.24403000317891,187.84169377880468,98.89425553716671,65.68374358464159,58.0,0.8136677511521876,12.205016267282812
11/9/2018,Tomato,Sandy Loam,6.950782492317889,22.608074882931152,70.17660620138561,5.419735682762371,189.10669373007858,101.5308997990228,65.26570380406318,13.29166667,0.8642677492031426,12.96401623804714
11/10/2018,Tomato,Sandy Loam,6.598440199773727,22.54481603876193,79.97487703328966,9.852389690303143,185.7380677251059,109.66681536828453,64.45223449668899,42.29166667,0.7295227090042361,10.942840635063542
11/11/2018,Tomato,Sandy Loam,6.268857466134766,21.126055773799077,68.2792423763615,12.96355226793182,176.30813791496024,94.83202552871526,54.090086773855916,21.75,0.3523255165984101,5.284882748976153
11/12/2018,Tomato,Sandy Loam,6.796235846041669,21.208250875770414,81.93264106586136,10.602547245168338,183.76269412173085,103.62564221064868,56.75939958480957,13.29166667,0.6505077648692337,9.757616473038505
11/13/2018,Tomato,Sandy Loam,7.316577246974658,21.02226092364195,67.63807877661601,6.880132657740051,178.75206248110783,104.31969387083448,59.3969086996735,21.75,0.4500824992443135,6.751237488664703
11/14/2018,Tomato,Sandy Loam,6.333360760862876,23.7397326773509,65.70488898140313,9.870442994699632,175.093412440921,102.14648833586132,56.61585982855311,58.0,0.3037364976368409,4.556047464552615
11/15/2018,Tomato,Sandy Loam,6.1288200527475905,22.225159980053103,72.90090837939336,14.21274716448893,186.81743158851845,91.77156679273288,65.09880400316658,58.0,0.7726972635407381,11.59045895311107
11/16/2018,Tomato,Sandy Loam,6.276873877105148,22.40568412840024,84.5888328394259,11.172129780442768,170.7685269792465,103.53744551655153,56.587070484999096,13.29166667,0.13074107916986,1.9611161875479
11/17/2018,Tomato,Sandy Loam,6.370795260423199,23.536160842777385,67.20684455577555,12.2149062756902,188.03523984270848,91.28189422072352,52.764641735706746,33.83333333,0.8214095937083389,12.321143905625084
11/18/2018,Tomato,Sandy Loam,5.647122057955432,22.827738931127335,67.03436888079258,8.362638796625149,179.22954929249468,101.92285299099794,57.98080904096608,21.75,0.4691819716997873,7.037729575496811
11/19/2018,Tomato,Sandy Loam,6.496883680869988,22.828504789171742,80.02333021591248,6.884837751676177,182.7440295361656,104.79162354443486,69.59828865564761,33.83333333,0.6097611814466244,9.146417721699368
11/20/2018,Tomato,Sandy Loam,6.4886284961001195,21.889603288064436,71.24323387987131,7.556422298996036,183.18707844411566,94.21939781239901,54.51762825867152,13.29166667,0.6274831377646262,9.412247066469392
11/21/2018,Tomato,Sandy Loam,6.676887655281046,23.501725121773557,79.34563234451434,10.331775937602949,187.90235481413072,106.83244015085549,62.24317317886458,13.29166667,0.8160941925652291,12.241412888478436
11/22/2018,Tomato,Sandy Loam,6.225640060942663,21.49748992811848,69.00021178886726,7.802201536107037,182.73339364334416,90.60707611066009,58.659460996794124,13.29166667,0.6093357457337658,9.140036186006489
11/23/2018,Tomato,Sandy Loam,6.726215191911179,21.159448776518843,74.20143988396326,10.419647874261011,182.27867169520124,106.87625727316612,51.42049135298653,33.83333333,0.5911468678080495,8.867203017120742
11/24/2018,Tomato,Sandy Loam,7.256432620548406,21.574810072555596,70.30579755497835,12.077919273761768,171.3330408112138,99.20658101285531,59.75753211996119,58.0,0.153321632448552,2.29982448672828
11/25/2018,Tomato,Sandy Loam,7.410941980990328,21.803211656323693,74.03056429758173,12.343958761703014,180.36816043890408,94.35175879863289,64.04328657296625,33.83333333,0.5147264175561633,7.72089626334245
11/26/2018,Tomato,Sandy Loam,6.667224432282099,21.84693317356262,80.38194185170607,6.646849396610934,173.00338001634083,92.67556289987937,60.264399516556374,21.75,0.2201352006536333,3.3020280098045003
11/27/2018,Tomato,Sandy Loam,5.585181907940626,23.011540795856302,80.24019880955323,12.504308488338632,184.74867537442972,109.06614335164745,67.44212127493162,33.83333333,0.6899470149771885,10.349205224657826
11/28/2018,Tomato,Sandy Loam,7.438471994534218,21.653473761985932,75.31544575347448,11.726881395923591,180.2444384162535,91.45331175162313,55.77874033315165,13.29166667,0.5097775366501396,7.646663049752094
11/29/2018,Tomato,Sandy Loam,6.9117241217925125,23.029974913484953,83.56743687442102,5.1200513336870666,183.60455558416706,93.98186839871852,51.7249834260793,33.83333333,0.6441822233666826,9.66273335050024
11/30/2018,Tomato,Sandy Loam,6.171927297107304,21.2733965197014,70.27568204896548,5.588721750897508,170.83345801204769,96.95644694866093,68.73131223316012,58.0,0.1333383204819074,2.000074807228611
12/1/2018,Tomato,Sandy Loam,5.794315401927447,21.44160738329373,69.80622702238466,11.462495018603803,171.69584032091606,102.40469697922241,57.56392699056438,13.29166667,0.1678336128366425,2.517504192549638
12/2/2018,Tomato,Sandy Loam,5.78683722447255,22.526464345472984,77.27612802350868,8.837038995637096,184.32646776125364,100.89602170552197,61.52811102907267,58.0,0.6730587104501458,10.095880656752186
12/3/2018,Tomato,Sandy Loam,5.8354888122792055,23.765687407729928,77.42594068433579,6.461039995756659,171.44168671997346,92.51286984824628,65.84006252260392,21.75,0.1576674687989387,2.3650120319840804
12/4/2018,Tomato,Sandy Loam,5.591145043227641,23.57870276643334,65.93080079129948,5.443965591696332,171.42513455530516,95.79455967476429,56.486273277511614,13.29166667,0.1570053822122069,2.355080733183103
12/5/2018,Tomato,Sandy Loam,7.304308377305823,23.90626032732841,77.15555424773795,6.593983406724309,170.24216950469776,94.77503542172047,64.32329076355222,21.75,0.1096867801879099,1.6453017028186494
12/6/2018,Tomato,Sandy Loam,6.581536465654673,22.95143719583451,72.48872314698029,14.575139643216168,189.1300279659896,94.27085708980682,52.70837699635656,42.29166667,0.8652011186395842,12.978016779593762
12/7/2018,Tomato,Sandy Loam,6.899918825427674,23.027444599248277,79.94885050641118,12.275656415709696,184.75016718918013,98.22288672959974,55.825874944110105,33.83333333,0.6900066875672055,10.350100313508085
12/8/2018,Tomato,Sandy Loam,7.156217018536615,22.875068996794475,81.16211329090547,10.27705420934294,177.06502817004127,104.08062905183314,52.8942127227304,58.0,0.3826011268016513,5.739016902024771
12/9/2018,Tomato,Sandy Loam,7.0830820126664005,22.868456768574593,76.04307639094073,14.415405000545915,175.9307116257531,94.34905864434472,66.22461116802715,21.75,0.3372284650301241,5.058426975451862
12/10/2018,Tomato,Sandy Loam,7.2652112474576835,21.441361035202753,65.0341006300453,11.19110437681604,176.99406459491698,97.33357759405963,54.45298470453571,42.29166667,0.3797625837966797,5.696438756950196
12/11/2018,Tomato,Sandy Loam,7.434509245049904,22.631216868491787,77.72731620333283,12.256451882806672,185.49307062362362,97.81834853682325,64.34807110810421,21.75,0.7197228249449455,10.795842374174184
12/12/2018,Tomato,Sandy Loam,6.378141229483879,22.158203800355178,79.97762559331869,7.82651818505872,183.2274122214083,109.5291305887082,68.86596794491305,13.29166667,0.6290964888563315,9.436447332844972
12/13/2018,Tomato,Sandy Loam,7.400670933336781,22.32761164733188,69.97966532463029,10.889818435891955,173.70391135734937,109.09332713758138,60.55544418137754,13.29166667,0.2481564542939743,3.722346814409616
12/14/2018,Tomato,Sandy Loam,6.946579896685632,22.570801719177712,74.29292002281578,6.434772442978403,173.4821867066817,106.00275165504152,60.80058384521375,21.75,0.2392874682672675,3.589312024009012
12/15/2018,Tomato,Sandy Loam,5.641336380616157,21.385188515406753,84.31453246823577,9.044831451977752,171.96791299426795,94.8331784163837,59.22067136195624,33.83333333,0.1787165197707178,2.680747796560768
12/16/2018,Tomato,Sandy Loam,6.863566242424691,22.07846320155636,70.96231106788207,5.332403249866101,183.20605439402675,91.3607462818334,56.51780286787285,42.29166667,0.6282421757610706,9.42363263641606
12/17/2018,Tomato,Sandy Loam,6.873433319209697,21.19034868262981,69.46306502083482,7.166280875826805,185.28745324443472,96.3380827544125,59.51310061849834,21.75,0.7114981297773888,10.672471946660831
12/18/2018,Tomato,Sandy Loam,7.311721127585054,23.939004391267197,69.2170958095602,5.748686294226747,175.3009285665001,95.33589098867662,62.05615064533519,42.29166667,0.3120371426600032,4.680557139900049
12/19/2018,Tomato,Sandy Loam,6.2458642649401845,21.35558408646038,76.17601668707992,8.877788195072313,170.41889922061824,100.11851600292788,69.71983144341318,13.29166667,0.1167559688247302,1.751339532370954
12/20/2018,Tomato,Sandy Loam,6.669823000543635,21.77557421563486,83.99574202616013,13.4303516463849,171.64343334952855,105.55455820135586,68.75529118636449,42.29166667,0.1657373339811418,2.486060009717128
12/21/2018,Tomato,Sandy Loam,5.524375102023485,23.673878780110194,77.17380258400709,8.77934106345053,189.3572006969006,107.16645877757716,67.24305916586243,21.75,0.8742880278760244,13.114320418140366
12/22/2018,Tomato,Sandy Loam,6.164150484362672,22.448130138717424,71.0664624047532,13.316396259946432,175.90889554954842,106.89728170821017,67.78261071409716,42.29166667,0.3363558219819362,5.045337329729044
12/23/2018,Tomato,Sandy Loam,5.624487452317561,21.40691160456189,77.77139556134908,11.564983125788874,185.38446295676266,97.19351122446136,59.35698366584086,13.29166667,0.7153785182705069,10.730677774057604
12/24/2018,Tomato,Sandy Loam,6.543745945529794,22.152691614118048,77.49684595195575,10.095294466308278,182.49327137708528,103.74468686921367,63.148886543549295,58.0,0.5997308550834111,8.995962826251166
12/25/2018,Tomato,Sandy Loam,7.1348953010139065,21.347603982574157,76.93850271459308,7.368916932613305,177.63879279305792,96.2566839504844,67.90133445872428,33.83333333,0.4055517117223167,6.083275675834751
12/26/2018,Tomato,Sandy Loam,5.9128853842581375,21.600647991253506,68.18852413776604,14.221560928441525,174.1137452439111,91.21811086470366,57.859015299827064,13.29166667,0.2645498097564441,3.968247146346661
12/27/2018,Tomato,Sandy Loam,6.554882091115557,21.156089540849536,77.69133598689989,5.542008088420332,172.42772836318812,104.03130531205885,69.23524956690937,42.29166667,0.1971091345275251,2.956637017912877
12/28/2018,Tomato,Sandy Loam,5.908017273021534,22.3146824836473,73.60328905028999,11.889130176988154,182.30025936077732,90.19655105139576,58.315721241383656,42.29166667,0.5920103744310933,8.8801556164664
12/29/2018,Tomato,Sandy Loam,5.741376935692481,23.41990836517578,65.37184117246066,11.212398928093688,185.49267561275576,98.18365174916977,62.02165330786431,13.29166667,0.7197070245102304,10.795605367653456
12/30/2018,Tomato,Sandy Loam,6.521993583868685,22.757907536099687,75.7952897429499,9.410415222565268,182.8780850708226,96.58758538604151,64.19609426544744,42.29166667,0.6151234028329046,9.226851042493568
12/31/2018,Tomato,Sandy Loam,5.658297241899455,22.819035916453835,84.78533490436836,7.403209552926054,180.60604266498316,103.86755077037705,69.01184026151877,42.29166667,0.5242417065993267,7.8636255989899
1/1/2019,Tomato,Sandy Loam,6.674709262275979,21.60175209024972,71.99479181687967,9.306959368452668,170.83902446863272,105.32490945520757,54.89232548104532,21.75,0.133560978745309,2.003414681179636
1/2/2019,Tomato,Sandy Loam,5.5626749213534525,22.0316815297571,84.31118436637317,13.727727255534209,189.36977555188767,96.08189271942568,64.92261956477284,13.29166667,0.8747910220755071,13.121865331132604
1/3/2019,Tomato,Sandy Loam,5.713429943736751,23.535726311522495,66.92411483325189,13.367661102549542,185.97428383309148,106.23254028889707,60.416311722881645,13.29166667,0.7389713533236597,11.084570299854896
1/4/2019,Tomato,Sandy Loam,6.599994970974715,21.263568552979542,79.64900231734612,14.413812499770293,175.8564407340193,95.87833521009867,55.37114281241282,33.83333333,0.3342576293607718,5.013864440411577
1/5/2019,Tomato,Sandy Loam,6.682814825797828,23.5737919610056,67.2865998932567,8.07793206625248,189.59940658717701,98.92652719973123,65.53213679592781,42.29166667,0.8839762634870806,13.25964395230621
1/6/2019,Tomato,Sandy Loam,5.557973860187516,22.451070078794356,70.47143147110549,8.87104158368873,182.03763179272644,104.54037054028268,61.04444560347693,21.75,0.5815052717090577,8.722579075635867
1/7/2019,Tomato,Sandy Loam,6.646753576003117,23.511442293975353,76.41681670644249,5.1872615265986335,181.64845316414494,103.85840458449577,63.219476412993515,33.83333333,0.5659381265657972,8.489071898486959
1/8/2019,Tomato,Sandy Loam,7.177005050647274,21.9540192581832,76.85559387953498,14.429499947200082,184.96146358859065,109.747369446244,56.45802137155802,21.75,0.6984585435436257,10.476878153154384
1/9/2019,Tomato,Sandy Loam,6.944632354587908,22.016528854749062,80.50422634468342,8.293900918172689,186.23539576180275,94.50322048431863,59.6254790365521,58.0,0.74941583047211,11.24123745708165
1/10/2019,Tomato,Sandy Loam,5.762370207841597,23.25481460496943,77.30622814454878,9.041638215329932,183.12957214663004,103.24635827079165,62.34708501976134,58.0,0.6251828858652021,9.377743287978031
1/11/2019,Tomato,Sandy Loam,6.68494929512723,23.35498852017666,76.87229408761121,14.078046114473944,172.561914927324,102.19363816551555,58.09821628539688,13.29166667,0.20247659709296,3.0371489563944007
1/12/2019,Tomato,Sandy Loam,6.844505000148427,21.68893403397044,83.24706173978277,10.265984301668132,176.76535011988997,108.3019690898006,53.967450796954026,21.75,0.3706140047955987,5.559210071933981
1/13/2019,Tomato,Sandy Loam,5.574462403504583,23.918613974465718,74.04321504418314,10.66174541755478,188.561672806521,93.12724283289751,69.23280984630608,13.29166667,0.8424669122608398,12.637003683912598
1/14/2019,Tomato,Sandy Loam,7.2106953373672455,21.253470312734486,69.5053155739011,6.762328381509168,174.49231223687704,105.03596327173867,60.229350800852345,21.75,0.2796924894750815,4.195387342126223
1/15/2019,Tomato,Sandy Loam,7.31253479457966,21.205508889306394,68.23577170047261,9.986600208186545,177.44334047675028,101.36537232537536,64.67840740575402,21.75,0.3977336190700107,5.96600428605016
1/16/2019,Tomato,Sandy Loam,7.200904546724518,22.78651264585831,72.99989193619,14.182086009087742,178.64153765888392,95.49331739575811,58.220943871121165,33.83333333,0.4456615063553568,6.684922595330352
1/17/2019,Tomato,Sandy Loam,7.149262935978227,23.168222303314863,79.25505510387391,10.58718088107926,178.78809979388905,99.48869828294349,57.10263528051433,58.0,0.4515239917555618,6.772859876333427
1/18/2019,Tomato,Sandy Loam,6.989930396921786,23.882658387674923,65.85086969859802,7.551163646397581,182.2587916498905,96.67553194139596,58.1432859693425,42.29166667,0.5903516659956204,8.855274989934307
1/19/2019,Tomato,Sandy Loam,6.76686406256392,22.214837342396585,67.58106773018812,5.311808641347628,188.86151675489415,101.58626805576921,58.183932875713,33.83333333,0.8544606701957661,12.81691005293649
1/20/2019,Tomato,Sandy Loam,6.857254009976504,21.0758742269689,67.12226920207279,8.36301773454068,174.8138542366501,107.78001221629331,60.883602318839074,58.0,0.292554169466004,4.38831254199006
1/21/2019,Tomato,Sandy Loam,7.112790586669966,22.808689018339223,76.70500306102917,10.725909140644578,172.43002752601836,101.38609968824404,60.86939739962726,21.75,0.1972011010407344,2.9580165156110168
1/22/2019,Tomato,Sandy Loam,6.824996916722609,21.869088061796315,69.85729301062533,5.426132883708301,173.94940979719874,102.63444836653169,59.94307631765743,13.29166667,0.2579763918879498,3.869645878319248
1/23/2019,Tomato,Sandy Loam,6.155453913364142,22.298841363586206,68.32518856602793,11.097925772911562,187.7384980041854,100.37495694229419,52.695715698348764,58.0,0.8095399201674156,12.143098802511236
1/24/2019,Tomato,Sandy Loam,6.251922204322708,22.465408446749805,76.85541439486045,10.234138271181129,182.91621625310412,91.02331012890951,59.92150957001062,33.83333333,0.6166486501241648,9.249729751862471
1/25/2019,Tomato,Sandy Loam,7.2941149367445846,21.1935378322141,80.22619830904759,12.834354691665707,175.71813578478321,94.65717113752189,53.38207800841303,13.29166667,0.3287254313913281,4.930881470869922
1/26/2019,Tomato,Sandy Loam,5.534244171594324,22.45794535369231,71.64309832905329,5.288881722719618,186.31893877937233,99.84003458864166,52.522715725915305,42.29166667,0.7527575511748938,11.291363267623408
1/27/2019,Tomato,Sandy Loam,6.897641162488564,22.278959000412943,76.56409211353193,12.808473448187376,187.22739992726872,96.2047056748941,68.65291434682335,58.0,0.7890959970907488,11.836439956361232
1/28/2019,Tomato,Sandy Loam,7.409555104850431,23.13763279585978,66.9624882639892,10.20877045758107,186.93028677380556,93.63527195522389,62.099000262954085,21.75,0.7772114709522224,11.658172064283336
1/29/2019,Tomato,Sandy Loam,6.9124563399159475,22.936997733637035,83.70382060915139,8.705293327797115,188.3785306727911,100.08265683836876,63.18980116249168,42.29166667,0.8351412269116436,12.527118403674654
1/30/2019,Tomato,Sandy Loam,7.487823976463564,21.555647154451684,71.73792370629546,14.653829763588242,175.04482040346724,96.45619586895701,58.03587340666728,42.29166667,0.3017928161386892,4.526892242080339
1/31/2019,Tomato,Sandy Loam,6.875089811056662,21.61841675463119,84.95011386347002,6.60119547236053,185.10083857492558,95.1621528634683,68.17961783829728,33.83333333,0.7040335429970227,10.56050314495534
2/1/2019,Tomato,Sandy Loam,5.568726058433722,21.75301853632312,84.57175511699565,10.413251190911064,179.2107899454828,99.27970834880762,62.75860979159331,13.29166667,0.468431597819312,7.02647396728968
2/2/2019,Tomato,Sandy Loam,7.154019763293848,21.536851320891532,80.57646898671624,8.209814735924784,186.83997105780122,92.66568516164347,65.38339739047174,21.75,0.7735988423120492,11.603982634680738
2/3/2019,Tomato,Sandy Loam,6.069259823878638,22.9716395990054,65.40134190813933,10.274863787953358,184.56981354323227,108.55491466150815,57.371249380554275,21.75,0.6827925417292906,10.24188812593936
2/4/2019,Tomato,Sandy Loam,6.392114451328882,23.983290537600812,75.86949840768726,10.52275452580412,185.5289489299945,107.35404195838478,69.20023761638251,33.83333333,0.7211579571997797,10.817369357996697
2/5/2019,Tomato,Sandy Loam,6.124183831814165,22.95632502154781,66.73672840880023,5.894482484248458,183.12323675362143,104.15241171481071,66.4092258031663,58.0,0.6249294701448572,9.373942052172858
2/6/2019,Tomato,Sandy Loam,6.0371082124193585,22.820044638573872,82.90276051923033,11.611351469183496,173.54857538939413,92.12427655176913,67.07896926029088,21.75,0.2419430155757655,3.6291452336364816
2/7/2019,Tomato,Sandy Loam,6.362811407339571,22.229783800053216,80.79272505294806,11.344814959190115,180.90053837793877,105.51754508939386,53.44388534851509,21.75,0.5360215351175507,8.04032302676326
2/8/2019,Tomato,Sandy Loam,6.2575028968813475,21.937740776579282,84.44680753191366,12.69467274634464,189.69339479049017,106.15914656218038,55.419264157424394,58.0,0.8877357916196066,13.3160368742941
2/9/2019,Tomato,Sandy Loam,6.766677163685179,23.733221270719437,77.16765906299591,5.90658493659171,188.74776132994236,105.35529235428675,55.71253199367154,21.75,0.8499104531976952,12.748656797965428
2/10/2019,Tomato,Sandy Loam,7.126302401975021,23.90700562242646,75.44345608968676,7.972585469036878,170.86347471594024,92.27931774238482,55.418184464937426,42.29166667,0.1345389886376093,2.0180848295641405
2/11/2019,Tomato,Sandy Loam,6.0941773063744815,22.490328526763182,75.37947711888775,11.501105997281012,173.29629631458874,102.8781591413553,67.10816324208577,42.29166667,0.2318518525835497,3.477777788753245
2/12/2019,Tomato,Sandy Loam,5.927442305644035,21.87060148651967,72.7289674890869,6.367308259156085,172.63457546909123,106.68649591498797,50.63769590417184,21.75,0.2053830187636495,3.080745281454743
2/13/2019,Tomato,Sandy Loam,6.833790541740685,23.3103666230093,74.37380134458282,11.775982107884424,184.5195981997059,101.54706802439335,51.521999779615484,21.75,0.6807839279882364,10.211758919823543
2/14/2019,Tomato,Sandy Loam,6.840640131661563,21.397370372600637,77.708251662707,5.59026710820423,186.3557065971389,102.92814750456178,55.478297412598074,58.0,0.7542282638855561,11.31342395828334
2/15/2019,Tomato,Sandy Loam,7.302262478572343,23.296764712931044,83.65895215112555,8.349315529596277,174.27022732621344,99.16726958852612,53.997459492988874,33.83333333,0.2708090930485375,4.062136395728063
2/16/2019,Tomato,Sandy Loam,5.531891372906622,23.456845122934016,76.91768676512062,13.46711122332519,180.1170538590366,100.57414639768105,54.637192277656965,33.83333333,0.5046821543614632,7.570232315421949
2/17/2019,Tomato,Sandy Loam,7.20608132423302,21.374711833881502,82.14231884634734,12.742912903811602,186.814060560224,90.6875371670345,65.958863785066,13.29166667,0.77256242240896,11.5884363361344
2/18/2019,Tomato,Sandy Loam,6.542004345896714,23.93058440638969,82.25559822605001,11.44760715227088,184.65603089532502,102.77926043946569,61.26253187784094,21.75,0.6862412358130004,10.293618537195009
2/19/2019,Tomato,Sandy Loam,6.742604178344198,23.956536871165437,75.37665351696518,13.704584166251012,180.84474410983697,91.62894425782318,50.115413225859356,21.75,0.5337897643934787,8.00684646590218
2/20/2019,Tomato,Sandy Loam,5.682742881122829,23.810158437982054,71.94939282995243,12.092695441722004,181.80695380917547,98.70029188680446,58.586455314083906,21.75,0.5722781523670183,8.584172285505275
2/21/2019,Tomato,Sandy Loam,6.365229865744091,22.488104428218794,77.79147746664162,10.19375105210803,180.1672109383256,95.85310195334816,58.15769853700718,42.29166667,0.506688437533024,7.60032656299536
2/22/2019,Tomato,Sandy Loam,5.954604814477047,21.738222426830486,73.91754683829686,14.797175003857866,175.9509690263764,100.90855900423426,52.27890538889087,33.83333333,0.3380387610550565,5.070581415825847
2/23/2019,Tomato,Sandy Loam,6.008450060165018,22.746027842645738,66.62881734643865,11.948560797893196,181.30043985718032,92.66832671046414,63.52283577202914,21.75,0.5520175942872129,8.280263914308193
2/24/2019,Tomato,Sandy Loam,6.508190229352055,22.259801515414306,72.55618200864868,11.013671768130031,183.7777060410018,103.83286803946636,64.04194376758983,58.0,0.6511082416400725,9.766623624601088
2/25/2019,Tomato,Sandy Loam,7.124911900806225,21.617845934151593,84.8814427609865,9.088705609535648,187.46645831721617,105.9002307385694,64.41786438104195,13.29166667,0.7986583326886462,11.979874990329693
2/26/2019,Tomato,Sandy Loam,6.987561860289713,22.271029228853543,65.97023740052575,14.024124985790504,182.72582707958497,93.26708899486313,64.56941891117184,33.83333333,0.6090330831833984,9.135496247750975
2/27/2019,Tomato,Sandy Loam,6.681999918171908,22.99166950703277,78.93333823801854,7.957090956049928,185.22243074086316,92.08626174703764,50.00105653864593,21.75,0.7088972296345264,10.633458444517895
2/28/2019,Tomato,Sandy Loam,6.578836385506934,21.212739932357973,81.82377410142495,5.092195942109027,173.20143269909147,92.91030965574718,69.07841607693445,33.83333333,0.2280573079636584,3.4208596194548764
3/1/2019,Tomato,Sandy Loam,6.35461208646898,22.00025400433805,77.97451806950758,6.967405224323599,179.2311494883958,107.54255123797003,66.28417534109326,33.83333333,0.4692459795358319,7.038689693037479
3/2/2019,Tomato,Sandy Loam,7.445419947122772,21.053384670038476,76.39496462326579,6.095174919423592,170.18663239654185,100.56378523512713,68.07963393178571,33.83333333,0.1074652958616746,1.6119794379251196
3/3/2019,Tomato,Sandy Loam,6.620385108468467,23.24848651638503,79.15108833957515,8.18993774173072,174.93357729043245,99.34521992015006,50.31286590614868,13.29166667,0.2973430916172984,4.460146374259477
3/4/2019,Tomato,Sandy Loam,6.007932796624444,22.922073802850104,73.58685474599311,13.25878677458455,184.5292343022601,92.13423638204709,68.67717591571478,58.0,0.6811693720904038,10.217540581356058
3/5/2019,Tomato,Sandy Loam,5.960181584080079,21.1880164041059,66.82723474617754,11.515296853650074,189.83619902698726,102.99112013513924,66.19577057376209,58.0,0.8934479610794908,13.40171941619236
3/6/2019,Tomato,Sandy Loam,6.722706061550284,23.894212678805903,84.24743508606764,6.689805892337125,171.98356199174432,107.3599918379018,66.74438285917397,13.29166667,0.1793424796697727,2.690137195046591
3/7/2019,Tomato,Sandy Loam,6.545655054621857,21.0678646713813,73.64601539968392,12.888217210923385,178.02988631722576,106.56371738646905,51.86574769443937,42.29166667,0.4211954526890306,6.317931790335459
3/8/2019,Tomato,Sandy Loam,5.515395605909426,22.769881939428267,78.30778474336034,10.042198660994028,186.0014193739832,102.52109417961603,64.77556057837195,58.0,0.7400567749593276,11.100851624389914
3/9/2019,Tomato,Sandy Loam,7.160130744391559,23.329102385397167,75.6262087377859,10.12714624118297,174.08071269257798,91.50557433303348,69.19833379284182,13.29166667,0.2632285077031191,3.9484276155467866
3/10/2019,Tomato,Sandy Loam,6.908244708464869,23.363688939134168,66.09346143955109,8.621121809808733,181.10169898604573,92.24794054352026,63.57094682836321,33.83333333,0.5440679594418291,8.161019391627436
3/11/2019,Tomato,Sandy Loam,6.8236585793562075,21.10285540677961,84.05493201985077,13.646163648220234,184.6614259205935,90.9861797421965,61.41122809249213,21.75,0.6864570368237398,10.296855552356098
3/12/2019,Tomato,Sandy Loam,5.637561315395318,23.71924539792132,80.85074452228646,8.183273038557926,182.31970900520358,95.14958432984939,68.91259355497994,42.29166667,0.5927883602081433,8.89182540312215
3/13/2019,Tomato,Sandy Loam,6.224111700344983,23.755355015781365,67.9819578893879,5.941397606696887,173.76049469230833,92.71322934320756,58.85874243468872,21.75,0.2504197876923329,3.7562968153849936
3/14/2019,Tomato,Sandy Loam,7.370764521465572,22.68417111946312,84.63297752576534,8.02728993971945,177.1076913737148,95.20096080504868,61.985871326209576,13.29166667,0.3843076549485915,5.7646148242288735
3/15/2019,Tomato,Sandy Loam,7.225178482682727,22.44624959666144,79.73802744343416,12.153535462678857,185.67583568970795,97.70116111437923,59.52676586988733,33.83333333,0.7270334275883178,10.905501413824767
3/16/2019,Tomato,Sandy Loam,6.071085875739067,21.134602389187798,74.44643300856617,11.575818868033288,181.08453028264034,108.85965568142271,68.65692442720598,21.75,0.5433812113056133,8.1507181695842
3/17/2019,Tomato,Sandy Loam,5.814117768198278,22.685862427529607,77.22740113119147,6.880171535535778,170.10459227085826,102.20752119563384,51.52169453531015,42.29166667,0.1041836908343302,1.562755362514953
3/18/2019,Tomato,Sandy Loam,6.398175914337154,22.22813724531069,67.13473364029196,6.11784299104942,185.21981520056187,106.69947571365924,60.022394016506965,33.83333333,0.7087926080224751,10.631889120337126
3/19/2019,Tomato,Sandy Loam,6.211660757335322,23.31841922222597,76.20823020031222,11.608657584017465,170.7062270988048,104.20703001424664,63.739048827708764,42.29166667,0.1282490839521912,1.9237362592828688
3/20/2019,Tomato,Sandy Loam,6.864452753411982,22.211650700658264,66.47322144034119,11.763768356549122,184.91467565462463,92.25006261053264,65.83813076844474,42.29166667,0.6965870261849857,10.448805392774783
3/21/2019,Tomato,Sandy Loam,7.432869620168639,23.050742499974127,75.89710514238604,8.661496372105706,174.04961120330475,104.71840812747898,61.660372948882724,21.75,0.2619844481321899,3.929766721982849
3/22/2019,Tomato,Sandy Loam,6.226002899965123,21.30422443871259,76.05391377525571,13.428013835290798,189.1614696023876,95.50197763118248,68.17835488242908,58.0,0.8664587840955041,12.996881761432562
3/23/2019,Tomato,Sandy Loam,5.624448345304484,21.3988568122979,82.48877570321488,14.782052037999168,177.3588150260417,102.78215693989412,68.83982893767744,42.29166667,0.3943526010416676,5.915289015625014
3/24/2019,Tomato,Sandy Loam,7.295228016684771,21.419130571947473,79.50115000544588,7.056452234493954,176.5386323267616,96.81923947285978,51.28638446387167,13.29166667,0.3615452930704633,5.42317939605695
3/25/2019,Tomato,Sandy Loam,5.575899460479741,21.13657649939923,69.9910478443024,10.770687157060284,172.9777610066489,109.95344526529318,58.047410790827485,33.83333333,0.2191104402659557,3.286656603989336
3/26/2019,Tomato,Sandy Loam,7.4055317943066665,22.62398657780941,82.76852284375714,5.053463290039391,176.1120843098043,95.27102958993555,50.46918043442309,33.83333333,0.3444833723921719,5.167250585882579
3/27/2019,Tomato,Sandy Loam,6.829158856018079,23.38190317813091,76.46485329696011,12.130543960262871,187.533015236564,95.5826094154854,56.58833314748886,42.29166667,0.8013206094625605,12.019809141938406
3/28/2019,Tomato,Sandy Loam,7.3833784168838985,22.831233611080997,77.12758957148067,9.142821135633175,189.92668675254495,108.61344511124797,60.73736435941204,58.0,0.8970674701017979,13.456012051526969
3/29/2019,Tomato,Sandy Loam,5.899319373297956,22.724864656658568,68.37962738444357,6.932692269031648,177.36619061013695,90.49288809272646,68.21589861019898,33.83333333,0.3946476244054787,5.919714366082181
3/30/2019,Tomato,Sandy Loam,5.5813995905076155,23.041871785208208,82.15547191938228,12.522219217643762,178.97221261909084,103.93377975746394,66.93108644930805,21.75,0.4588885047636341,6.883327571454511
3/31/2019,Tomato,Sandy Loam,6.476419956552983,22.018935969216045,83.61930230033087,13.106487975560809,184.44141876405473,104.50652781471756,52.549994533439715,13.29166667,0.6776567505621897,10.164851258432844
4/1/2019,Tomato,Sandy Loam,6.40124682914025,22.085862214944687,80.49981298989816,6.1116650117593725,187.72391560930149,106.72757154820799,51.86060749481791,42.29166667,0.8089566243720596,12.134349365580894
4/2/2019,Tomato,Sandy Loam,6.162984546509765,21.942810294662767,83.81504905290012,5.40995761838034,181.86088668373569,109.48878621276951,61.78534677513334,13.29166667,0.5744354673494273,8.616532010241409
4/3/2019,Tomato,Sandy Loam,7.4153129487773946,23.136326798560727,71.04599808244691,8.340784416691172,177.8305139635566,109.51203838313305,60.64235944917566,33.83333333,0.4132205585422634,6.198308378133952
4/4/2019,Tomato,Sandy Loam,7.145167464322864,21.48492100701232,82.22238336725542,11.259904657610356,178.25243681697248,91.30553515132928,55.327552828600474,21.75,0.430097472678899,6.451462090183485
4/5/2019,Tomato,Sandy Loam,6.823164042751187,21.03907584093877,74.77786285727485,12.934195271886331,183.91236292993614,106.43678645505805,67.9890616910767,33.83333333,0.6564945171974454,9.84741775796168
4/6/2019,Tomato,Sandy Loam,5.825716583275655,22.788589340167476,68.2783440588717,10.460624966304575,170.06436527208558,102.92619867314762,68.54732818923107,21.75,0.1025746108834229,1.5386191632513444
4/7/2019,Tomato,Sandy Loam,6.968646816437049,23.827144094202616,78.37601198066803,10.807487763069808,182.39178674919683,102.94684268746182,58.05222876680325,13.29166667,0.5956714699678726,8.935072049518089
4/8/2019,Tomato,Sandy Loam,6.954024909399448,22.828223750988915,78.68240541411758,12.998582217528911,177.10986020882714,92.5669985322939,67.8060511422704,13.29166667,0.3843944083530859,5.765916125296289
4/9/2019,Tomato,Sandy Loam,6.350136347232015,23.348764958822684,70.7384902751338,10.288433742187593,185.88394662554168,103.00374332891306,57.67897788525946,33.83333333,0.7353578650216674,11.030367975325012
4/10/2019,Tomato,Sandy Loam,7.349571819428027,23.01837212839809,65.5498666325514,11.111544902263006,171.85981279646265,109.64965161202495,64.736336636594,42.29166667,0.1743925118585057,2.615887677877586
4/11/2019,Tomato,Sandy Loam,5.833955764458021,22.49230996056905,68.99694518171127,10.162173399765592,181.7640453389678,108.23637139078895,59.51884435095448,42.29166667,0.5705618135587124,8.558427203380687
4/12/2019,Tomato,Sandy Loam,6.034675124823329,23.15517720535154,72.99555095347773,13.80458233367704,179.61945779772248,98.782613216097,52.45166313014366,13.29166667,0.484778311908899,7.2716746786334845
4/13/2019,Tomato,Sandy Loam,5.6264486785012675,23.472312371565664,68.35125822119737,7.355166185850889,182.84651051810454,90.7989594657219,68.55868402474043,33.83333333,0.6138604207241819,9.207906310862729
4/14/2019,Tomato,Sandy Loam,7.090901916355175,21.674194932515093,68.88059896479209,7.639935845405094,171.29707188965938,97.2458698000041,59.081931867550736,42.29166667,0.1518828755863747,2.2782431337956206
4/15/2019,Tomato,Sandy Loam,6.743518772190795,22.008391441449437,72.8278132876454,6.279614616018257,181.59967574856262,106.5278062320111,64.68974080644807,21.75,0.563987029942505,8.459805449137576
4/16/2019,Tomato,Sandy Loam,6.129880611362499,21.671177197509852,84.23573228617121,13.194667514944218,181.22969175919047,104.02998202930333,57.343476288625844,21.75,0.549187670367619,8.237815055514284
4/17/2019,Tomato,Sandy Loam,5.8276273271886305,22.356518866771324,80.28487030815296,9.117772905623571,181.21320188832343,99.18687311187912,50.377617571524695,42.29166667,0.5485280755329368,8.227921132994052
4/18/2019,Tomato,Sandy Loam,5.580295540057481,23.655193652750004,71.39496802453128,8.478939408812439,182.0697533319291,91.10203070317662,52.01060717383672,33.83333333,0.5827901332771639,8.741851999157458
4/19/2019,Tomato,Sandy Loam,5.833491137251873,22.035621302505998,84.03208137837096,14.813487170871564,183.52935874452726,98.53789455646606,59.92438958979849,42.29166667,0.6411743497810898,9.617615246716348
4/20/2019,Tomato,Sandy Loam,6.406569292675316,22.12340066739166,77.91293584517466,14.268033664397857,186.09977999361539,99.38049879435766,63.79928714252725,58.0,0.7439911997446158,11.159867996169236
4/21/2019,Tomato,Sandy Loam,5.994353938021212,23.581101704015794,74.1089928928028,14.719876821247611,175.3964144025643,108.57111065788271,56.69470653158558,33.83333333,0.3158565761025714,4.737848641538572
4/22/2019,Tomato,Sandy Loam,6.017964354863933,22.546122992234025,74.36600397910294,6.422989967586928,186.50098820360125,102.8217220716432,63.90976918355301,13.29166667,0.7600395281440496,11.400592922160744
4/23/2019,Tomato,Sandy Loam,7.251152733335429,22.606346998942303,73.21488935670784,13.912518131481663,179.96511364526907,96.23305833309298,63.97271178863912,33.83333333,0.4986045458107629,7.479068187161444
4/24/2019,Tomato,Sandy Loam,6.530275346922201,23.58240360999664,69.6598410509188,8.287095993874516,171.54116558268663,100.50636528901443,64.07871814655661,58.0,0.1616466233074649,2.424699349611974
4/25/2019,Tomato,Sandy Loam,6.95850394625683,22.47158021107642,72.73264384427411,5.126567702118625,171.1710185848796,91.32110615644321,59.85043708041017,21.75,0.1468407433951833,2.202611150927751
4/26/2019,Tomato,Sandy Loam,5.571421898056286,23.044672603888188,75.55792768086785,8.912983359830687,176.6847663739212,109.45136471299473,68.29772300243008,21.75,0.3673906549568486,5.51085982435273
4/27/2019,Tomato,Sandy Loam,6.230326711356057,21.25693399762218,75.56054701460442,10.091963531380596,185.69793954222936,97.20119803861452,59.78393035961231,13.29166667,0.7279175816891741,10.91876372533761
4/28/2019,Tomato,Sandy Loam,6.458338694790884,21.535895139380656,80.23473804425036,6.0822042356740535,184.1536186948183,99.55734709826271,59.00530386993276,21.75,0.6661447477927326,9.99217121689099
4/29/2019,Tomato,Sandy Loam,5.87283371042037,22.213128602148736,72.17595714314706,10.376776168742564,185.77229929344813,97.10567948473846,53.98761638021254,21.75,0.7308919717379252,10.963379576068878
4/30/2019,Tomato,Sandy Loam,5.740383082891078,22.484517203459625,79.33596058607905,13.194635841767315,180.34538112883217,103.650234602324,56.153101747126726,58.0,0.5138152451532875,7.707228677299312
5/1/2019,Tomato,Sandy Loam,7.240607556999685,23.89720110370869,76.56183677537369,8.776509508391939,178.80397995910982,103.24464316659186,50.84668985036607,33.83333333,0.4521591983643924,6.782387975465887
5/2/2019,Tomato,Sandy Loam,7.378863254199593,23.91195489914337,84.23690809053669,8.526448065343022,172.9490505341257,104.30644621058272,62.6707058723234,42.29166667,0.2179620213650271,3.269430320475408
5/3/2019,Tomato,Sandy Loam,5.657613396090815,23.553591262436285,72.70569852067965,8.388104202306774,176.56385507218624,95.36286459223842,54.970714878541855,21.75,0.3625542028874492,5.438313043311738
5/4/2019,Tomato,Sandy Loam,6.198037425084886,21.946796505856724,83.0243292852158,14.23094445883692,178.6803873234775,96.31336962328132,56.0831050897093,33.83333333,0.4472154929391002,6.708232394086504
5/5/2019,Tomato,Sandy Loam,7.416571256288948,23.892084872497318,81.41285094596579,5.487580987901991,171.77200859359235,92.50502462192416,65.41629043328642,21.75,0.1708803437436938,2.563205156155407
5/6/2019,Tomato,Sandy Loam,5.66632346626493,23.068022594028637,77.75328569178913,9.450761419929552,174.41223905422422,103.11019943692224,56.544423663229075,42.29166667,0.276489562168969,4.147343432534536
5/7/2019,Tomato,Sandy Loam,6.7872827457574525,22.1788203834522,78.09028933484234,7.645994541497169,181.9645058812748,90.79594254671305,54.84391784026285,42.29166667,0.5785802352509911,8.678703528764867
5/8/2019,Tomato,Sandy Loam,7.444442741934012,23.1050247509543,66.69299869212821,13.938070253874942,184.7132622847838,101.95364671046919,53.38115498267412,33.83333333,0.6885304913913519,10.327957370870278
5/9/2019,Tomato,Sandy Loam,7.456447337162749,21.04956818935958,84.00449211186864,5.960522635838039,189.966950227859,107.39391769703268,65.49716804363912,21.75,0.8986780091143597,13.480170136715396
5/10/2019,Tomato,Sandy Loam,6.4424466618074865,21.43846404682264,67.13872126991488,9.114427666804108,188.66226662687114,107.81664296579267,52.59412515980054,42.29166667,0.8464906650748462,12.697359976122693
5/11/2019,Tomato,Sandy Loam,5.825498215564761,23.489057134669103,76.26466617487014,9.068161520310856,182.85130399070383,98.98075520739923,59.07507520500707,42.29166667,0.6140521596281532,9.210782394422298
5/12/2019,Tomato,Sandy Loam,5.904168629954878,22.936720910619513,71.6014160089831,13.883944175470226,178.42496106588143,99.18607376426148,60.138602321543885,21.75,0.4369984426352576,6.554976639528865
5/13/2019,Tomato,Sandy Loam,7.279202790248789,22.09258410387565,73.59703956579703,7.154934450409694,182.72354729416466,91.53938366016035,63.74779825371429,21.75,0.6089418917665862,9.134128376498794
5/14/2019,Tomato,Sandy Loam,7.323366008659471,22.501999920668155,77.20366021673634,11.448954103016112,185.71303236160463,103.41530050886071,62.66566964665991,13.29166667,0.7285212944641856,10.927819416962784
5/15/2019,Tomato,Sandy Loam,6.71575928774711,23.7154264489373,83.17702755764643,6.344061268877891,172.36672381846773,106.42518840745691,66.2144134589035,42.29166667,0.1946689527387098,2.9200342910806483
5/16/2019,Tomato,Sandy Loam,7.032352798939822,22.89473432843726,74.15134247144603,14.539757140805428,178.19809779392577,94.89310109209426,50.89502867852476,58.0,0.4279239117570306,6.418858676355459
5/17/2019,Tomato,Sandy Loam,6.979862502940817,22.19444785180299,84.75459110612883,10.93014959272286,186.79604571271236,98.4260176326673,55.92881449558794,33.83333333,0.7718418285084938,11.577627427627409
5/18/2019,Tomato,Sandy Loam,6.823643195978214,21.360979972192606,76.85624130702999,11.262567303206705,177.6766590386609,106.77678673530541,55.6026823755076,42.29166667,0.4070663615464353,6.105995423196529
5/19/2019,Tomato,Sandy Loam,7.154553909743878,21.88124040487668,68.21107885284349,9.337734016604722,181.43744542454374,107.54240935324576,52.92033811184216,42.29166667,0.5574978169817493,8.362467254726239
5/20/2019,Tomato,Sandy Loam,6.870813246080642,23.93502069838975,68.80018589662505,8.422827126663222,181.75538721724396,94.86359960528452,55.78356507712886,21.75,0.5702154886897586,8.553232330346379
5/21/2019,Tomato,Sandy Loam,6.568004611494999,22.312089188555333,79.32222071178502,7.126764294948763,173.6895250626728,101.01141269082729,56.19530628285807,33.83333333,0.2475810025069115,3.7137150376036727
5/22/2019,Tomato,Sandy Loam,5.973912725176314,22.415518391534583,66.00795588486764,11.039877538322587,177.24470883304576,93.84986301271654,60.43768923854957,58.0,0.3897883533218307,5.846825299827461
5/23/2019,Tomato,Sandy Loam,6.987776288237238,22.495794097191045,74.60683152444454,14.54561745348238,176.69022577483864,92.03757528279112,63.27408957852512,21.75,0.3676090309935457,5.514135464903186
5/24/2019,Tomato,Sandy Loam,6.446875735676549,23.652312068844633,67.96438219607033,8.59790954092403,170.5239341706413,108.22241002783915,57.62201027223628,21.75,0.1209573668256518,1.8143605023847773
5/25/2019,Tomato,Sandy Loam,6.089583368015019,22.81178485315593,73.6643727035569,13.83156888662054,170.4838352778271,106.41015008464218,64.38940462626762,21.75,0.1193534111130842,1.790301166696263
5/26/2019,Tomato,Sandy Loam,7.1038925514835505,23.081031109355767,79.99834844143439,6.487763128472497,186.63394087351548,105.20069803606347,56.7233067715916,42.29166667,0.7653576349406188,11.480364524109282
5/27/2019,Tomato,Sandy Loam,6.893427200706057,22.16824062764731,74.17625856482869,14.361260208818008,175.46141619945624,90.97532637626281,55.80567354629521,13.29166667,0.3184566479782499,4.7768497196737485
5/28/2019,Tomato,Sandy Loam,7.3746791262494,21.087262855766923,68.26902217961855,8.504862838980767,180.3615753247763,106.87457585420515,60.823761117140485,13.29166667,0.5144630129910523,7.716945194865785
5/29/2019,Tomato,Sandy Loam,5.830883280037756,23.79291874272853,70.03850740713285,8.797272115933456,175.97451147177546,98.76088151810768,50.47432720611581,58.0,0.3389804588710184,5.084706883065277
5/30/2019,Tomato,Sandy Loam,6.798378569272987,23.847383042749218,72.35079177304365,9.628422570343282,188.81358490230681,96.84790246591719,51.59578247268001,33.83333333,0.8525433960922725,12.788150941384089
5/31/2019,Tomato,Sandy Loam,5.988478936176352,23.847459160044153,66.39122366972829,12.182442699476503,175.18593517731549,100.92952722050752,58.35939087173054,13.29166667,0.307437407092619,4.611561106389285
6/1/2019,Tomato,Sandy Loam,7.307165970603283,23.83106125994015,76.68675272162244,12.196534336890352,178.5931362547787,91.82706485447112,68.85825422783513,21.75,0.443725450191148,6.655881752867221
6/2/2019,Tomato,Sandy Loam,5.698998828513231,23.445725823208683,77.15067582556101,9.795885847196653,187.45460500969205,105.13293098704798,64.43023559686847,58.0,0.7981842003876815,11.972763005815224
6/3/2019,Tomato,Sandy Loam,6.812323612889754,23.05378815034898,66.24303854265135,10.23152899313936,186.83867133583618,101.64870153776592,51.762531390011155,13.29166667,0.773546853433447,11.603202801501704
6/4/2019,Tomato,Sandy Loam,7.08217144305606,23.533529754801858,73.04622642348323,5.300104877741411,173.72202835692553,93.73180193746335,66.92636025561748,58.0,0.2488811342770218,3.733217014155328
6/5/2019,Tomato,Sandy Loam,6.209835680729414,22.801638717003108,73.2800136576945,8.042967015583256,186.05286619591422,93.76464399538091,64.64601541216362,33.83333333,0.7421146478365683,11.131719717548524
6/6/2019,Tomato,Sandy Loam,7.4082761587676185,21.403108841676072,71.67639137105202,8.460170742306094,179.16373773475786,93.68497303145348,62.21893051405306,21.75,0.4665495093903141,6.998242640854712
6/7/2019,Tomato,Sandy Loam,7.201461369172074,22.173654495124264,76.15479480662223,10.587272687257594,179.6593774417071,91.14004775103868,66.40585921218354,33.83333333,0.4863750976682842,7.295626465024264
6/8/2019,Tomato,Sandy Loam,6.089236599369807,23.913884735918813,71.91914980120224,10.582997673713043,172.66959944831888,101.7559689874337,58.08219695485914,58.0,0.206783977932755,3.101759668991326
6/9/2019,Tomato,Sandy Loam,5.515082185431997,22.05341344078697,73.32818558955611,12.098997977278731,171.6120302751425,106.80696355177017,54.43002101707705,21.75,0.1644812110056997,2.467218165085496
6/10/2019,Tomato,Sandy Loam,6.0933143522361215,23.603483741194108,80.9504709488321,12.17027296218081,184.5587861394753,90.34996427974777,60.24046778217519,13.29166667,0.6823514455790122,10.235271683685182
6/11/2019,Tomato,Sandy Loam,6.0626209409414855,21.279634412324608,68.24218710860403,7.35210724212083,179.929223047106,90.98009289942547,60.97683511186948,58.0,0.4971689218842398,7.457533828263597
6/12/2019,Tomato,Sandy Loam,7.279929215001818,22.002551527126407,77.38229390606841,12.701871511048246,178.73701405230358,101.45540553373891,60.766527440198246,33.83333333,0.4494805620921437,6.742208431382156
6/13/2019,Tomato,Sandy Loam,7.434242356509495,22.052859974182137,75.11188803381691,5.1960356804628205,184.59016457304793,106.38991370772105,61.301475829602104,21.75,0.6836065829219173,10.25409874382876
6/14/2019,Tomato,Sandy Loam,5.640879971940521,21.15480762932694,71.10143274958698,12.161618846067205,185.31025797982218,96.53477781137268,68.97409836478361,42.29166667,0.7124103191928878,10.686154787893315
6/15/2019,Tomato,Sandy Loam,6.442589657066634,21.357282990560265,79.55069312980821,6.020611035194231,173.17816335338708,96.99228797615444,68.04491246192462,21.75,0.2271265341354828,3.406898012032243
6/16/2019,Tomato,Sandy Loam,6.596663997059592,21.579495633365312,76.02376719082295,12.29648208421219,182.20450298955282,101.92692994993551,67.51434073117879,58.0,0.588180119582113,8.822701793731696
6/17/2019,Tomato,Sandy Loam,5.685823322659407,23.51344677243034,74.5472305392139,10.271180905684044,172.7070816455537,95.48425778248294,66.02833621817254,33.83333333,0.2082832658221484,3.1242489873322263
6/18/2019,Tomato,Sandy Loam,6.254995418275045,21.19020596981942,78.353386295424,9.372545006830922,185.02750172058091,90.53216732155369,68.8685621453057,42.29166667,0.7011000688232366,10.516501032348549
6/19/2019,Tomato,Sandy Loam,6.134164834785901,21.89610270403316,81.04580615962722,11.90666389761429,183.13910312534279,104.70457036203192,51.96989283358806,21.75,0.6255641250137116,9.383461875205674
6/20/2019,Tomato,Sandy Loam,6.572112708654174,21.030525007767803,84.45337580067152,5.363708337472327,189.13229242166915,102.51299825882906,55.30246522891479,33.83333333,0.8652916968667664,12.979375453001497
6/21/2019,Tomato,Sandy Loam,6.8223817994638765,23.086883236209076,77.58700736752746,7.234703256755783,171.37916032712843,101.61511998111318,59.90111891309169,13.29166667,0.1551664130851369,2.327496196277054
6/22/2019,Tomato,Sandy Loam,6.906970220993133,22.86090927013014,82.48879970800766,11.16440142467654,171.1410944230251,104.83368257983646,66.9306898624681,58.0,0.1456437769210034,2.1846566538150523
6/23/2019,Tomato,Sandy Loam,5.773510047226775,22.934946786159426,65.02183082045914,13.47215406630818,175.643741493864,103.50461675124075,60.10331423045465,21.75,0.3257496597545601,4.886244896318402
6/24/2019,Tomato,Sandy Loam,7.125895403889243,22.123148354143858,75.60471385451783,8.81107636945117,175.23411367471812,94.11763976356642,64.96069478683177,42.29166667,0.3093645469887248,4.640468204830872
6/25/2019,Tomato,Sandy Loam,6.857084059581518,21.624803463802706,69.29295097540395,7.587614726335571,174.93957598144,97.04962093886702,52.77919810497833,13.29166667,0.2975830392575999,4.463745588863998
6/26/2019,Tomato,Sandy Loam,7.278149833493439,23.1609606398581,66.88384914166275,10.187364357889944,188.12509161042072,92.52220283357249,55.04827625953121,21.75,0.8250036644168294,12.37505496625244
6/27/2019,Tomato,Sandy Loam,6.398672118870868,23.433353618222085,75.63942034128785,11.223152523868414,174.99092399699012,92.59714026835762,64.63552190075345,33.83333333,0.2996369598796049,4.494554398194074
6/28/2019,Tomato,Sandy Loam,7.287779525444384,21.415804494294605,79.93653012298188,9.201030314057466,175.4389945225726,103.52391492713079,53.29468017775448,13.29166667,0.3175597809029048,4.763396713543572
6/29/2019,Tomato,Sandy Loam,7.231548244712151,22.460488283812264,73.24545044948759,13.767106826597551,185.18796524835926,107.17200213964996,57.02711869309854,58.0,0.707518609934371,10.612779149015564
6/30/2019,Tomato,Sandy Loam,6.376818664718539,21.74614704593659,78.4021489868887,10.234387088600132,178.9947968490108,109.25465167722278,55.29732515627143,42.29166667,0.459791873960432,6.89687810940648
7/1/2019,Tomato,Sandy Loam,6.262286630585957,21.5043205836184,74.794385076819,5.35823587570585,185.53421113910363,102.56694235098888,56.99723388444957,13.29166667,0.721368445564145,10.820526683462177
7/2/2019,Tomato,Sandy Loam,7.365624029940514,23.202975940484997,73.74171731918852,7.230539547061904,171.3073231512877,93.68202646721915,64.1664809815594,33.83333333,0.1522929260515082,2.284393890772624
7/3/2019,Tomato,Sandy Loam,6.9303294690768755,22.61429080641851,70.80513280871722,9.506470309178145,179.75142387346767,92.11300690897862,57.35694362285602,42.29166667,0.4900569549387075,7.350854324080612
7/4/2019,Tomato,Sandy Loam,7.356490692876151,21.648555997136004,72.65187029002009,11.977255190169334,170.67227200366565,106.25701943073516,61.1052664521588,42.29166667,0.1268908801466261,1.903363202199392
7/5/2019,Tomato,Sandy Loam,7.0939495577916265,21.930000033634634,71.99591261588856,7.197522437925889,171.2530640691071,101.57512952719999,51.99863754108819,58.0,0.1501225627642836,2.2518384414642543
7/6/2019,Tomato,Sandy Loam,6.718594878582829,23.899961013983226,77.92374368029763,14.76257439717421,188.12874906688822,102.3657004202744,66.10035386469255,58.0,0.8251499626755288,12.377249440132932
7/7/2019,Tomato,Sandy Loam,5.7317055540075295,23.54603869412567,67.32037022558279,8.185582581880835,172.7849074223519,105.62924177509419,57.3977725129625,21.75,0.2113962968940761,3.170944453411142
7/8/2019,Tomato,Sandy Loam,6.082961345158197,23.639840228619384,66.85272737375612,10.324802068605884,180.64841364550435,104.06554455464904,62.97068318066685,58.0,0.5259365458201737,7.889048187302605
7/9/2019,Tomato,Sandy Loam,7.437684814196783,22.380036291242124,78.20025988416921,5.189663847310412,178.22191205201412,106.68916505712193,64.50779203323665,58.0,0.4288764820805653,6.433147231208479
7/10/2019,Tomato,Sandy Loam,6.1388441974284085,22.871421791762625,75.92596139757761,13.848907214308044,176.94686652517686,91.12427810919758,54.193218442234006,42.29166667,0.3778746610070741,5.668119915106112
7/11/2019,Tomato,Sandy Loam,5.686509739570742,22.130303220613236,73.60400193485316,12.888346535251834,187.99666691374546,104.9504127349301,67.69349969906699,13.29166667,0.819866676549818,12.29800014824727
7/12/2019,Tomato,Sandy Loam,6.915106711838639,21.233135927066673,68.04885768815807,6.954580042955927,170.4364679355098,107.0170551464419,62.32448503213906,21.75,0.1174587174203916,1.761880761305874
7/13/2019,Tomato,Sandy Loam,6.968008509087369,22.203207931970347,73.22054223738623,14.33236691239843,183.27579372351178,95.72270084916629,58.574502835029634,21.75,0.6310317489404713,9.46547623410707
7/14/2019,Tomato,Sandy Loam,6.070915440574302,22.781942259621434,80.79463526640023,8.158397637974046,189.267888684271,102.80894547986506,53.64670367156439,42.29166667,0.8707155473708403,13.060733210562605
7/15/2019,Tomato,Sandy Loam,6.095343958692608,21.861432812304393,82.79242471578513,11.921862883801172,181.20336366923684,96.28324127673945,68.84601875802413,33.83333333,0.5481345467694736,8.222018201542104
7/16/2019,Tomato,Sandy Loam,6.4377859710175676,23.543851724182247,79.0515313992844,13.189763180166,188.73644924066184,109.15942132964908,65.1013640826325,33.83333333,0.8494579696264735,12.7418695443971
7/17/2019,Tomato,Sandy Loam,5.543577899524511,21.453300477523797,66.19824351761761,12.409144612371808,171.0451575857205,90.66847144871008,54.160491254664976,13.29166667,0.141806303428819,2.1270945514322857
7/18/2019,Tomato,Sandy Loam,7.078646020722327,22.10138726831076,78.40819553202238,14.175827840298412,178.37586638148323,101.5958568766591,56.75421549448449,33.83333333,0.4350346552593291,6.525519828889937
7/19/2019,Tomato,Sandy Loam,6.134177574548251,21.37471171597261,69.8197117909259,13.642747603407084,175.20315581924103,93.3300709409903,66.19348516176146,13.29166667,0.3081262327696409,4.621893491544614
7/20/2019,Tomato,Sandy Loam,7.207526204003955,22.214496401955675,71.3050248605281,14.9461151409161,184.6164192996146,104.24440410354318,63.91355326430678,33.83333333,0.6846567719845839,10.269851579768758
7/21/2019,Tomato,Sandy Loam,7.1052608432000675,21.11898391492281,68.9174641591997,6.826114125761455,189.62594180994495,93.51780566837324,65.3156858543145,21.75,0.8850376723977974,13.275565085966962
7/22/2019,Tomato,Sandy Loam,6.822804066237566,21.817648185184936,80.51511581240409,8.047618012267002,175.13060124888494,94.70766523796715,58.82402204425865,21.75,0.3052240499553982,4.578360749330974
7/23/2019,Tomato,Sandy Loam,6.149749734198577,22.202205765341052,77.97204245274558,11.3622586743163,183.08349202948148,99.88741622091516,64.32952525284334,13.29166667,0.6233396811792595,9.350095217688892
7/24/2019,Tomato,Sandy Loam,6.53263312332234,22.434496089830073,77.23670109198362,12.330471858915836,173.9619526551948,108.29669899993756,57.72987445727827,42.29166667,0.2584781062077921,3.8771715931168815
7/25/2019,Tomato,Sandy Loam,6.389658515195918,22.631089075425425,78.35945219338552,10.346050545557093,181.3066050914322,94.23428744295941,54.22525833876393,33.83333333,0.5522642036572879,8.283963054859319
7/26/2019,Tomato,Sandy Loam,6.177763772497348,21.824973389369756,69.73544522807806,5.739283648866149,179.2786497337667,92.88480042236208,62.6535406968272,21.75,0.471145989350669,7.067189840260035
7/27/2019,Tomato,Sandy Loam,7.196272578606356,22.569124003844617,73.89288828650723,13.41595226800382,189.44010659263074,105.17953663708062,69.52027851197589,13.29166667,0.8776042637052297,13.164063955578444
7/28/2019,Tomato,Sandy Loam,6.467014149155331,22.52701386468618,77.66507443097979,14.60874356021272,182.17054545392932,100.01239064667863,56.21201942790659,33.83333333,0.5868218181571733,8.8023272723576
7/29/2019,Tomato,Sandy Loam,7.165446195594293,21.948534152628625,77.73188055236601,9.055168438263948,176.99012744173638,108.23570224763543,59.219391844250794,21.75,0.379605097669455,5.694076465041825
7/30/2019,Tomato,Sandy Loam,5.710436948283649,23.490600991969433,80.83703725510262,7.248124816988461,172.28191569775868,92.93229114319685,63.48002742139707,13.29166667,0.1912766279103467,2.869149418655201
7/31/2019,Tomato,Sandy Loam,5.782049577200672,22.636923379780697,70.7420793337622,5.193137549620875,173.0249365746987,102.9185578604608,60.83012564244976,33.83333333,0.2209974629879476,3.3149619448192147
8/1/2019,Tomato,Sandy Loam,7.454640610225954,21.996809156239635,80.40672243393645,7.3729903609358525,174.5063385990247,94.6575829230363,66.86855591418099,33.83333333,0.2802535439609881,4.2038031594148215
8/2/2019,Tomato,Sandy Loam,6.675536925212179,23.84201553624233,73.80368961233872,11.999187748384225,175.01933322680597,93.13520857303278,65.23485412939031,58.0,0.3007733290722384,4.511599936083576
8/3/2019,Tomato,Sandy Loam,6.519539346998098,23.535337239213483,78.4034538411787,14.115893876727304,187.01232115682276,103.66858830314541,51.16594407724714,13.29166667,0.7804928462729103,11.707392694093654
8/4/2019,Tomato,Sandy Loam,6.546312126288223,23.947763434655403,74.11438760130574,5.935130664317658,181.2244557656505,101.87369239817467,69.96842467847549,21.75,0.5489782306260199,8.234673459390299
8/5/2019,Tomato,Sandy Loam,5.93053754806572,23.076701623936263,83.97220339581887,10.5325918716193,180.46781822748733,105.09654916724662,65.04804907438934,13.29166667,0.5187127290994932,7.780690936492397
8/6/2019,Tomato,Sandy Loam,6.937407899003946,22.134668716518142,68.58604529483289,11.955312485118323,172.29537743738436,96.18925152892365,67.27806632588226,42.29166667,0.1918150974953739,2.8772264624306096
8/7/2019,Tomato,Sandy Loam,5.669561247459509,21.842582000037037,78.50010177164714,7.7638082110626865,187.2027938669887,98.95943312764379,63.02395424190693,42.29166667,0.788111754679548,11.82167632019322
8/8/2019,Tomato,Sandy Loam,6.646647426206046,22.989953531023442,76.53070001536318,10.69897039170302,184.45628606416966,98.10943352660837,67.12570256093525,42.29166667,0.6782514425667869,10.173771638501805
8/9/2019,Tomato,Sandy Loam,6.641537593171803,23.94244974748591,68.4546208189549,12.15248426005773,171.35336723800003,109.68178927933029,52.24765949857419,21.75,0.1541346895200012,2.3120203428000194
8/10/2019,Tomato,Sandy Loam,7.3283768482670215,22.880145240311546,66.32012671623336,13.377192431353768,184.15670194459537,95.84497913478776,56.95475671118631,13.29166667,0.6662680777838149,9.994021166757223
8/11/2019,Tomato,Sandy Loam,6.552365620209721,23.644844822969514,80.98288777943327,9.52499850819981,180.87076434685292,95.89634476693534,67.52841887208986,58.0,0.5348305738741169,8.022458608111753
8/12/2019,Tomato,Sandy Loam,5.774125391948359,21.987310293143306,68.1490266729253,12.478572189189606,171.63450691493557,97.09096417657214,54.033104225337844,13.29166667,0.1653802765974226,2.480704148961339
8/13/2019,Tomato,Sandy Loam,6.645506518496325,22.220861347422765,68.73013365571552,8.017829717398497,179.16601283057312,101.29188162580643,51.56484197160046,21.75,0.4666405132229252,6.999607698343878
8/14/2019,Tomato,Sandy Loam,5.682655288730665,23.71882571876806,84.56868447978079,7.130467467721586,179.69392574260092,95.0464548852749,65.76237879890438,21.75,0.4877570297040375,7.316355445560563
8/15/2019,Tomato,Sandy Loam,5.907587670599844,23.270600105873456,79.34521702953262,6.873137460906674,173.3154908032655,108.30579880758548,66.70972311286593,21.75,0.2326196321306206,3.489294481959309
8/16/2019,Tomato,Sandy Loam,5.562217168374833,23.944230961103717,70.00973683202444,8.588727318257263,188.91396294000566,95.31371129732527,53.25304436379801,33.83333333,0.8565585176002258,12.848377764003388
8/17/2019,Tomato,Sandy Loam,6.526587164918997,23.324292629196727,76.81897920303203,5.35879681788849,186.99950742961323,107.91631463120389,67.08691965565431,13.29166667,0.7799802971845295,11.699704457767943
8/18/2019,Tomato,Sandy Loam,5.669065230587145,22.345547121654697,75.68223676805027,7.829918376652497,183.38044674658215,92.06950127293169,63.735355911943394,42.29166667,0.6352178698632867,9.5282680479493
8/19/2019,Tomato,Sandy Loam,6.4387887570626585,22.59320405946709,81.88946535027695,11.522228244432284,179.24591122001215,103.13125404799305,60.401653664331675,58.0,0.4698364488004858,7.047546732007287
8/20/2019,Tomato,Sandy Loam,7.365890070648288,23.70154647738941,79.58641495665249,11.479190471601369,178.23531083169019,108.13971036876487,66.6050038556277,13.29166667,0.4294124332676068,6.441186499014102
8/21/2019,Tomato,Sandy Loam,6.939522826038664,22.654940208294143,81.63442250986371,5.735538064914913,183.01946934301907,93.3749887679646,58.384984986379315,21.75,0.6207787737207633,9.311681605811447
8/22/2019,Tomato,Sandy Loam,5.654823348450586,21.766192122493337,69.23013175954725,7.874156170806201,180.90863738813812,109.36653920198509,53.87987912446795,33.83333333,0.5363454955255244,8.045182432882866
8/23/2019,Tomato,Sandy Loam,5.948419624417687,22.30685943830985,77.80438408734011,10.695576646779216,171.24546211763771,99.05766720831024,55.69705353221227,42.29166667,0.1498184847055085,2.247277270582628
8/24/2019,Tomato,Sandy Loam,6.847324839786868,22.548947966547352,65.8048171683676,8.185521375031028,180.25005297540665,108.91430216882048,60.1032803658663,58.0,0.5100021190162654,7.65003178524398
8/25/2019,Tomato,Sandy Loam,7.289403722048368,21.290159500653388,66.3788122455844,9.179880241888736,186.1280723446568,103.53640087260094,60.62661585346351,13.29166667,0.7451228937862716,11.176843406794074
8/26/2019,Tomato,Sandy Loam,5.565837173527908,23.23128802275867,79.27054065409195,12.12810757115764,179.18479755193917,96.03173739747103,66.11161652882467,21.75,0.4673919020775664,7.010878531163496
8/27/2019,Tomato,Sandy Loam,7.124902263441188,21.32806180006492,65.48840205287863,5.0926682945663,171.03913155108538,93.76605049834212,65.82705447304669,58.0,0.1415652620434147,2.123478930651221
8/28/2019,Tomato,Sandy Loam,6.623627760676618,22.214753140106417,76.59530017801018,7.763935440884305,185.72556398768066,96.07470092450198,61.6273311440915,33.83333333,0.7290225595072265,10.935338392608395
8/29/2019,Tomato,Sandy Loam,6.592182650592785,23.413867324621215,81.8081019688906,6.423722437850167,174.02727564271947,91.8603481852535,65.61570966730953,13.29166667,0.2610910257087795,3.9163653856316927
8/30/2019,Tomato,Sandy Loam,7.415626365506716,22.40271108483989,72.59883616836058,6.276091827644917,175.17241669776078,92.8773593268666,53.83546916587342,13.29166667,0.306896667910431,4.603450018656465
8/31/2019,Tomato,Sandy Loam,6.995289225193546,23.526046559155525,65.89680873679825,14.59040216447247,173.2941270686459,92.09320880692962,51.001290541865885,58.0,0.2317650827458367,3.476476241187551
9/1/2019,Tomato,Sandy Loam,7.200237736112224,22.025643966168346,79.27694899257453,8.765603315624178,176.60430129742994,98.45887087483115,67.472676452694,58.0,0.364172051897198,5.462580778457971
9/2/2019,Tomato,Sandy Loam,6.207991139089334,23.872908881995308,83.59372904928301,10.270885849096398,185.1350301137727,105.91156752515172,51.511089875255394,21.75,0.705401204550908,10.58101806826362
9/3/2019,Tomato,Sandy Loam,6.608728081656819,21.628405295415707,79.34342784116535,12.338218870696329,180.38771719007875,92.82767108432681,54.93376859487994,42.29166667,0.5155086876031499,7.732630314047249
9/4/2019,Tomato,Sandy Loam,6.7308113548555415,21.114792434967903,76.56894486005551,5.474474748600501,174.09762548301424,92.60640866344671,63.90637899248769,13.29166667,0.2639050193205701,3.958575289808551
9/5/2019,Tomato,Sandy Loam,6.14316788072493,23.617279628971254,69.6005765975812,7.410226385576983,187.55660156304083,102.86857899034662,58.188958752546185,58.0,0.8022640625216327,12.03396093782449
9/6/2019,Tomato,Sandy Loam,6.640496249894799,23.256608147851225,65.30751248088994,13.321477873437123,187.59163709903058,93.94365963936133,67.52627939831018,13.29166667,0.8036654839612234,12.05498225941835
9/7/2019,Tomato,Sandy Loam,5.973310758959427,21.695951511202118,78.89344216958106,13.61990613177881,187.41156850092014,91.95220076217983,55.95959589324539,42.29166667,0.7964627400368055,11.946941100552085
9/8/2019,Tomato,Sandy Loam,5.786751342136479,23.954224821410023,69.62052351688585,8.729509206408022,174.77592422763078,93.33697156411155,50.237426933387184,42.29166667,0.2910369691052314,4.365554536578472
9/9/2019,Tomato,Sandy Loam,6.247940518554666,22.506840387805582,82.16325354364716,8.748615996517682,179.02478688361975,108.47462791753551,56.01311281121488,21.75,0.4609914753447904,6.914872130171857
9/10/2019,Tomato,Sandy Loam,6.978579257492874,23.85319632043249,74.32728237665222,12.56896877108882,189.6997931228175,106.42942505552381,61.56150098369663,13.29166667,0.8879917249127001,13.3198758736905
9/11/2019,Tomato,Sandy Loam,7.332374296147775,22.515086314160996,75.61271164744912,7.950702267498691,185.4402495261998,97.08129124710189,57.518767508065864,33.83333333,0.7176099810479923,10.764149715719885
9/12/2019,Tomato,Sandy Loam,6.415428102996465,22.415623760313874,80.07873088532733,6.170940811399981,170.5433484245112,103.11641534654785,60.6974551151751,33.83333333,0.1217339369804478,1.826009054706718
9/13/2019,Tomato,Sandy Loam,6.785647376550863,22.347415611433394,80.58861215606686,7.575354502405834,171.30409182520984,100.74551347336076,67.53196237670038,58.0,0.1521636730083936,2.2824550951259046
9/14/2019,Tomato,Sandy Loam,5.706074261950201,22.00462582839885,77.85301666161136,8.873447316357748,179.27862753624666,103.54248526965128,68.24970108460737,58.0,0.4711451014498662,7.067176521747993
9/15/2019,Tomato,Sandy Loam,7.3089275171046575,22.601104491529654,83.76863630825486,5.522047095950983,188.1844041172312,103.65342304925518,55.31948129308224,33.83333333,0.8273761646892481,12.410642470338722
9/16/2019,Tomato,Sandy Loam,6.637208427139869,22.357663985845704,84.64596872640838,9.786802542001748,180.7740359590543,102.57468030119986,59.24280946539801,33.83333333,0.5309614383621714,7.964421575432571
9/17/2019,Tomato,Sandy Loam,7.0606764952503145,21.110240629870663,83.93770888749233,12.400075127727783,179.9562501606858,95.32202737074617,60.982880304829024,13.29166667,0.4982500064274322,7.473750096411483
9/18/2019,Tomato,Sandy Loam,7.088882401842787,21.781305700270508,81.48358370687887,10.137451444804617,172.1094739991326,90.78012841525636,68.98224913776494,13.29166667,0.1843789599653044,2.7656843994795675
9/19/2019,Tomato,Sandy Loam,6.012961052736212,21.639368400316677,79.11250440488503,5.718953405145069,183.13560209448588,99.11133563980218,69.97234638328769,21.75,0.6254240837794353,9.381361256691529
9/20/2019,Tomato,Sandy Loam,6.558348906363699,23.6023068069632,78.26651715763334,9.401496313459583,186.4420632120045,107.81947769381408,54.70814497683053,13.29166667,0.7576825284801804,11.365237927202706
9/21/2019,Tomato,Sandy Loam,7.420959503121955,22.796609931680525,67.07500353841068,12.089046080428329,177.60840015015125,101.38994517037152,64.53959742691632,13.29166667,0.4043360060060499,6.065040090090749
9/22/2019,Tomato,Sandy Loam,5.6792690896416556,23.291049301349183,70.42968693638225,5.580966539901899,185.51223701850654,106.64782083403816,57.560621244663906,58.0,0.720489480740262,10.80734221110393
9/23/2019,Tomato,Sandy Loam,6.866099796059126,23.87047811324784,65.11376447058754,5.598471897268885,189.28953307801623,109.83248685922456,50.162163937724266,21.75,0.8715813231206493,13.07371984680974
9/24/2019,Tomato,Sandy Loam,7.424528156070344,22.93211781757923,67.74819740467984,8.706014031809826,174.0753291825538,93.27232408276552,50.185050448718044,58.0,0.2630131673021513,3.9451975095322696
9/25/2019,Tomato,Sandy Loam,6.1011542161080445,23.947829974214233,73.78458954338376,6.949639641237091,180.46659262389483,103.83555278283964,59.21132015124512,58.0,0.5186637049557931,7.779955574336895
9/26/2019,Tomato,Sandy Loam,7.222895842808696,21.93529215495639,67.93073101578146,14.347807913084203,175.7427591616915,103.48587147400049,59.76669826008669,21.75,0.3297103664676604,4.945655497014907
9/27/2019,Tomato,Sandy Loam,7.367315090816543,21.558801546938682,83.03326829353516,10.81343603739743,185.8570883806768,109.59910894716558,50.45139393146885,42.29166667,0.7342835352270715,11.014253028406072
9/28/2019,Tomato,Sandy Loam,6.99417241878965,22.209929663978734,81.11398370670564,7.873253994058961,181.55186731762316,109.71201467905601,63.73854833548605,33.83333333,0.562074692704926,8.431120390573891
9/29/2019,Tomato,Sandy Loam,5.962656624613917,22.412398244807424,66.43223824179036,12.047767291149508,182.69164835100608,103.7335722344826,55.880067771899064,21.75,0.607665934040243,9.114989010603646
9/30/2019,Tomato,Sandy Loam,6.168001437653188,23.686084628557754,69.97827430934532,8.749290513593289,185.95828319231788,94.87229583964388,61.19786203071899,33.83333333,0.7383313276927153,11.074969915390728
10/1/2019,Tomato,Sandy Loam,5.571618588835461,22.67982131711003,81.38143769223018,6.3211564437901,177.9194094532491,105.97111676261198,56.01838146330837,13.29166667,0.4167763781299639,6.251645671949459
10/2/2019,Tomato,Sandy Loam,7.162906468490711,21.876542998254052,81.06092253119746,7.372322298435804,188.30180136814087,92.14058268422076,53.342686297386145,33.83333333,0.8320720547256346,12.48108082088452
10/3/2019,Tomato,Sandy Loam,7.19922237302216,23.22790284860256,83.90901100235578,11.427472844593757,180.66057734492279,105.61398608343258,58.14347477197751,58.0,0.526423093796912,7.89634640695368
10/4/2019,Tomato,Sandy Loam,6.765420619932385,22.517495811417213,84.95095523234721,5.518761059969917,173.15909645670695,108.20392248289393,54.645467295810015,13.29166667,0.2263638582682784,3.3954578740241765
10/5/2019,Tomato,Sandy Loam,6.205055702527702,21.486395835825512,84.52540126482243,7.726890400480637,183.91798236337604,97.6566678953687,60.69601953838336,13.29166667,0.656719294535042,9.850789418025627
10/6/2019,Tomato,Sandy Loam,5.6536220552798415,22.730459362773757,73.20275971442882,7.083114776421747,185.8652270087651,102.6127058996616,53.9765706057296,58.0,0.7346090803506036,11.019136205259054
10/7/2019,Tomato,Sandy Loam,7.006115219829819,23.73418361042185,70.00656887604065,7.01135110676532,176.33523354135053,98.60285464193653,60.16811953289254,58.0,0.3534093416540214,5.3011401248103205
10/8/2019,Tomato,Sandy Loam,6.953052387219846,23.52786785242746,80.16820380854125,11.827624119759712,187.14358513997507,98.75530109976256,53.14757029737735,33.83333333,0.7857434055990024,11.786151083985036
10/9/2019,Tomato,Sandy Loam,7.325205043477802,22.760429917905995,70.98545785488062,13.258169167543643,188.12286509531532,96.2074177821624,63.4194941897157,21.75,0.8249146038126132,12.373719057189197
10/10/2019,Tomato,Sandy Loam,6.961064042010724,22.131249521654965,81.12800720262659,12.158666080642586,175.53808974755617,105.24259240900649,65.07875368882848,33.83333333,0.3215235899022471,4.822853848533708
10/11/2019,Tomato,Sandy Loam,7.157389884488004,21.260936253192632,75.67909460795849,11.457278158005122,189.67042945430444,108.7235312833301,52.207884684998675,42.29166667,0.8868171781721776,13.302257672582664
10/12/2019,Tomato,Sandy Loam,6.991909235807999,22.40894676999487,80.87854550469908,14.16451771817864,172.81423056097518,108.81501718468922,59.35604824074679,21.75,0.2125692224390067,3.188538336585101
10/13/2019,Tomato,Sandy Loam,6.761374376624633,23.25623831258874,70.5175975943402,5.583923804242969,174.0403133680498,93.49562569749868,51.41743401309747,42.29166667,0.261612534721992,3.92418802082988
10/14/2019,Tomato,Sandy Loam,6.353932788382019,22.080821159199033,75.16054631107642,6.674830859762407,173.6844967847605,107.49487299313132,61.96364891084005,21.75,0.2473798713904209,3.710698070856314
10/15/2019,Tomato,Sandy Loam,7.304234617284555,21.706340476654994,76.28047587204364,9.14406855670532,187.87979420015742,104.74862882854245,55.28808595859291,13.29166667,0.8151917680062963,12.227876520094444
10/16/2019,Tomato,Sandy Loam,6.801937143814939,23.79413915781286,83.86216135440264,8.724516435038677,183.08585104649924,95.05674801380579,60.552489136774156,33.83333333,0.6234340418599695,9.351510627899543
10/17/2019,Tomato,Sandy Loam,6.296710643931818,23.464667101373976,70.33195153660834,9.180516029630224,173.04208566444547,91.34569225843029,60.34922018768582,13.29166667,0.2216834265778183,3.3252513986672745
10/18/2019,Tomato,Sandy Loam,5.666938590363914,22.914826858260433,83.7337647856979,7.06454905042706,178.806468367367,95.35994533768756,68.487086923876,33.83333333,0.4522587346946792,6.783881020420189
10/19/2019,Tomato,Sandy Loam,6.081409711808764,21.41035003176156,81.09717830931432,6.495033155802283,182.30596050139604,108.2441647356305,60.981664451374456,13.29166667,0.5922384200558416,8.883576300837625
10/20/2019,Tomato,Sandy Loam,6.587453469660329,21.43472652121852,79.61788108173391,10.09193247457928,171.66928169978766,102.66357349791545,61.659969594366316,58.0,0.1667712679915066,2.5015690198726
10/21/2019,Tomato,Sandy Loam,6.051270740032389,21.309658774367335,80.73740538370251,14.280525240687936,187.64832736814677,104.42109321795743,58.033062515287604,33.83333333,0.805933094725871,12.088996420888066
10/22/2019,Tomato,Sandy Loam,5.942470695835804,22.848890000678228,77.10850091760113,8.91969462349917,186.0720707088307,95.14304702218192,68.98159206365634,13.29166667,0.7428828283532282,11.143242425298425
10/23/2019,Tomato,Sandy Loam,6.554787028175694,21.34668838942001,69.88160020924971,5.433532141195281,180.10413547153277,104.38776311149641,65.5437181887922,21.75,0.5041654188613106,7.562481282919659
10/24/2019,Tomato,Sandy Loam,5.83964069179147,23.5278815965879,68.78989937679705,12.061673428895244,189.3425323051834,90.56243012555848,55.708105806056835,21.75,0.8737012922073364,13.105519383110046
10/25/2019,Tomato,Sandy Loam,7.100820126650207,23.978895005457964,82.32682871700781,7.911049055271749,178.355219585502,97.50642691546028,66.88419171552464,13.29166667,0.4342087834200797,6.513131751301196
10/26/2019,Tomato,Sandy Loam,6.468736302685316,22.099044554125996,79.50278805191667,7.45095007304892,189.68220638072995,102.53506697084663,58.6479272037018,58.0,0.8872882552291983,13.309323828437975
10/27/2019,Tomato,Sandy Loam,6.6477255479253,22.361009540901293,69.26408565521898,8.24258000697962,183.35839997607255,92.92193131082641,66.57334287067188,58.0,0.6343359990429016,9.515039985643524
10/28/2019,Tomato,Sandy Loam,5.794766535194697,23.135001530957037,77.30186731748803,12.238155239078765,182.69342546507883,106.4600714889387,66.45776136587004,13.29166667,0.6077370186031532,9.116055279047298
10/29/2019,Tomato,Sandy Loam,6.149152671258735,23.811459018977295,73.95092962828448,13.18819386870304,173.3190979059157,94.70062597623837,53.77740373525709,13.29166667,0.232763916236628,3.49145874354942
10/30/2019,Tomato,Sandy Loam,6.320179366522305,23.682281320669155,68.17310339926188,10.880560673389637,187.63855516609289,103.04562225636893,64.02282262767153,58.0,0.8055422066437152,12.08313309965573
10/31/2019,Tomato,Sandy Loam,7.116425661033006,21.172775486249545,75.63714218714328,8.224787537195516,178.5497937584123,98.10394285150659,55.812859386130626,58.0,0.4419917503364922,6.629876255047383
11/1/2019,Tomato,Sandy Loam,7.040319046172305,21.507215407670294,70.63038184932834,8.104782331172782,173.24466811564957,101.92087190955294,55.94985339985337,33.83333333,0.2297867246259834,3.4468008693897523
11/2/2019,Tomato,Sandy Loam,5.945954949575363,23.263791595673375,66.92488248315144,6.24308349905463,170.2521503995152,92.14901105257816,55.92696153761162,33.83333333,0.1100860159806072,1.6512902397091087
11/3/2019,Tomato,Sandy Loam,6.732358163214015,23.066679324097343,74.33916597090821,14.333010482351945,181.19511367276766,90.33825599843215,64.51136495119897,42.29166667,0.5478045469107061,8.217068203660592
11/4/2019,Tomato,Sandy Loam,5.986912715543995,21.39965578212037,76.80217104187123,11.381393989688195,180.54799244245353,108.19128854760602,54.596520835850725,42.29166667,0.5219196976981411,7.8287954654721155
11/5/2019,Tomato,Sandy Loam,7.476494311380491,22.506193746004705,65.93812820762301,5.26974619855864,184.38707244738316,95.39260017534366,50.0181167049218,58.0,0.6754828978953269,10.132243468429904
11/6/2019,Tomato,Sandy Loam,7.404247756261741,23.342443893255886,73.04185498821994,11.623670951866806,187.80516106035606,106.39354005560918,64.30473706965266,42.29166667,0.8122064424142418,12.183096636213628
11/7/2019,Tomato,Sandy Loam,6.6265294410412405,21.65634204678808,70.15323839673371,9.471534241935078,171.5881316928606,109.987006009444,53.423694876702505,58.0,0.1635252677144236,2.4528790157163542
11/8/2019,Tomato,Sandy Loam,6.897805143788286,23.613862907204,65.61301181414464,14.725579630469197,184.62992980680724,94.22862515997822,52.08964790615669,58.0,0.6851971922722899,10.27795788408435
11/9/2019,Tomato,Sandy Loam,7.10286076441729,21.158915324461105,67.51325099223011,13.19068824806407,173.74823888195164,95.30341482366711,54.7503224118812,13.29166667,0.2499295552780658,3.748943329170987
11/10/2019,Tomato,Sandy Loam,6.941996840089808,23.34658525520422,67.78068317636755,6.713157538327982,187.16354106314327,103.25719575269332,57.59801044645408,33.83333333,0.7865416425257312,11.798124637885968
11/11/2019,Tomato,Sandy Loam,6.8996573821648415,22.847456699369612,68.65748496235942,12.201111188748666,186.3812702772331,109.30897269201242,59.518126549464014,33.83333333,0.7552508110893249,11.328762166339873
11/12/2019,Tomato,Sandy Loam,7.417108015899056,21.94559803996305,81.06755142875842,9.855660038352632,180.8158750997109,108.31628696381487,50.89140081425262,58.0,0.5326350039884356,7.989525059826533
11/13/2019,Tomato,Sandy Loam,6.692912212614567,23.162797645025734,73.78983732956279,6.870451636699282,184.20485597246622,100.0575104013117,69.4114666525472,33.83333333,0.6681942388986493,10.022913583479738
11/14/2019,Tomato,Sandy Loam,6.772605343638111,23.34709738545348,67.94171984540773,11.98739907329949,176.28700226367496,105.9022056505345,64.32126106839117,33.83333333,0.3514800905469987,5.27220135820498
11/15/2019,Tomato,Sandy Loam,7.198537500876363,23.801696913911908,67.00593933855778,10.473875786942454,179.4233579786563,92.71491706199802,56.463881306486726,42.29166667,0.4769343191462517,7.154014787193776
11/16/2019,Tomato,Sandy Loam,6.839781735716814,22.103324016462793,70.95880917458078,5.303738787715705,186.43273795420944,109.54876368408024,56.37394514570795,58.0,0.7573095181683773,11.35964277252566
11/17/2019,Tomato,Sandy Loam,6.9658652440350455,23.058050207939864,80.96031037408905,11.465879505288258,179.18530394346428,109.28706468071974,58.97085098736919,13.29166667,0.4674121577385711,7.011182366078567
11/18/2019,Tomato,Sandy Loam,5.968337372393285,22.807848830804073,72.28919695879287,11.349870898624406,177.15596530650885,93.27457915758342,62.52489645526066,21.75,0.3862386122603535,5.793579183905303
11/19/2019,Tomato,Sandy Loam,6.242533848230142,22.575618208371267,68.19794720587876,6.440851610514626,179.884248945006,95.98846249606213,52.927461331779355,13.29166667,0.4953699578002399,7.430549367003599
11/20/2019,Tomato,Sandy Loam,5.794602691423786,23.671249422465113,73.0823236309232,8.489877269966929,186.56498504874438,92.00309995013534,53.778596275299044,33.83333333,0.7625994019497747,11.43899102924662
11/21/2019,Tomato,Sandy Loam,6.511530884669611,21.009501942415202,76.10623114574115,10.8589897075104,176.70416094741745,95.43435197796359,67.18869165667101,58.0,0.3681664378966982,5.522496568450474
11/22/2019,Tomato,Sandy Loam,6.411454801360493,21.846334818310794,65.59168367276028,6.387830141067299,173.47523186271488,106.31911578830413,55.12509847778145,33.83333333,0.239009274508595,3.5851391176289256
11/23/2019,Tomato,Sandy Loam,7.494325628558913,22.61483171863449,77.55283602880345,13.527233778347563,184.24028040661562,97.5663121433052,57.60389995950355,33.83333333,0.6696112162646246,10.04416824396937
11/24/2019,Tomato,Sandy Loam,6.722417305631085,21.534879784909656,72.90201506029578,5.274860462877038,186.51956425416165,91.76793934293516,67.42543701900235,13.29166667,0.7607825701664654,11.41173855249698
11/25/2019,Tomato,Sandy Loam,7.072889646388846,23.723599601198273,65.19451750262388,6.0283741496935495,172.01274957047067,96.84451049557809,63.26295658799645,21.75,0.1805099828188267,2.7076497422824004
11/26/2019,Tomato,Sandy Loam,6.168029341515308,22.942785352839046,78.47778797892762,6.161069198548841,174.7974822551189,109.6276666848256,56.834237586833765,42.29166667,0.2918992902047558,4.378489353071337
11/27/2019,Tomato,Sandy Loam,7.163090662685593,22.43364898389597,79.24775271125296,10.28107125975055,172.83943979521987,102.59367190518405,63.673990914492414,13.29166667,0.2135775918087951,3.203663877131927
11/28/2019,Tomato,Sandy Loam,6.730169932975366,23.444105277199963,77.57679577117366,11.201140121686253,176.95882823164334,98.32321892812315,50.39366430762827,21.75,0.3783531292657333,5.675296938986
11/29/2019,Tomato,Sandy Loam,6.893984663196877,22.35265857439531,71.83860435196844,9.037407965014864,179.00701957810824,93.3307702699454,64.7128532002273,33.83333333,0.4602807831243302,6.904211746864953
11/30/2019,Tomato,Sandy Loam,6.088861555898909,22.67595903579003,75.59209708131922,7.886668276681662,184.97652673926612,109.72353594567389,59.74032081032479,58.0,0.6990610695706452,10.485916043559678
12/1/2019,Tomato,Sandy Loam,6.5972767833911545,21.008252986661763,72.74315412266871,13.093173756255574,183.0229516976335,106.41698018526257,66.26364294568923,42.29166667,0.6209180679053393,9.31377101858009
12/2/2019,Tomato,Sandy Loam,6.768073946827217,22.097101590585222,79.0124346031939,5.682859837264202,182.41857134956862,95.62954604901839,69.09275304012937,58.0,0.596742853982745,8.951142809741174
12/3/2019,Tomato,Sandy Loam,6.678189351633162,21.416371417052908,76.67160372467377,7.802918611327917,177.0474989321931,91.40137391442379,68.51577098989137,33.83333333,0.3818999572877235,5.728499359315853
12/4/2019,Tomato,Sandy Loam,7.3303874228491335,23.069066041986872,66.635982276549,5.391155788039708,186.8289510616952,91.13251114755116,68.18530086910681,42.29166667,0.773158042467808,11.59737063701712
12/5/2019,Tomato,Sandy Loam,7.296545328985107,22.4370808769272,77.86187116437995,5.13890134966268,179.4257433479633,92.40756299011068,60.24339911867774,33.83333333,0.4770297339185316,7.155446008777975
12/6/2019,Tomato,Sandy Loam,7.441968115753741,21.90527267175069,78.74476828675603,8.533798869322013,189.5820987603031,101.61537167228843,57.20284228277876,33.83333333,0.8832839504121236,13.249259256181857
12/7/2019,Tomato,Sandy Loam,6.8348560120139785,22.403497018115228,72.414043612294,6.94823662444932,182.68284276591473,108.57526842410985,59.30070649461346,21.75,0.6073137106365895,9.109705659548842
12/8/2019,Tomato,Sandy Loam,7.443828260251369,21.62888966385404,82.51571561919408,7.683658548382462,172.52529483129007,99.9348685601197,63.79792006626722,58.0,0.2010117932516022,3.0151768987740333
12/9/2019,Tomato,Sandy Loam,7.1649560000638175,23.775259897458422,81.86028709689926,13.20947157454968,183.52355124150867,106.85890964912394,67.67995553742374,21.75,0.6409420496603472,9.614130744905207
12/10/2019,Tomato,Sandy Loam,6.041664280679918,21.16191789765274,68.50333047799475,6.629800962492213,176.502080308634,98.91773239719616,54.13972606000239,33.83333333,0.3600832123453592,5.401248185180388
12/11/2019,Tomato,Sandy Loam,6.354871339102594,23.59625110588836,83.08532616971738,12.80233367151801,183.72654393372196,104.1716709153565,68.36386316923407,21.75,0.6490617573488779,9.735926360233169
12/12/2019,Tomato,Sandy Loam,5.97678488437802,22.534076366200054,73.81744742990155,11.750506231463635,171.3928229632481,104.63745474573001,66.30360463939778,21.75,0.1557129185299246,2.3356937779488693
12/13/2019,Tomato,Sandy Loam,5.508394321661131,22.85683948841645,79.47499305268587,8.264455251408327,173.4976287435192,93.47927411806677,69.5771203035647,33.83333333,0.2399051497407675,3.5985772461115126
12/14/2019,Tomato,Sandy Loam,5.876097506293817,21.90781686272611,81.28194013934473,10.465561451762875,187.11474517811573,97.22432117951624,67.60503546563375,58.0,0.7845898071246291,11.768847106869435
12/15/2019,Tomato,Sandy Loam,5.508121172573752,23.900092850382965,75.1022484213938,9.444356097745388,174.5435911404703,102.74604313076048,55.59874659383813,33.83333333,0.2817436456188119,4.226154684282179
12/16/2019,Tomato,Sandy Loam,6.93967692270098,21.845552875558468,72.98203878741631,6.283953154976654,186.7408225048588,91.41393216368732,52.11911822688096,58.0,0.769632900194352,11.54449350291528
12/17/2019,Tomato,Sandy Loam,6.351068595442399,22.766633991420914,83.30902737230197,14.071853217341756,175.58552176908822,97.23080375525913,52.244821439831775,13.29166667,0.3234208707635283,4.851313061452925
12/18/2019,Tomato,Sandy Loam,6.125149454155716,23.980250115321386,69.61707105870846,10.6961796758576,182.85763820117415,100.69598932562386,55.82446637156552,33.83333333,0.6143055280469661,9.214582920704492
12/19/2019,Tomato,Sandy Loam,7.023441782190376,23.64328318915034,70.13940155438289,13.80240045795455,183.8830114701966,109.92448986089278,62.28367447969079,13.29166667,0.6553204588078648,9.829806882117971
12/20/2019,Tomato,Sandy Loam,7.16497354923929,22.60898947585832,72.23240628026875,13.238265118132905,180.25309506290105,99.49067125244882,66.08640652194345,33.83333333,0.5101238025160424,7.651857037740636
12/21/2019,Tomato,Sandy Loam,7.45059907729976,23.971123568901636,82.18931555941131,5.797759253094233,176.10621353393464,106.32113514228647,67.9850061396313,33.83333333,0.344248541357385,5.163728120360775
12/22/2019,Tomato,Sandy Loam,6.784027169350482,23.104109585197843,83.77576528426152,7.072706660184524,174.25288752742193,98.64134570133236,62.47506768738465,21.75,0.2701155010968769,4.0517325164531535
12/23/2019,Tomato,Sandy Loam,6.423057917080103,21.626101248425428,69.40135429509724,6.4526111437483085,170.66378709124854,105.92781445239417,50.11262625496107,42.29166667,0.1265514836499409,1.8982722547491149
12/24/2019,Tomato,Sandy Loam,6.110528603214872,22.21678863130742,82.27740295262491,13.307795327869188,176.07892802481447,101.90829603240216,53.72633553037067,13.29166667,0.343157120992579,5.147356814888686
12/25/2019,Tomato,Sandy Loam,5.944636418428453,22.003480002034653,70.16405918937139,13.624466264552025,183.06325581062566,107.73190883004797,51.99452407706736,33.83333333,0.6225302324250264,9.337953486375396
12/26/2019,Tomato,Sandy Loam,5.925851900965203,22.032041124813567,84.41282493499776,10.27971509808366,188.76609636896964,98.2188510470022,57.2664895113802,21.75,0.8506438547587861,12.759657821381792
12/27/2019,Tomato,Sandy Loam,6.3183787494395975,23.281369318079598,76.94815783963165,6.041780725080069,187.42408964526103,102.08608839642957,60.02701987267492,42.29166667,0.7969635858104417,11.954453787156623
12/28/2019,Tomato,Sandy Loam,7.48357271057586,22.75278878181838,65.14172934894765,6.356166185430162,185.32129553070604,102.60037361237654,50.86794357157122,58.0,0.7128518212282421,10.692777318423632
12/29/2019,Tomato,Sandy Loam,5.501707394874806,21.114278134768586,65.68259808142356,13.135488124382674,185.76894686506597,98.34765883600946,56.969559515913105,33.83333333,0.730757874602639,10.961368119039584
12/30/2019,Tomato,Sandy Loam,5.894411794462002,23.63234545095293,67.94969061609417,14.291901365293302,183.2996980695199,92.88624087374963,53.58359349250645,58.0,0.6319879227807962,9.479818841711944
12/31/2019,Tomato,Sandy Loam,5.876785964807148,21.890388421440495,68.75146315637514,6.994756851106567,175.20573715132005,91.87118813824671,62.941403325177475,33.83333333,0.3082294860528024,4.6234422907920365
1/1/2020,Tomato,Sandy Loam,6.934238971064585,23.99122463073943,80.35238245653193,5.11137576472173,188.1439006141166,90.33343101199266,59.2854473864868,42.29166667,0.8257560245646639,12.38634036846996
1/2/2020,Tomato,Sandy Loam,6.204969455196124,23.862572191004357,69.455317528339,8.309529051507779,183.4146462381167,107.47068528490429,59.906352938678175,33.83333333,0.6365858495246672,9.548787742870008
1/3/2020,Tomato,Sandy Loam,6.414521609183641,23.821592150045895,84.38283240099719,5.3049938964788135,181.2088126196088,94.7294982447739,58.55383576066922,58.0,0.5483525047843519,8.225287571765278
1/4/2020,Tomato,Sandy Loam,5.79724826093981,23.433382812191923,77.72224114405877,13.27974916078038,172.21978938426963,94.23013498563536,69.12039420973134,13.29166667,0.1887915753707848,2.831873630561773
1/5/2020,Tomato,Sandy Loam,6.309994077753895,21.661839995050627,78.85035018507035,9.915122572262517,178.9411108761285,104.72070800852131,54.294702502431264,21.75,0.4576444350451404,6.864666525677106
1/6/2020,Tomato,Sandy Loam,5.706399623811672,22.597898232086347,69.35633038570415,11.418607787630195,179.20716542403852,96.40032226174783,60.33328519687748,58.0,0.468286616961541,7.024299254423116
1/7/2020,Tomato,Sandy Loam,6.566086575777167,21.672907880474924,82.8541262819017,9.114848761365424,187.2912721904534,100.12089384823673,64.72034736730672,42.29166667,0.791650887618136,11.87476331427204
1/8/2020,Tomato,Sandy Loam,5.695876730765712,21.779026366766846,78.35629145639862,8.455075470124818,180.93296440375576,93.25022130594913,61.13688826269125,33.83333333,0.5373185761502308,8.059778642253463
1/9/2020,Tomato,Sandy Loam,7.081016762346312,22.832855308308833,82.28811248683728,7.222004130760848,177.6080109794082,109.19491442923939,68.58041771433602,21.75,0.4043204391763277,6.064806587644917
1/10/2020,Tomato,Sandy Loam,6.633203435080979,21.12250063605919,84.12962194462455,12.705325470381457,189.53600657021317,107.03162800034474,57.55936711282568,33.83333333,0.8814402628085275,13.221603942127912
1/11/2020,Tomato,Sandy Loam,6.947935747547033,23.908375700462123,67.51281954219193,11.955475844155291,172.21441186652632,107.27579245930006,59.273516115463565,42.29166667,0.1885764746610525,2.828647119915788
1/12/2020,Tomato,Sandy Loam,6.337032773305368,23.756019517733893,66.93174460537891,8.607289844960862,178.45096856623888,98.1354749714401,51.770446304294566,42.29166667,0.4380387426495556,6.570581139743335
1/13/2020,Tomato,Sandy Loam,6.262982586484455,22.14230271647316,81.06815653179271,8.21116134299183,170.8404935034281,105.24722427414346,62.17998222103857,21.75,0.1336197401371242,2.0042961020568635
1/14/2020,Tomato,Sandy Loam,5.696417778097727,22.54626734402074,82.3225211818834,5.01242878648679,184.7980824153386,92.8775231077956,55.76423936896212,13.29166667,0.6919232966135442,10.378849449203164
1/15/2020,Tomato,Sandy Loam,6.547711214085645,22.398358257803277,76.67522841755971,5.635521300454725,188.361531043983,90.1723800518356,53.20618079031138,33.83333333,0.8344612417593206,12.516918626389808
1/16/2020,Tomato,Sandy Loam,6.5290043297141835,23.646599335852407,72.32001095501042,11.232555248926348,175.6007465910098,90.39945865156056,60.89062585809016,21.75,0.3240298636403915,4.860447954605873
1/17/2020,Tomato,Sandy Loam,6.436204088899211,23.065805628948333,78.05259272150448,10.146073102354617,187.16683353598242,101.73203474809121,60.64620526759821,42.29166667,0.7866733414392967,11.80010012158945
1/18/2020,Tomato,Sandy Loam,6.981036729364899,21.83433374227307,71.11328145184915,9.348032044850225,175.84436460923794,99.10789810495882,51.51743282448095,13.29166667,0.3337745843695182,5.006618765542774
1/19/2020,Tomato,Sandy Loam,7.165008800064709,22.34052376339589,69.76771384306936,13.275022408016584,188.21540323287832,100.3603069781704,63.96430906988945,33.83333333,0.8286161293151322,12.429241939726982
1/20/2020,Tomato,Sandy Loam,7.001579349897016,22.28689792706029,74.76290419054531,10.038982044028463,185.0792380719357,90.14926280834439,62.47544381301706,58.0,0.7031695228774272,10.547542843161407
1/21/2020,Tomato,Sandy Loam,5.787731485613688,23.878005504851757,69.32307655212759,8.8449358140732,186.09813553682878,98.45373239314851,53.780345654929945,58.0,0.7439254214731509,11.158881322097264
1/22/2020,Tomato,Sandy Loam,6.744119018564216,21.525932731543918,74.67407216630346,6.61256347524985,170.3601311120091,104.36136322401721,59.38869724308088,33.83333333,0.1144052444803636,1.716078667205454
1/23/2020,Tomato,Sandy Loam,5.660646211379067,21.268729011883288,84.13213010927144,13.206880082146192,189.25620714148053,98.85387403934871,64.4064583295712,33.83333333,0.8702482856592207,13.053724284888313
1/24/2020,Tomato,Sandy Loam,6.889244574880953,23.64185649648507,81.7956807123478,10.762482501211878,184.53341984140647,104.64438412624445,60.58871481082553,58.0,0.6813367936562587,10.22005190484388
1/25/2020,Tomato,Sandy Loam,6.263678193122253,23.690057968517614,83.83261839000045,5.924599659227573,176.09502190772267,94.66037928793669,57.909781523671406,33.83333333,0.3438008763089066,5.1570131446336
1/26/2020,Tomato,Sandy Loam,5.764997912532573,23.615217263736493,81.12657949694717,11.488983979970758,186.58789329717695,106.26284008963451,56.446769161618874,42.29166667,0.7635157318870776,11.452735978306164
1/27/2020,Tomato,Sandy Loam,7.224101713952256,22.53293074687667,72.09501871892553,9.2507074548841,175.6304239682986,101.76862480906905,62.20787733288107,58.0,0.325216958731944,4.87825438097916
1/28/2020,Tomato,Sandy Loam,6.728016678077875,22.97923328480838,81.24090477103118,13.113862235879958,187.45507679132257,94.21526198859813,68.78217396620481,33.83333333,0.7982030716529024,11.973046074793537
1/29/2020,Tomato,Sandy Loam,6.209449935895055,22.69008914268295,83.45831487106429,14.189145969959965,172.25160780823873,94.73440951707666,63.43489680954967,42.29166667,0.1900643123295496,2.850964684943244
1/30/2020,Tomato,Sandy Loam,5.561454359300999,21.208343478163204,83.94071575674108,11.00465813176246,184.07371954921592,102.56060929139073,51.49491807272631,42.29166667,0.6629487819686366,9.944231729529548
1/31/2020,Tomato,Sandy Loam,6.574620518007221,22.787504690702168,78.66395701369994,12.316128193133665,180.8139695328982,106.59879186424887,59.21369946964268,13.29166667,0.5325587813159283,7.988381719738924
2/1/2020,Tomato,Sandy Loam,7.346451756972465,21.0408424417683,69.22733287630226,5.565908476021657,171.93068940390881,98.3125556405831,67.81648263021255,13.29166667,0.1772275761563526,2.6584136423452898
2/2/2020,Tomato,Sandy Loam,6.692759665404731,21.97496222867126,65.79458306729381,10.602554550011572,174.83787656517677,95.16600858255184,51.88924851602174,42.29166667,0.2935150626070711,4.402725939106068
2/3/2020,Tomato,Sandy Loam,7.443301209238986,23.796877727619503,67.94400456320311,12.553399783554742,170.2480807255463,107.340232138212,69.77751424275087,13.29166667,0.1099232290218518,1.6488484353277777
2/4/2020,Tomato,Sandy Loam,5.772902236540917,21.912135808907422,84.31093835787891,9.967621494781037,179.3753593092901,103.3853658350167,68.98138787290843,58.0,0.4750143723716047,7.125215585574071
2/5/2020,Tomato,Sandy Loam,6.636610209189674,23.819479927932743,74.24193648385538,10.935500895043372,176.0253052152,98.96170974566152,51.56548961459752,42.29166667,0.3410122086080003,5.1151831291200045
2/6/2020,Tomato,Sandy Loam,7.096250096012859,21.750401871447732,82.09972029664115,13.989481855810444,181.96714968595518,99.75800390558604,68.6682664089911,13.29166667,0.5786859874382071,8.680289811573106
2/7/2020,Tomato,Sandy Loam,6.551081462251433,21.943686721384598,74.30088307116583,6.980995720311994,175.94475615417235,94.08512935872793,57.26265180518924,58.0,0.3377902461668938,5.066853692503407
2/8/2020,Tomato,Sandy Loam,5.682132711974945,22.88522248931566,78.21635166919678,5.982465075519119,175.9983822301397,102.53605260129687,66.89418334151725,42.29166667,0.3399352892055878,5.099029338083817
2/9/2020,Tomato,Sandy Loam,6.665772003094435,23.284880918367882,65.48281554244667,11.90643613139501,184.86386397463207,97.17485021085777,58.36766675426543,58.0,0.6945545589852827,10.41831838477924
2/10/2020,Tomato,Sandy Loam,6.723475811684944,22.504163304014654,69.99729885438734,13.22848905522444,170.96285671956707,109.91290353348698,58.81710225405032,33.83333333,0.1385142687826827,2.077714031740242
2/11/2020,Tomato,Sandy Loam,6.957418496950705,23.646347061582468,73.72538560085178,13.504901885825635,188.05789990383974,99.60367030523776,62.684861819550854,13.29166667,0.8223159961535899,12.334739942303848
2/12/2020,Tomato,Sandy Loam,7.022423030330948,21.120721264831857,77.61262094308327,11.416444970912202,187.04527748782363,99.71771212379227,65.48954838551967,58.0,0.7818110995129451,11.727166492694176
2/13/2020,Tomato,Sandy Loam,7.041545376421214,23.766584515903112,68.43042376106357,13.332134181708032,183.35609366452812,101.31703574821344,50.67578301896497,42.29166667,0.6342437465811253,9.51365619871688
2/14/2020,Tomato,Sandy Loam,6.826888787277932,21.588923399686223,80.2910292854098,12.006642057232902,181.8644314021477,108.33512006237493,61.863119910542686,21.75,0.5745772560859075,8.618658841288612
2/15/2020,Tomato,Sandy Loam,5.9316223728373165,23.65271623525397,72.28809412272474,5.873769159067908,187.84604996279305,106.016361997195,53.73465988194742,13.29166667,0.8138419985117218,12.207629977675827
2/16/2020,Tomato,Sandy Loam,6.308471511678959,22.20258953845914,81.34870538467769,12.62043507884988,173.70660359057428,99.02260139595683,56.91899035726406,21.75,0.2482641436229715,3.723962154344573
2/17/2020,Tomato,Sandy Loam,7.052259945228798,23.49827116761311,66.95938180790135,6.793596895503296,171.57938324381658,104.37398531945593,56.95937332310433,13.29166667,0.1631753297526629,2.447629946289944
2/18/2020,Tomato,Sandy Loam,7.406853966801626,23.014996649411085,78.59513175364744,7.366093425909728,174.79020339819076,101.72470997561524,59.38120680442307,21.75,0.2916081359276304,4.374122038914457
2/19/2020,Tomato,Sandy Loam,5.657893929673244,21.527824897434787,70.8665666641302,8.94650626998665,185.8915655740038,99.84734097402497,56.68272823752347,58.0,0.7356626229601523,11.034939344402284
2/20/2020,Tomato,Sandy Loam,6.57107335559439,23.754142709644345,80.90766348245236,8.145670663263369,170.69340533452967,93.846315455687,52.147222369013356,42.29166667,0.1277362133811866,1.9160432007178003
2/21/2020,Tomato,Sandy Loam,6.125044542648613,21.73655217146538,73.04340854084822,8.216517383029121,181.6561367016698,99.27872526909782,52.91257477050903,58.0,0.5662454680667918,8.493682021001877
2/22/2020,Tomato,Sandy Loam,5.95078778863366,21.732420356084997,78.30699264527132,6.692595242040458,189.9087503238262,94.9163717404515,50.66875971122195,42.29166667,0.896350012953048,13.44525019429572
2/23/2020,Tomato,Sandy Loam,6.51162136703943,23.442536689912142,83.68610537272947,7.938710471095444,187.1139218767508,108.2968429970331,59.404981706575086,58.0,0.7845568750700316,11.768353126050474
2/24/2020,Tomato,Sandy Loam,6.712178681113073,21.317619766717563,65.41253264027529,5.196625899758818,180.4289137808718,96.70813626992694,69.08895389705977,13.29166667,0.5171565512348716,7.7573482685230735
2/25/2020,Tomato,Sandy Loam,5.5195444628389625,21.66610771911138,65.22233564668747,9.72910946688326,171.27281818573286,109.04528029066745,52.31350447296233,42.29166667,0.1509127274293139,2.263690911439708
2/26/2020,Tomato,Sandy Loam,7.060413144402382,22.511032720263188,80.40558504353427,12.685909587698069,186.6274702877142,100.66110580189422,68.92528986006164,33.83333333,0.7650988115085678,11.476482172628518
2/27/2020,Tomato,Sandy Loam,7.139764262518895,23.491431086059873,77.92786103016157,13.622473692248397,181.97957016354422,102.63088757352321,64.66723029464187,21.75,0.5791828065417685,8.687742098126527
2/28/2020,Tomato,Sandy Loam,7.431021649135866,21.442451924211802,70.85959441008865,13.204285589594384,172.29865994119135,100.85880888978656,62.74997605868326,33.83333333,0.1919463976476534,2.879195964714802
2/29/2020,Tomato,Sandy Loam,5.86128746644939,22.643004703537038,74.88793405548525,9.164577189951132,171.87714569646712,92.58761233933402,62.905555106471255,13.29166667,0.1750858278586849,2.626287417880275
3/1/2020,Tomato,Sandy Loam,6.6891051247218964,23.13372177540882,65.83871331197737,12.304264811638562,188.19253638873184,97.51642438015882,66.53455296792563,13.29166667,0.827701455549274,12.41552183323911
3/2/2020,Tomato,Sandy Loam,6.353250746952789,23.581785674147852,68.84891210722482,7.878907740952124,183.38400525876156,91.98292224555247,52.138397287596426,13.29166667,0.6353602103504628,9.53040315525694
3/3/2020,Tomato,Sandy Loam,6.169655703110701,23.80669668060666,73.48992749054335,5.55562472717618,186.58573598633512,102.45908088366764,60.095086471310836,42.29166667,0.7634294394534045,11.451441591801068
3/4/2020,Tomato,Sandy Loam,6.6312669028750095,23.3539197434068,81.68088832442965,11.759715253912669,187.57957800564535,98.93748390400879,63.94182276521517,42.29166667,0.8031831202258138,12.047746803387207
3/5/2020,Tomato,Sandy Loam,7.0647661864471,22.958485194666004,74.5933436572017,11.48796164736406,181.43544704096644,105.55969943141874,61.73640890147127,33.83333333,0.5574178816386578,8.361268224579867
3/6/2020,Tomato,Sandy Loam,5.54610556689042,22.300860255938296,76.72725009051958,13.016293954628756,180.34892703510081,94.4094096199874,66.6555814204659,42.29166667,0.5139570814040331,7.709356221060496
3/7/2020,Tomato,Sandy Loam,7.438800225132374,21.336330462565257,82.47507583987561,11.161062067028798,178.6085482064198,93.2913211685867,51.44543418022703,21.75,0.4443419282567922,6.665128923851883
3/8/2020,Tomato,Sandy Loam,7.119763171411422,23.129211577576562,71.17637827177691,6.568916249739164,176.3389317558224,98.12664461927535,63.81402078998332,21.75,0.3535572702328954,5.303359053493431
3/9/2020,Tomato,Sandy Loam,7.002307407291157,23.97821191342646,79.01398642204111,13.531623920501982,178.69191921717425,108.53170766436762,60.680554607694354,13.29166667,0.4476767686869695,6.715151530304542
3/10/2020,Tomato,Sandy Loam,7.020774764361007,23.2102817841963,82.23334517356507,11.272527880187008,185.47759311460314,104.20843630024824,57.58321727959887,33.83333333,0.7191037245841251,10.786555868761877
3/11/2020,Tomato,Sandy Loam,6.278121419237305,21.050133281213178,69.05231401392354,13.07609699035004,182.03846862030264,98.37847249585838,56.805499644680616,33.83333333,0.5815387448121053,8.72308117218158
3/12/2020,Tomato,Sandy Loam,7.003241101689627,22.488779934125517,72.12956330295665,12.741071203760407,187.85046579909692,100.3454433950862,62.41665265548386,58.0,0.8140186319638769,12.210279479458151
3/13/2020,Tomato,Sandy Loam,6.273540417205915,22.843939897448713,84.5962034777871,7.978644872250884,178.86760028758374,91.68426022354197,67.81990749288529,21.75,0.4547040115033501,6.820560172550253
3/14/2020,Tomato,Sandy Loam,7.297413659149586,23.06902260330853,84.66437129592421,5.745529748520523,182.14179157437508,109.69151792752226,59.923518522022306,42.29166667,0.5856716629750033,8.78507494462505
3/15/2020,Tomato,Sandy Loam,5.854444766612939,23.159177506802127,69.46459860587876,6.765044090895849,182.62615106183978,103.32814609389838,66.4944632815384,13.29166667,0.605046042473591,9.075690637103865
3/16/2020,Tomato,Sandy Loam,6.084694848430303,22.674325323649573,66.32891677785256,5.928623343132507,181.83394324612652,95.70808136926846,58.04312763687935,13.29166667,0.5733577298450604,8.600365947675906
3/17/2020,Tomato,Sandy Loam,6.602675085398152,21.67008099820272,70.41843222620106,7.434124320801364,184.05267546171032,101.7161678843049,52.04788925586353,42.29166667,0.662107018468413,9.931605277026197
3/18/2020,Tomato,Sandy Loam,6.138422071774545,23.82660198442964,72.95463914607375,9.59532273025993,174.74866936749612,92.18964732137988,51.23011472917277,33.83333333,0.289946774699845,4.349201620497675
3/19/2020,Tomato,Sandy Loam,6.348474490590547,23.089999402990987,73.82011201862328,14.068106049812828,180.24727555091582,109.31673337615167,51.02668742647355,33.83333333,0.5098910220366325,7.648365330549487
3/20/2020,Tomato,Sandy Loam,6.484845378797189,21.71052011060823,77.37612614660847,13.720187559206346,172.08449605616696,93.49569975766732,57.6030028391534,13.29166667,0.1833798422466781,2.750697633700172
3/21/2020,Tomato,Sandy Loam,7.212706697627017,21.96696549681082,82.99005520263093,12.18599815095728,177.69022655289626,102.96060636110428,56.74475501671684,21.75,0.40760906211585,6.11413593173775
3/22/2020,Tomato,Sandy Loam,6.546384507217386,23.76578301189111,71.60696023814324,5.24112359547826,179.7533413724253,94.9090892507786,64.35874047245139,58.0,0.4901336548970115,7.352004823455173
3/23/2020,Tomato,Sandy Loam,6.2249196972291205,23.66245556012201,81.99969070998416,8.413892013205535,183.04448519090946,104.35122765297072,64.85643003169731,33.83333333,0.621779407636378,9.32669111454567
3/24/2020,Tomato,Sandy Loam,5.995472328070232,22.21543931507427,66.86957841853254,11.8234842648452,189.01062105172406,105.53642734480562,51.01707937667479,58.0,0.8604248420689629,12.906372631034444
3/25/2020,Tomato,Sandy Loam,6.317351957584394,21.114921665974354,65.8374939794643,6.290288968390684,182.01302133096712,103.46839457822865,54.4224652577803,13.29166667,0.5805208532386847,8.707812798580271
3/26/2020,Tomato,Sandy Loam,6.53147220882874,21.145492106681814,75.08090366246923,13.010878500159087,184.8718783235312,102.28998920510385,55.48523700317799,13.29166667,0.6948751329412478,10.423126994118718
3/27/2020,Tomato,Sandy Loam,6.992229714406473,21.851754872755166,66.1932444666121,14.145736799875936,180.12532118990404,107.84938187904024,60.95223968285619,58.0,0.5050128475961623,7.575192713942434
3/28/2020,Tomato,Sandy Loam,5.742097552344678,22.887366658016997,72.84979602468461,8.541044466378255,182.68208062752663,91.57253421979516,52.89030447813901,21.75,0.607283225101065,9.109248376515977
3/29/2020,Tomato,Sandy Loam,5.943218376478302,22.752583906003686,82.93556233738468,12.058430618638331,171.41864432267548,96.6182953156039,52.67882438800001,42.29166667,0.1567457729070187,2.351186593605281
3/30/2020,Tomato,Sandy Loam,6.259308031737346,22.90148336083183,69.82966072414946,6.482041326687133,175.08783161683695,94.96574959261692,68.87577778415917,13.29166667,0.3035132646734776,4.552698970102164
3/31/2020,Tomato,Sandy Loam,6.22079681023903,23.15184891579632,79.11951550249806,11.90816449113027,177.23706186410277,109.76027924130844,66.08405814595562,21.75,0.389482474564111,5.842237118461665
4/1/2020,Tomato,Sandy Loam,6.2834961752104235,21.057096760778215,71.04730784780133,5.214554122870433,179.44986710013026,97.78779559333746,53.613098041823406,42.29166667,0.4779946840052108,7.169920260078163
4/2/2020,Tomato,Sandy Loam,7.087042529280649,21.315256785517327,65.89840110484272,6.507715068111009,170.91297491004767,104.65225398480797,58.13135615810982,58.0,0.136518996401907,2.0477849460286053
4/3/2020,Tomato,Sandy Loam,6.148308805924346,22.07845035548164,76.13381162820619,12.0988144660867,172.80048195106636,103.69450327762009,57.11243998515131,21.75,0.2120192780426541,3.1802891706398126
4/4/2020,Tomato,Sandy Loam,6.503796360805329,21.464579992564744,81.69706981073503,12.11850222876306,175.5362861558261,94.24162474954755,65.82008148130815,21.75,0.3214514462330446,4.82177169349567
4/5/2020,Tomato,Sandy Loam,6.747814065715793,21.225960127633662,73.18936896685238,11.41162705845177,189.43065381802103,94.77995360423103,60.20425832956244,58.0,0.8772261527208406,13.158392290812609
4/6/2020,Tomato,Sandy Loam,5.96435710036721,22.922893187991995,77.34587652916174,9.773640243842031,176.62694014206102,95.62569127106069,52.55699473986934,42.29166667,0.3650776056824406,5.47616408523661
4/7/2020,Tomato,Sandy Loam,6.9373907742950776,23.446009432473296,83.00047195315452,11.74908091171945,179.64082116224165,98.22254556518759,64.77984126312488,58.0,0.4856328464896661,7.284492697344992
4/8/2020,Tomato,Sandy Loam,6.594222639476562,23.25787997230285,80.79389025473975,12.738007982887884,173.92195425476785,94.68650131301054,57.93775956449838,33.83333333,0.2568781701907143,3.8531725528607152
4/9/2020,Tomato,Sandy Loam,6.3935623260627565,23.45111933582754,68.87752798785638,14.664816590367437,182.21560142151537,90.39302965493695,55.258484952642945,58.0,0.5886240568606146,8.829360852909218
4/10/2020,Tomato,Sandy Loam,7.119568053476628,22.997569632173633,79.66767918730011,13.88641031548605,175.61366431031948,107.58786113614391,57.5099724404144,21.75,0.3245465724127794,4.868198586191692
4/11/2020,Tomato,Sandy Loam,5.986990518370364,23.206035965442606,75.03786050320304,12.945342025661246,174.13985156876853,109.31219662761768,59.955131272137926,58.0,0.2655940627507414,3.983910941261121
4/12/2020,Tomato,Sandy Loam,7.266351941228646,21.815336322624905,79.91933615772169,11.947575167143729,180.3314525689196,96.83140774063136,56.862310328340186,42.29166667,0.5132581027567833,7.69887154135175
4/13/2020,Tomato,Sandy Loam,6.622097470733408,23.979024108852492,74.89031101044436,10.741555454323672,170.1101159832084,96.77013758850946,54.83811545183516,33.83333333,0.1044046393283366,1.56606958992505
4/14/2020,Tomato,Sandy Loam,6.718349758759317,21.549496963481662,67.55916328216605,6.2060882335191625,170.1532806529845,90.14183625548742,57.970040576079604,33.83333333,0.1061312261193802,1.591968391790704
4/15/2020,Tomato,Sandy Loam,7.250117928337886,21.643481623168146,76.39818893378478,6.655568420983929,174.38137618203714,103.60501376660748,50.383458214997965,42.29166667,0.2752550472814862,4.128825709222293
4/16/2020,Tomato,Sandy Loam,7.135165375698672,21.86676549544754,74.8426798479468,13.202795606708994,170.7344272500164,106.50879791497258,65.44995692192627,21.75,0.1293770900006569,1.9406563500098537
4/17/2020,Tomato,Sandy Loam,6.703124137643801,23.925997290319735,75.35843467282884,13.033129122072204,172.16051508261384,92.93216600720007,53.41889787135172,13.29166667,0.1864206033045531,2.796309049568297
4/18/2020,Tomato,Sandy Loam,7.006375407696348,23.964865768061717,82.57804907291741,11.144589259733628,176.77721298677503,93.19332698734301,50.87809227261275,58.0,0.3710885194710013,5.566327792065019
4/19/2020,Tomato,Sandy Loam,6.366638980465794,23.38468124911949,82.89674093412503,9.388401327161535,186.05171359159627,105.80166499942875,63.07397385810158,21.75,0.7420685436638503,11.131028154957756
4/20/2020,Tomato,Sandy Loam,6.594755506999492,22.8871727956789,74.07074213531436,5.260326498236056,181.44097286738602,102.32581496708289,65.47872257647344,21.75,0.5576389146954407,8.364583720431611
4/21/2020,Tomato,Sandy Loam,5.624140273417022,22.56018772555384,74.11464082560177,8.271769425285438,180.25335451912832,90.89721115255433,66.27658263185687,13.29166667,0.5101341807651332,7.652012711476997
4/22/2020,Tomato,Sandy Loam,5.679715836000094,23.911862537060536,75.30373917745231,9.206396575653178,175.86977646416244,102.45093980924564,59.870183653211996,33.83333333,0.3347910585664973,5.02186587849746
4/23/2020,Tomato,Sandy Loam,7.158850808372664,23.08686840857474,75.39178556668514,9.858162861734206,188.63507438865634,96.17835445687533,54.107363693799705,33.83333333,0.8454029755462531,12.681044633193796
4/24/2020,Tomato,Sandy Loam,5.619343311364993,23.83419038497809,84.00774288358225,14.293245985612092,177.94030082474384,97.37450310941692,64.74455354499653,13.29166667,0.4176120329897533,6.2641804948463005
4/25/2020,Tomato,Sandy Loam,5.838798251265215,21.94965239843287,77.98800934754988,6.0870939980014285,171.74185533591543,105.3946283659376,63.99426154308674,21.75,0.1696742134366172,2.545113201549258
4/26/2020,Tomato,Sandy Loam,7.091665317900883,22.001324376808697,70.54913989775888,10.188669197797704,182.34133032235601,106.21870385345221,54.92541468206346,33.83333333,0.593653212894241,8.904798193413615
4/27/2020,Tomato,Sandy Loam,5.502291901256513,23.564173782355308,75.6307359390798,8.679222969582797,172.27676786953202,98.00713253679662,68.06815511725586,58.0,0.1910707147812811,2.866060721719217
4/28/2020,Tomato,Sandy Loam,6.064808657691729,21.449564761755884,77.54447165815967,14.900981192160517,176.90446285603383,108.9430587201271,52.08742916165658,13.29166667,0.3761785142413537,5.642677713620306
4/29/2020,Tomato,Sandy Loam,6.668077315653243,23.83778358388823,77.79543442027929,13.618640162829053,180.14823877435617,98.12925435904144,69.65376479182652,21.75,0.5059295509742471,7.588943264613706
4/30/2020,Tomato,Sandy Loam,6.690899862938593,22.52242306399022,76.70508452476365,9.387858542389209,187.48445049370352,105.4367207046022,67.20495621954929,21.75,0.7993780197481407,11.990670296222111
5/1/2020,Tomato,Sandy Loam,7.054305816458947,23.77924163575109,68.55472309243075,14.996956093547604,179.87093160680237,99.67754529128518,63.757972909581504,33.83333333,0.4948372642720949,7.422558964081424
5/2/2020,Tomato,Sandy Loam,6.511852508984341,22.010378366177438,65.67186378159015,10.140632464714963,184.0451753206333,107.95064653044167,68.77499776559665,58.0,0.6618070128253314,9.92710519237997
5/3/2020,Tomato,Sandy Loam,6.518803739061941,23.147876712418192,71.75686104733708,6.671177965914007,189.8563367799814,108.15522487300358,64.44622336647416,13.29166667,0.8942534711992564,13.413802067988843
5/4/2020,Tomato,Sandy Loam,6.950621151081401,22.44862536591807,73.55044309120507,10.558746918267143,172.62978239795964,91.74833615742168,53.80913994060092,58.0,0.2051912959183853,3.0778694387757795
5/5/2020,Tomato,Sandy Loam,6.497248926532567,22.88041089073642,66.23608479152173,7.262057658036466,175.49463051039038,108.72986662620451,58.843122762256236,21.75,0.3197852204156156,4.796778306234234
5/6/2020,Tomato,Sandy Loam,6.716982173127233,22.513117479417456,81.29934676039693,11.36312840076252,177.89152151195293,106.5106968304083,51.430060486632705,58.0,0.4156608604781171,6.234912907171757
5/7/2020,Tomato,Sandy Loam,7.295548136510102,23.901346852114084,71.88154875020547,14.374401748839256,178.43656357077663,105.82621428625333,57.793148445762306,33.83333333,0.4374625428310651,6.561938142465976
5/8/2020,Tomato,Sandy Loam,6.302902015224744,23.076316193441752,83.27265492357009,12.861985768350284,178.22042150531092,94.01822679371045,64.83206039474418,42.29166667,0.4288168602124366,6.432252903186549
5/9/2020,Tomato,Sandy Loam,6.270250141838444,21.753956905878947,68.0882021568453,7.731636904190552,188.1522200511311,106.1023841750933,57.72886701861635,42.29166667,0.8260888020452439,12.391332030678658
5/10/2020,Tomato,Sandy Loam,5.507097983729542,23.729030765715255,66.13869913874626,7.968586249660071,184.28065288933712,107.00265469370073,56.605883509362684,33.83333333,0.6712261155734851,10.068391733602276
5/11/2020,Tomato,Sandy Loam,6.726852523042464,21.882089214465314,74.64632208772643,5.69288203090312,182.15810428181408,95.78300668908302,61.90711445020624,58.0,0.586324171272563,8.794862569088444
5/12/2020,Tomato,Sandy Loam,5.559543814814264,22.11481529790257,68.78258673651413,7.858678356462773,176.18745435725563,109.04520156724648,67.4440905799779,21.75,0.3474981742902256,5.212472614353385
5/13/2020,Tomato,Sandy Loam,6.508296979456633,21.30637109406064,83.74798551155723,5.926247996778172,186.4758076844259,90.99720292798328,50.95166385092225,21.75,0.7590323073770358,11.385484610655537
5/14/2020,Tomato,Sandy Loam,7.108467578064453,23.699899559388573,65.20606796907478,9.994487193256427,189.10121022969977,92.99818506494279,57.70940869399471,33.83333333,0.8640484091879912,12.960726137819869
5/15/2020,Tomato,Sandy Loam,6.599842141039327,21.858336069683588,73.2523935011807,12.083470794982576,186.42396565100452,100.75162276103029,53.164814836305254,21.75,0.7569586260401813,11.35437939060272
5/16/2020,Tomato,Sandy Loam,6.039272330433352,21.776752853794147,83.53495542690337,12.511811614991585,170.03130210382946,101.5158494224462,63.90708501463739,33.83333333,0.1012520841531783,1.5187812622976749
5/17/2020,Tomato,Sandy Loam,7.072336842898743,23.76078779398486,72.68836413459536,5.595292322481791,182.72802740366814,102.90300166601807,52.114491208622695,13.29166667,0.6091210961467256,9.136816442200884
5/18/2020,Tomato,Sandy Loam,6.0394340081650775,23.4165805872151,66.86218561200921,8.39955898238202,171.02270762884203,90.33938258630933,63.296155171604894,42.29166667,0.1409083051536805,2.1136245773052087
5/19/2020,Tomato,Sandy Loam,6.966063561891797,21.423236764558123,71.05789885723574,7.881717665474337,175.15214440667444,109.20733549244261,55.723617415958145,33.83333333,0.3060857762669775,4.591286644004663
5/20/2020,Tomato,Sandy Loam,6.7205169103804625,23.30797351171104,74.96020787668867,6.043003229873346,171.19049400695545,90.89176185468288,53.97833627474449,13.29166667,0.1476197602782173,2.21429640417326
5/21/2020,Tomato,Sandy Loam,5.839992593496002,23.73909929416137,68.70303374686667,8.624713109320057,182.07590905898775,92.86123905446804,68.72705115649971,13.29166667,0.5830363623595102,8.745545435392653
5/22/2020,Tomato,Sandy Loam,7.3102677496883715,21.23553365463223,74.33123410286524,7.993201091392361,183.73179826985213,90.28029035052114,50.37049153491912,13.29166667,0.6492719307940854,9.73907896191128
5/23/2020,Tomato,Sandy Loam,5.901287365914391,23.475644984713718,81.72686391571675,11.344992293392767,172.2897527613181,101.33716866588189,58.75554543779138,21.75,0.1915901104527241,2.873851656790862
5/24/2020,Tomato,Sandy Loam,7.47917414828134,22.64226015561917,82.45235940393226,13.83302663733713,177.6767776608996,108.64533767841945,50.43253984923587,58.0,0.4070711064359836,6.106066596539755
5/25/2020,Tomato,Sandy Loam,5.514620977309882,23.007592348136402,65.98521469421465,9.548417208732156,179.12473017911083,103.31894332160928,59.67186096208658,58.0,0.4649892071644336,6.974838107466504
5/26/2020,Tomato,Sandy Loam,6.026966754285806,22.478563016714812,68.21806716105147,12.466651727668186,177.38106043521833,106.45314936960855,60.02094755588836,21.75,0.3952424174087333,5.928636261131
5/27/2020,Tomato,Sandy Loam,5.8997205945483975,23.093409254715837,70.50580271533609,6.460103671106743,172.42050000970386,90.26562406917161,56.43324942789494,13.29166667,0.1968200003881544,2.952300005822317
5/28/2020,Tomato,Sandy Loam,5.527986820340925,21.10229358500026,76.89731701775203,13.949663786438649,178.3789558037495,100.84030596959452,52.64323555050047,58.0,0.4351582321499804,6.527373482249706
5/29/2020,Tomato,Sandy Loam,6.964735800294632,23.288120169669853,72.21989517584935,6.525947382150923,185.02356095616835,99.19125955011043,57.52775075468951,33.83333333,0.7009424382467345,10.514136573701018
5/30/2020,Tomato,Sandy Loam,6.886851604199192,21.100031093576874,81.8808182689215,6.921011805993893,171.4201532906651,99.97935888441586,63.445258798651324,33.83333333,0.1568061316266044,2.352091974399066
5/31/2020,Tomato,Sandy Loam,7.084701928709861,22.36589954324203,79.33343736565875,6.064638035876765,171.60360028163808,91.44426370670377,65.64791617288918,21.75,0.1641440112655227,2.4621601689828414
6/1/2020,Tomato,Sandy Loam,6.0133970929291305,21.452894979390884,67.00912046227016,8.096795015205364,177.0954258367197,103.68870722138615,60.615012047762846,13.29166667,0.3838170334687873,5.757255502031811
6/2/2020,Tomato,Sandy Loam,6.38867033416594,23.470722832053923,77.49115005024183,10.52410446715526,188.8345142323785,100.06440829717269,61.79668788879511,58.0,0.8533805692951401,12.8007085394271
6/3/2020,Tomato,Sandy Loam,6.818227043243095,21.940982727527008,67.26025250693957,14.879941114063268,183.3714529344583,105.30297699722527,54.01232742249305,13.29166667,0.6348581173783312,9.522871760674969
6/4/2020,Tomato,Sandy Loam,6.379537007776287,22.362280633812997,70.1007133927292,12.93368034657544,183.5733991334513,99.7058126812343,55.746606664552985,13.29166667,0.6429359653380519,9.644039480070775
6/5/2020,Tomato,Sandy Loam,6.894651540635832,22.286252223894934,68.55741267068456,8.80435802891982,177.2383998167573,92.98763272452864,53.237912201047166,21.75,0.389535992670292,5.8430398900543805
6/6/2020,Tomato,Sandy Loam,6.767946816880884,23.31750589705412,68.4612389840141,10.758460579035704,181.87321582417076,102.96513908155644,54.985907000092226,33.83333333,0.5749286329668307,8.62392949450246
6/7/2020,Tomato,Sandy Loam,5.729295606044353,22.443433079387926,77.32791049553718,11.233080309392076,170.20262368055486,93.44772724210333,54.49773560451064,58.0,0.1081049472221947,1.6215742083329208
6/8/2020,Tomato,Sandy Loam,7.062086242153936,23.366875005031037,76.27209845108322,13.227272212473473,182.72192092819085,107.4478912670963,60.38897572782475,33.83333333,0.6088768371276337,9.133152556914506
6/9/2020,Tomato,Sandy Loam,6.941352718185037,21.220524830408024,68.52056305575454,12.364517854198006,188.26573895152472,102.26232478138483,61.25377511581459,42.29166667,0.8306295580609894,12.45944337091484
6/10/2020,Tomato,Sandy Loam,6.811668775234811,21.574781903708985,84.80345610836864,10.692911269711404,182.25146936689637,93.14407767113909,68.89894841643009,58.0,0.5900587746758553,8.85088162013783
6/11/2020,Tomato,Sandy Loam,5.810187212542004,22.654602748939084,73.43673464736588,11.691830270396569,187.4739718693269,109.24676114962413,53.91141294203046,13.29166667,0.798958874773076,11.98438312159614
6/12/2020,Tomato,Sandy Loam,6.035992897590727,23.841264974258085,66.94138656309873,12.459176109628997,184.47946110932187,100.36730926670641,62.83351420322992,33.83333333,0.679178444372875,10.187676665593123
6/13/2020,Tomato,Sandy Loam,6.286354063175201,21.224273540165342,67.41138033910231,6.331440591334044,172.4111683280738,91.4579690374331,66.34518537975046,13.29166667,0.1964467331229522,2.9467009968442834
6/14/2020,Tomato,Sandy Loam,6.059859243312887,21.129252648470594,76.67787427453189,7.0045546130538,188.04906614571684,102.53665808830135,61.20482927566105,58.0,0.8219626458286734,12.3294396874301
6/15/2020,Tomato,Sandy Loam,5.955620581352263,21.469652024783567,84.58138806766945,11.885842889075168,171.32887688711548,95.06397814025621,55.100073050021514,42.29166667,0.1531550754846199,2.297326132269299
6/16/2020,Tomato,Sandy Loam,7.1107153403235515,22.92345938658047,76.43902203238396,13.504255619876322,180.67934945095527,106.07386903754605,55.2510046004,33.83333333,0.5271739780382111,7.907609670573167
6/17/2020,Tomato,Sandy Loam,6.776464492720405,22.196978750010743,83.98082953233275,9.092622826997678,172.84274247586916,106.35644147132382,50.785061061419995,13.29166667,0.2137096990347661,3.205645485521492
6/18/2020,Tomato,Sandy Loam,6.630944263100501,23.47665713825306,73.88265701516053,14.79890322471206,170.23413221461809,109.57894711709324,56.10888453096963,33.83333333,0.1093652885847232,1.640479328770849
6/19/2020,Tomato,Sandy Loam,5.951905421706508,21.2157994544441,73.71682207304025,7.160717326733729,178.44068520255277,100.03739062049007,64.8920735800676,33.83333333,0.4376274081021112,6.564411121531668
6/20/2020,Tomato,Sandy Loam,7.336153124537283,21.589242260444102,75.00014718631765,9.166992820434388,175.90081415308313,99.09913759455475,50.95035514414221,33.83333333,0.336032566123325,5.0404884918498745
6/21/2020,Tomato,Sandy Loam,5.882366078194632,21.900079216394687,78.94850916311111,8.785230434632531,179.72000987595206,105.06951210892962,54.38590565009661,42.29166667,0.4888003950380825,7.332005925571237
6/22/2020,Tomato,Sandy Loam,7.089901865649354,22.880190260066357,72.35231932902666,14.302959407264291,181.543997734691,92.64941312683852,64.12464997063564,58.0,0.5617599093876406,8.42639864081461
6/23/2020,Tomato,Sandy Loam,7.433345333410586,23.055518070904643,82.27772065357914,7.853785175725395,170.87478144617896,100.93831027586248,65.65303125645754,21.75,0.1349912578471579,2.0248688677073687
6/24/2020,Tomato,Sandy Loam,6.954185458448472,21.37260988189132,65.58562769536293,9.707907780422156,172.46006590247492,100.92495200261702,59.10636820123857,33.83333333,0.1984026360989965,2.976039541484948
6/25/2020,Tomato,Sandy Loam,7.48571755036926,23.83141412697522,73.79528390056885,6.872338396153294,181.1728479290085,91.78946245620774,63.96148676957298,13.29166667,0.5469139171603403,8.203708757405105
6/26/2020,Tomato,Sandy Loam,6.802102233955893,22.023132405570628,75.21983699959836,10.212662385624435,176.86334706345318,98.35968171013828,57.75904337309784,58.0,0.3745338825381266,5.618008238071899
6/27/2020,Tomato,Sandy Loam,5.93492068720779,23.13950628900085,77.14064476526192,13.57404169463591,184.58346975098897,107.06569597134404,53.19826490048255,13.29166667,0.6833387900395584,10.250081850593377
6/28/2020,Tomato,Sandy Loam,5.907638987433023,22.572623156843097,70.52143824731726,8.040394618905642,183.0458329718388,107.1230724398932,57.96298987045813,42.29166667,0.6218333188735518,9.327499783103276
6/29/2020,Tomato,Sandy Loam,6.149128568510953,21.668274340641318,73.54959941971671,13.107920721628282,186.91208725979814,91.98475329839361,61.59935640406286,58.0,0.7764834903919254,11.647252355878882
6/30/2020,Tomato,Sandy Loam,5.514260040442013,23.538684969346235,74.69075500428113,14.11311582175626,183.8498565333845,91.81441765495661,68.9610656370578,42.29166667,0.6539942613353802,9.809913920030702
7/1/2020,Tomato,Sandy Loam,6.86339694016567,23.45471408457579,78.73819957366426,5.729578897145636,178.59862154780296,95.2539095400387,51.37501904177355,13.29166667,0.4439448619121185,6.6591729286817785
7/2/2020,Tomato,Sandy Loam,6.037335569255655,22.18821556175007,80.47088369471628,12.56424536319251,183.45933244788864,107.49532125107987,60.14788187689921,42.29166667,0.6383732979155459,9.575599468733188
7/3/2020,Tomato,Sandy Loam,7.130366464585506,22.765822757081565,79.75654654687574,7.553434361504908,175.50762348510838,92.57805170146997,56.57839556421449,42.29166667,0.3203049394043348,4.804574091065022
7/4/2020,Tomato,Sandy Loam,6.2183453011186005,21.77347708780782,71.8316610457917,6.753276625366292,176.12626997556424,104.39993605254892,60.16623388553389,42.29166667,0.3450507990225702,5.175761985338553
7/5/2020,Tomato,Sandy Loam,6.459912986926625,23.069554886238905,84.98901045983928,11.01122392025036,185.77970319841586,92.02331239226207,50.47950894753063,13.29166667,0.7311881279366347,10.96782191904952
7/6/2020,Tomato,Sandy Loam,7.431377833120738,21.927080437861296,81.97330623574359,12.056026162286996,178.92839032803164,102.4627570749565,56.260507094031624,42.29166667,0.4571356131212657,6.857034196818986
7/7/2020,Tomato,Sandy Loam,5.984344246094555,23.532236203146706,70.20046746289938,8.947609857352138,185.96760681036704,97.12134598238289,66.3973629505401,21.75,0.7387042724146821,11.080564086220232
7/8/2020,Tomato,Sandy Loam,6.942508194859479,21.652155312831823,68.90211611345656,5.391737070821906,186.44844747336558,105.77827925931734,61.07883467709275,13.29166667,0.7579378989346227,11.36906848401934
7/9/2020,Tomato,Sandy Loam,7.010235578610835,21.044410268455394,71.2804250116678,14.087045241967932,187.15124675322568,94.67380897650727,59.01164985632235,42.29166667,0.786049870129027,11.790748051935406
7/10/2020,Tomato,Sandy Loam,5.9419963150472705,21.805524125903755,74.0468970599929,12.30746916847495,188.33270471682414,102.78403658779919,55.71050143430679,21.75,0.8333081886729659,12.499622830094488
7/11/2020,Tomato,Sandy Loam,6.5019936732243915,21.57315745937846,82.01598756639228,7.716668066830147,178.6197044102659,94.7136506915177,55.96085045582712,58.0,0.444788176410637,6.671822646159556
7/12/2020,Tomato,Sandy Loam,6.2004038506259365,22.524859319174773,80.56724527589068,9.9686385574474,176.37733636642278,104.27320566224307,57.66202867181169,21.75,0.3550934546569111,5.3264018198536665
7/13/2020,Tomato,Sandy Loam,7.043812486800178,21.611109874969728,82.02492247011752,5.277927899670781,181.64397493188227,107.47356069121497,66.71141419929121,21.75,0.5657589972752911,8.486384959129367
7/14/2020,Tomato,Sandy Loam,6.744966638058075,23.289569612158484,70.43914229820658,8.392827818059418,177.42344846875255,92.5360359825352,69.34426413616536,21.75,0.3969379387501021,5.954069081251531
7/15/2020,Tomato,Sandy Loam,6.451966109721094,21.724111914012013,76.86922444903672,10.225352355851182,182.02148333600465,107.33191377191007,58.77310762700749,58.0,0.5808593334401864,8.712890001602796
7/16/2020,Tomato,Sandy Loam,7.058726530095436,23.120904539737968,70.6649812455475,10.1722361511625,184.1117172528765,101.87150508828596,57.86705677495524,33.83333333,0.6644686901150597,9.967030351725896
7/17/2020,Tomato,Sandy Loam,5.970311140016834,22.735412769041172,67.18046321438986,7.081848780085411,183.76810036984273,92.54220981734048,66.93101551639725,13.29166667,0.6507240147937094,9.760860221905642
7/18/2020,Tomato,Sandy Loam,7.007243761168718,23.95874956941565,78.68395486949362,12.767473661838906,177.49105774040243,98.55083710719424,58.53810641272607,33.83333333,0.3996423096160971,5.994634644241457
7/19/2020,Tomato,Sandy Loam,7.230748624185649,23.999702931027695,67.85995102390878,7.988621585266435,173.33720403397507,93.21720586970196,61.04036344591302,21.75,0.2334881613590022,3.5023224203850343
7/20/2020,Tomato,Sandy Loam,7.257243193615145,23.60857824995199,78.35395523412943,10.804100231779726,178.61058676924415,104.0069577773314,54.61883329197489,58.0,0.444423470769766,6.666352061546491
7/21/2020,Tomato,Sandy Loam,7.067347186039208,23.279950107896255,77.95928609810818,7.715222255379748,172.85188288163818,105.177362688359,64.8700507155815,13.29166667,0.214075315265527,3.2111297289829053
7/22/2020,Tomato,Sandy Loam,6.316028333996537,22.15936924200172,81.20496888848034,9.251678729867702,187.80194070367617,92.11593040545598,60.63976636541564,33.83333333,0.8120776281470466,12.1811644222057
7/23/2020,Tomato,Sandy Loam,7.4636160454356535,23.25983018139391,67.79109209127128,7.075146252502302,176.91754921475714,100.12279705389288,66.18069100480683,13.29166667,0.3767019685902859,5.650529528854289
7/24/2020,Tomato,Sandy Loam,6.259187287644879,23.870026611238472,80.66960297017621,11.330077925320383,173.08919494446647,106.29250112051835,65.6146546005734,13.29166667,0.223567797778659,3.3535169666798854
7/25/2020,Tomato,Sandy Loam,6.777250798204851,21.070132726186333,84.98553051892475,9.255843601413506,170.50895519811502,108.72326083101993,54.30009536540057,58.0,0.1203582079246007,1.8053731188690108
7/26/2020,Tomato,Sandy Loam,5.822148356138937,22.613744100593216,82.02084897171804,5.161173044877643,182.91644772572968,100.2703573348354,64.31271101115524,42.29166667,0.6166579090291874,9.24986863543781
7/27/2020,Tomato,Sandy Loam,7.460897797272786,21.653994913165302,80.03624152655333,5.281649940167661,182.73804634909487,109.00558447222814,66.00108815902743,42.29166667,0.6095218539637945,9.142827809456918
7/28/2020,Tomato,Sandy Loam,6.907971843729326,22.673628947606552,78.24330709389415,9.711343184714222,176.81208333162584,100.71377940912059,56.922144815647904,33.83333333,0.3724833332650333,5.5872499989755005
7/29/2020,Tomato,Sandy Loam,7.006755090492737,22.399341269276675,73.43562969370859,6.832258669053544,171.434237776953,97.88380989199815,53.45218225804549,58.0,0.1573695110781208,2.360542666171812
7/30/2020,Tomato,Sandy Loam,5.631553406822289,22.727305744656853,79.61000335783204,10.850420481447424,178.19257789790464,106.96406257105791,50.05264311159176,21.75,0.4277031159161856,6.415546738742784
7/31/2020,Tomato,Sandy Loam,7.026835628441344,22.652886664256172,79.48356070280906,9.081917817720214,176.22434990126789,99.85965420916179,59.018073061862964,42.29166667,0.3489739960507149,5.234609940760723
8/1/2020,Tomato,Sandy Loam,7.049446858441202,23.880321117505687,77.62996565374577,11.544198355397228,183.5424127947002,99.43805021129046,57.04865463077683,21.75,0.6416965117880075,9.625447676820112
8/2/2020,Tomato,Sandy Loam,6.8435454527244595,22.65655832680421,80.92556756595657,14.523951740639516,182.11558498905381,99.80624978819657,61.09819667650818,33.83333333,0.5846233995621523,8.769350993432283
8/3/2020,Tomato,Sandy Loam,6.083819227580687,23.5386962643746,73.9752777685367,10.287361347952537,177.2918745639508,106.93570003739491,53.76082185177572,58.0,0.391674982558032,5.87512473837048
8/4/2020,Tomato,Sandy Loam,6.479380084321763,21.95946086040254,67.42505424264782,12.873786035900997,174.3578510850998,106.63883083376103,67.1933109533295,13.29166667,0.2743140434039921,4.114710651059882
8/5/2020,Tomato,Sandy Loam,5.720868742617433,22.314302066373145,76.18135455218474,12.530409963159372,189.76071932311183,98.07039984880423,55.155104312562194,33.83333333,0.8904287729244735,13.356431593867104
8/6/2020,Tomato,Sandy Loam,6.443174132918305,22.41124042813443,70.30087057422685,14.217911043238653,179.0800324239223,96.6659971974105,54.528592101753,21.75,0.4632012969568919,6.948019454353379
8/7/2020,Tomato,Sandy Loam,5.98764770520081,21.83618413000614,72.688661948583,7.1401786723800615,183.76548471560474,99.83856048078259,59.614281129687114,21.75,0.6506193886241897,9.759290829362843
8/8/2020,Tomato,Sandy Loam,6.1981939729881645,22.139370784433865,65.34829807882453,13.273269707849408,172.81105935156722,101.45545019474218,59.977020474885485,13.29166667,0.2124423740626886,3.1866356109403293
8/9/2020,Tomato,Sandy Loam,5.825200816807397,22.795539238400327,72.65581175835767,14.055203785046867,179.71179399318797,94.76674421255994,54.301704575701855,33.83333333,0.4884717597275182,7.327076395912774
8/10/2020,Tomato,Sandy Loam,5.960108735493794,22.740563289913595,81.1760221227091,8.927629809475777,170.5507343973893,105.87910169431181,55.43721453451832,42.29166667,0.1220293758955723,1.8304406384335856
8/11/2020,Tomato,Sandy Loam,5.653137283640232,22.90930603372044,75.8544473387651,8.138161945989681,180.109102358209,99.72965531464845,53.3941047831049,58.0,0.5043640943283599,7.565461414925399
8/12/2020,Tomato,Sandy Loam,7.339802732873842,22.055453746260422,65.19601053867942,14.520359096782878,189.28034814235406,96.68091096839919,64.36920356646334,42.29166667,0.8712139256941619,13.068208885412428
8/13/2020,Tomato,Sandy Loam,6.560821375950807,21.94749448545917,74.39687640479694,11.27632822138868,177.68413425971602,92.13641985927981,65.40178062508164,21.75,0.4073653703886402,6.110480555829603
8/14/2020,Tomato,Sandy Loam,6.293483942525479,22.834853648262488,70.82903295290815,8.806764852414684,170.77992025149823,94.77690320807214,59.246569949185655,21.75,0.1311968100599292,1.9679521508989395
8/15/2020,Tomato,Sandy Loam,6.570058425537567,21.398585245282575,74.55101310794342,12.918277209316305,170.61911581838686,108.98562343511968,64.28174045370035,58.0,0.1247646327354748,1.8714694910321223
8/16/2020,Tomato,Sandy Loam,6.756586456963105,21.75909463059642,73.09385442895754,8.044739016157152,177.7597351989374,96.10199373639053,64.71870783874891,42.29166667,0.4103894079574955,6.155841119362433
8/17/2020,Tomato,Sandy Loam,7.343757586738699,21.126383210858986,83.63958439114762,6.764075860698621,173.20049872926387,93.37718578734071,52.76551055355617,21.75,0.2280199491705552,3.4202992375583285
8/18/2020,Tomato,Sandy Loam,5.857385904572626,21.217832557788242,65.82354597926032,10.439696357977056,170.46704192656372,99.21345583309986,69.32356049669073,42.29166667,0.1186816770625487,1.780225155938231
8/19/2020,Tomato,Sandy Loam,6.091104997270435,21.730149837781827,78.67176022563865,10.662120449106034,185.12427227900355,96.14175486720498,66.42063894192862,58.0,0.7049708911601414,10.574563367402122
8/20/2020,Tomato,Sandy Loam,7.451578672688229,21.058587840890755,82.02053192603483,13.25746482267338,179.1704601776378,90.70318500542388,54.089669223916474,21.75,0.4668184071055126,7.002276106582689
8/21/2020,Tomato,Sandy Loam,6.242385973297049,21.736231776262386,84.18477169300951,9.5702735502043,175.7848954394531,96.46290434558834,53.72330071492141,21.75,0.3313958175781236,4.970937263671854
8/22/2020,Tomato,Sandy Loam,5.545123301514655,22.96492896918608,68.55272453088591,13.145865395053416,188.00166366032963,100.88217247878937,52.513222911591654,33.83333333,0.8200665464131845,12.300998196197767
8/23/2020,Tomato,Sandy Loam,5.795286985274318,21.183321235406797,75.62609603932388,8.113226793483385,172.32277920401052,101.03424744039934,52.767571250838365,13.29166667,0.1929111681604205,2.893667522406308
8/24/2020,Tomato,Sandy Loam,5.552677403497104,22.310210033383925,65.87179154634424,10.75368202177792,189.11837657910638,97.13117842353778,64.96323598057393,33.83333333,0.8647350631642554,12.971025947463833
8/25/2020,Tomato,Sandy Loam,7.479846284841457,23.73932636075865,74.98367048910177,7.084727789007158,176.27933434754706,98.94605512505201,59.39308513903247,13.29166667,0.3511733739018823,5.267600608528235
8/26/2020,Tomato,Sandy Loam,6.057741697982446,23.373854486776203,67.50916179081963,8.854459509165963,187.76807344617362,109.31035836469533,65.65868345479734,42.29166667,0.810722937846945,12.160844067704176
8/27/2020,Tomato,Sandy Loam,7.347085513872452,21.916312506884573,81.75793349397426,13.575396978328513,182.05885752958923,97.54696954460623,64.92509788700411,13.29166667,0.5823543011835692,8.735314517753539
8/28/2020,Tomato,Sandy Loam,7.491772551519432,23.774416437574942,67.2774000521073,7.15988193435755,186.53414719482976,95.16453626519966,62.09225427010443,42.29166667,0.76136588779319,11.42048831689785
8/29/2020,Tomato,Sandy Loam,6.699682442286228,21.988939490243176,75.26576720772991,13.102394628992675,189.6802632642093,94.8693408813352,63.72733213157359,58.0,0.8872105305683714,13.308157958525571
8/30/2020,Tomato,Sandy Loam,5.566392630131124,21.217546489012687,75.42192137985508,7.828716578474061,175.76810875637491,99.15529225408268,50.36711448758284,33.83333333,0.3307243502549966,4.960865253824949
8/31/2020,Tomato,Sandy Loam,5.663183260773854,23.98216787030434,84.43300995863211,5.344897196794537,189.22270970815185,105.19040297433888,56.23555293610044,33.83333333,0.8689083883260744,13.033625824891116
9/1/2020,Tomato,Sandy Loam,6.463178110215756,23.610067581567513,78.09961388077777,6.099345700568462,177.7896378980484,94.11976368376946,62.75644358518821,58.0,0.4115855159219362,6.173782738829044
9/2/2020,Tomato,Sandy Loam,6.312344025822972,22.397798349903276,70.75680586153604,12.45879545320788,177.71023809473846,104.18592254281536,50.18689906972489,21.75,0.4084095237895379,6.126142856843068
9/3/2020,Tomato,Sandy Loam,6.712354611563535,22.99912957257721,69.81598619876277,7.620709265021483,176.80774208509013,90.42299646698832,50.65953887365187,33.83333333,0.3723096834036046,5.584645251054069
9/4/2020,Tomato,Sandy Loam,6.3776956194227274,23.01368423357001,67.5649641129013,11.541455922412723,180.8281521469517,98.37865955967892,67.03775964940766,13.29166667,0.5331260858780682,7.996891288171023
9/5/2020,Tomato,Sandy Loam,7.368153698542969,21.58344669219138,80.13029448098119,11.99198902757233,173.08290086356973,105.51730130405574,63.680497233841436,21.75,0.2233160345427897,3.3497405181418456
9/6/2020,Tomato,Sandy Loam,6.569479430827022,21.600145899460898,78.81513312364677,8.45118464434685,181.0742297071602,96.77465911548863,55.30739466240688,13.29166667,0.5429691882864089,8.144537824296133
9/7/2020,Tomato,Sandy Loam,6.887452122924884,22.408742110055478,77.19754254616211,9.7491898721114,180.83409624820007,101.274742028908,63.75925680237418,42.29166667,0.5333638499280032,8.000457748920049
9/8/2020,Tomato,Sandy Loam,7.292970545284993,23.734719420413093,65.81680885899976,9.037670904558103,185.2380362520974,94.09958465651822,65.84913338278527,42.29166667,0.709521450083896,10.64282175125844
9/9/2020,Tomato,Sandy Loam,5.7937437516664145,21.02998132457571,80.25657732788589,14.47348996354534,186.67299923875171,104.83990782252344,56.13588566220203,13.29166667,0.7669199695500685,11.503799543251027
9/10/2020,Tomato,Sandy Loam,5.959469308237058,23.347516907848078,77.83775154296958,8.199488623515874,178.8088270062485,91.04558206537519,50.72074754998375,42.29166667,0.4523530802499392,6.7852962037490885
9/11/2020,Tomato,Sandy Loam,5.714637320948031,21.172580351143964,84.27777736220978,6.833230422249608,176.04666498702989,107.05085289751001,68.6555824937547,58.0,0.341866599481195,5.127998992217925
9/12/2020,Tomato,Sandy Loam,5.779276798459825,22.434666344649354,76.74404259753624,8.655928428755782,175.1866979463419,93.96392772843336,56.90359676591261,42.29166667,0.3074679178536755,4.612018767805133
9/13/2020,Tomato,Sandy Loam,6.525167933868467,22.91361849922043,71.07903813323416,11.695157076020122,173.89247673409744,107.48796063416661,52.12963526569413,33.83333333,0.2556990693638975,3.835486040458463
9/14/2020,Tomato,Sandy Loam,6.1423585179349285,23.060277801247395,72.63041104378641,11.973626903614653,171.1529516439805,97.05058482601035,59.83713742786295,33.83333333,0.1461180657592199,2.191770986388299
9/15/2020,Tomato,Sandy Loam,6.34634567905351,21.175437790847734,68.51681410756466,14.240573153600067,176.84895957669426,104.45367148948974,65.36935591328267,33.83333333,0.3739583830677707,5.609375746016561
9/16/2020,Tomato,Sandy Loam,7.464979663588124,22.255810852151903,79.4582836440277,13.817544848758091,175.40495384261567,96.38450595572377,54.43294629235118,42.29166667,0.3161981537046266,4.742972305569399
9/17/2020,Tomato,Sandy Loam,5.813408695591896,22.751511781506974,79.15443320043451,7.883205204172755,189.32834771732814,108.11823342469296,55.38980100266727,42.29166667,0.8731339086931259,13.09700863039689
9/18/2020,Tomato,Sandy Loam,6.581624141596151,21.19813661191802,69.01300030955352,9.551632489675963,181.15417652500088,92.53274251036748,54.854299735971665,58.0,0.5461670610000352,8.192505915000527
9/19/2020,Tomato,Sandy Loam,5.6977423101073015,21.40528366978593,68.16978646364558,12.47268988183434,176.94554078061014,93.57039578545198,69.83346105663357,13.29166667,0.377821631224406,5.667324468366091
9/20/2020,Tomato,Sandy Loam,6.136992626527757,22.990946968512116,66.5400986640439,14.165372806020253,181.6093520198739,99.86060250317604,53.94807467461085,58.0,0.5643740807949568,8.465611211924351
9/21/2020,Tomato,Sandy Loam,6.555051847349198,22.564914589771956,83.23951487363517,8.371650128568918,172.7839340269139,91.63876878076292,61.51040433932248,42.29166667,0.2113573610765564,3.1703604161483465
9/22/2020,Tomato,Sandy Loam,7.393263491930675,21.48548598380487,69.66139667389702,9.44441434176996,178.88087498404406,93.91960369403523,68.5052928331393,58.0,0.4552349993617623,6.828524990426436
9/23/2020,Tomato,Sandy Loam,6.282456442566966,22.6057180107442,71.88327053503608,13.994782704536089,182.52468642842126,108.87532764424029,52.937931377555586,42.29166667,0.6009874571368511,9.014811857052766
9/24/2020,Tomato,Sandy Loam,5.629813392429339,23.738077120333248,70.61009016754981,8.584838731584227,179.77795663584902,109.52979322295775,69.41708395735401,58.0,0.4911182654339611,7.366773981509416
9/25/2020,Tomato,Sandy Loam,6.276322895920634,21.046762754326092,73.27249205221582,9.805129861917358,178.03557601308648,97.52518658660844,68.94954468791249,21.75,0.4214230405234594,6.321345607851892
9/26/2020,Tomato,Sandy Loam,5.7914823517479554,22.927901320457565,79.28097598764967,14.045041412180788,189.87696777799397,108.46572042027871,67.69143974116525,33.83333333,0.8950787111197586,13.42618066679638
9/27/2020,Tomato,Sandy Loam,5.959979226582891,21.220951303816026,82.4119126745257,13.022432179898482,187.60629524297855,100.89649351346864,54.29113042660005,33.83333333,0.8042518097191417,12.063777145787125
9/28/2020,Tomato,Sandy Loam,6.736181246329981,21.019348328894104,68.6519749905708,7.434309250098028,182.46811916318882,95.39484931747535,62.681101120219665,42.29166667,0.5987247665275521,8.980871497913283
9/29/2020,Tomato,Sandy Loam,5.634847732407364,21.4519634659819,78.7282468748233,8.247950654119334,181.38754722364564,104.04797442161197,65.2178294592248,21.75,0.5555018889458262,8.332528334187392
9/30/2020,Tomato,Sandy Loam,6.429447512500075,22.26871989556176,72.0512428448497,8.529587274593391,182.41320959649167,103.17803613149715,69.72055856392859,33.83333333,0.5965283838596672,8.947925757895009
10/1/2020,Tomato,Sandy Loam,6.718923172021529,23.40703199694586,84.61054336594586,14.127384734310596,174.02624215644866,109.78250638217466,53.60847644162741,42.29166667,0.2610496862579466,3.915745293869199
10/2/2020,Tomato,Sandy Loam,6.343716784734994,21.845356489813675,70.97838318568154,14.98933737104539,177.90275486528637,95.30094574818567,65.32051799038592,33.83333333,0.4161101946114549,6.241652919171824
10/3/2020,Tomato,Sandy Loam,5.538252701247461,22.877019637166278,65.1438591201572,12.7400430215544,170.78919065781798,103.4411900532347,56.77602339854226,42.29166667,0.1315676263127194,1.973514394690792
10/4/2020,Tomato,Sandy Loam,7.471038713805731,22.23346991386592,75.3127994803969,9.843263024935066,179.51092074973653,91.04047510058894,53.51252931136005,21.75,0.4804368299894613,7.20655244984192
10/5/2020,Tomato,Sandy Loam,6.23423153468107,21.702995375898023,68.01462168551876,5.10173818067479,180.86049167915326,92.27292077393439,58.4275388242771,21.75,0.5344196671661305,8.016295007491959
10/6/2020,Tomato,Sandy Loam,7.057154373866534,22.542741342848576,65.88988853636798,11.974880565979577,174.55499472206418,90.07836749902187,65.87671824297233,58.0,0.2821997888825677,4.232996833238516
10/7/2020,Tomato,Sandy Loam,6.151292984374907,23.39239347111787,78.96538463895416,8.893611644977847,189.28057694331028,109.98921362119347,59.296996074081044,42.29166667,0.871223077732411,13.068346165986163
10/8/2020,Tomato,Sandy Loam,6.450033513986837,23.497477110168433,79.64518565016913,11.329864702286054,188.18909221874483,106.04547394294956,60.75046200406097,58.0,0.8275636887497936,12.413455331246904
10/9/2020,Tomato,Sandy Loam,6.276927285221993,23.53955859563171,74.21398026233005,11.066939634624289,184.4428647091181,105.73446029467081,69.90318820400242,58.0,0.6777145883647246,10.16571882547087
10/10/2020,Tomato,Sandy Loam,6.185078459019215,22.015673437664937,78.53771033513155,9.808320565743871,180.66773257530724,100.19452150576359,57.98218599114852,21.75,0.5267093030122901,7.900639545184352
10/11/2020,Tomato,Sandy Loam,5.543702754415557,23.38036819414726,75.76478896494268,14.44387397726323,187.3993831929537,96.0013416581088,62.308015094184796,42.29166667,0.7959753277181479,11.93962991577222
10/12/2020,Tomato,Sandy Loam,6.220041875709007,21.636535365326722,77.59602215443863,5.231463453553417,172.61304687646927,93.02528568925352,57.304884032307434,21.75,0.2045218750587703,3.067828125881555
10/13/2020,Tomato,Sandy Loam,7.27897998079906,23.21527530372865,76.93407946375922,12.121324844725883,185.8101958854977,95.69349477692927,57.8557129265741,42.29166667,0.7324078354199081,10.98611753129862
10/14/2020,Tomato,Sandy Loam,6.880786677187367,23.84515327881785,78.31645528111184,9.09839868299546,172.49641627933696,97.51942443858279,63.91281506890816,58.0,0.1998566511734786,2.99784976760218
10/15/2020,Tomato,Sandy Loam,5.79084571819088,21.041231504072872,68.99261297346342,12.137904504916111,185.8842132509881,105.12620193960588,68.75773952189766,58.0,0.7353685300395244,11.030527950592866
10/16/2020,Tomato,Sandy Loam,6.682310009245478,22.321091793536393,70.374132400734,11.75219647539632,175.51535136502713,100.79323577806305,60.84717900984643,33.83333333,0.3206140546010856,4.809210819016284
10/17/2020,Tomato,Sandy Loam,7.2844617198977435,22.943312965242015,73.79926299015384,5.102380025759954,187.54181162036377,91.54967253110965,65.3679985789756,58.0,0.8016724648145511,12.025086972218268
10/18/2020,Tomato,Sandy Loam,6.900068081929711,23.10532731146266,73.92256018838373,7.853384951746713,188.88084187650796,90.36058017917824,51.78413117633928,33.83333333,0.8552336750603183,12.828505125904774
10/19/2020,Tomato,Sandy Loam,5.7973687847133935,21.528263274807607,80.48823423173809,6.890915205037804,172.9759193881023,92.04664359068126,54.22316074863854,58.0,0.2190367755240925,3.285551632861388
10/20/2020,Tomato,Sandy Loam,7.235664993468993,23.916549825715776,72.34787318459064,6.669863529424923,179.25351210130788,98.20997427394758,60.04263281839065,13.29166667,0.4701404840523148,7.052107260784722
10/21/2020,Tomato,Sandy Loam,6.103088026577731,22.845796103912917,68.25010312118364,12.284766841211328,189.6197475632537,108.66385834098037,50.4002344725755,21.75,0.8847899025301481,13.271848537952222
10/22/2020,Tomato,Sandy Loam,6.408152288624684,21.493021803684805,70.02931940982151,7.395513490931246,179.66814871946292,102.74804962418443,55.05709957525117,42.29166667,0.4867259487785172,7.300889231677759
10/23/2020,Tomato,Sandy Loam,6.552285519378293,21.061567535137545,69.29467004768456,9.74737614987301,187.2709504502909,106.0365179975103,60.34802579649932,33.83333333,0.7908380180116361,11.862570270174542
10/24/2020,Tomato,Sandy Loam,7.2010132087563905,23.349792596369326,79.63320038512043,7.4698899528567955,181.7746304426264,99.32749189009097,50.29922396512602,13.29166667,0.570985217705056,8.564778265575839
10/25/2020,Tomato,Sandy Loam,7.363214990295322,21.239114218336375,74.40679229251964,10.8023382343533,177.50659815839202,97.23332166390085,55.29092572452083,33.83333333,0.4002639263356815,6.003958895035223
10/26/2020,Tomato,Sandy Loam,7.359305755581112,21.42315276321071,79.17261395941966,12.20573768059968,175.7156711105174,92.16800745433245,60.28061638951739,13.29166667,0.3286268444206962,4.929402666310443
10/27/2020,Tomato,Sandy Loam,5.515908362557081,22.724490080567072,73.32439361515254,8.310747386981765,174.06446182172175,107.5186604437241,61.46298495962491,58.0,0.2625784728688698,3.9386770930330472
10/28/2020,Tomato,Sandy Loam,7.343776971170914,22.810516510348858,82.7947120500781,11.03020848287122,185.23596382755395,105.66320058055805,68.5150338611061,33.83333333,0.7094385531021578,10.641578296532366
10/29/2020,Tomato,Sandy Loam,5.608773932003144,23.060661355777196,84.6704061544547,13.24854774413739,177.73081013646055,93.3623619519545,62.906912465012155,13.29166667,0.4092324054584223,6.138486081876335
10/30/2020,Tomato,Sandy Loam,6.031547313634871,22.18054203799086,78.39685017405223,5.942242851644917,180.22550924401503,100.24521127752521,58.294716050599874,33.83333333,0.5090203697606009,7.635305546409014
10/31/2020,Tomato,Sandy Loam,6.529975709455666,23.321696006900467,82.27625114472437,12.106705990412712,179.84650960002364,99.7474961584249,68.60702354266135,58.0,0.4938603840009455,7.407905760014183
11/1/2020,Tomato,Sandy Loam,6.459851378008788,23.923075798847666,75.15866534344126,8.231449444353803,181.54558058466262,102.50183105373057,65.69765966775589,58.0,0.561823223386505,8.427348350797576
11/2/2020,Tomato,Sandy Loam,6.709419587774784,21.81328482923965,83.69241680707816,6.226499565249442,187.31154291249103,108.92373787982523,54.000178422254955,21.75,0.7924617164996418,11.886925747494628
11/3/2020,Tomato,Sandy Loam,6.458892457474011,23.109085849613837,81.63172971345656,10.456542076143489,189.6147868716686,101.59542883524959,52.6168472269764,33.83333333,0.8845914748667435,13.268872123001152
11/4/2020,Tomato,Sandy Loam,7.368751359280841,23.78540595718547,84.83557143532079,7.262623192677317,178.15168417147635,100.80434533557238,63.51623271485466,21.75,0.4260673668590535,6.391010502885804
11/5/2020,Tomato,Sandy Loam,5.981097696429174,23.05886028785113,77.46187470655562,13.213617926691576,186.55037844212606,91.00645865869328,61.19766331153968,42.29166667,0.7620151376850425,11.430227065275638
11/6/2020,Tomato,Sandy Loam,6.048049388076972,23.04332849593278,80.58413480536457,5.428959095310761,185.29055589309436,91.25814952036048,65.79347227585511,58.0,0.7116222357237741,10.674333535856611
11/7/2020,Tomato,Sandy Loam,7.341475871386113,21.67131770725562,75.85736279956427,5.986528962708975,181.47057902911146,93.74693582653578,64.77610100157372,13.29166667,0.5588231611644586,8.38234741746688
11/8/2020,Tomato,Sandy Loam,5.653479027490512,22.60539060095908,70.18240208542846,10.209961259858169,189.12094287223866,90.64941543383496,62.504230677150304,33.83333333,0.8648377148895465,12.972565723343198
11/9/2020,Tomato,Sandy Loam,6.71912164380962,22.687568530813742,72.09510342259516,10.889417840769568,174.00949031056805,104.86705791140025,69.72764343257785,42.29166667,0.2603796124227222,3.9056941863408334
11/10/2020,Tomato,Sandy Loam,6.863471904131222,23.100388687367857,82.88010829462633,12.298866645227468,172.18528420619242,104.46660607987926,60.67179460220817,42.29166667,0.1874113682476971,2.811170523715457
11/11/2020,Tomato,Sandy Loam,6.5110834468594785,23.990464349688548,66.11895893197241,7.592607282521938,187.07923933910845,92.72112468863286,52.262115130034395,13.29166667,0.7831695735643377,11.747543603465065
11/12/2020,Tomato,Sandy Loam,6.888463757646274,21.100931467631288,76.82959772148817,13.417604082132918,178.78299633267497,106.72157801590562,66.56547129631977,13.29166667,0.4513198533069986,6.76979779960498
11/13/2020,Tomato,Sandy Loam,5.845509292023934,21.19569798380246,72.44968065008217,14.531423397737832,186.9393770841412,93.09572069692224,55.03706724691418,42.29166667,0.7775750833656484,11.663626250484723
11/14/2020,Tomato,Sandy Loam,7.205264465543079,21.233850208292758,72.73385076011111,9.990393035948635,187.8618041039083,96.02351173994718,65.54604296287836,21.75,0.814472164156332,12.21708246234498
11/15/2020,Tomato,Sandy Loam,5.780051378939771,23.22893740346687,82.69142412827534,12.605313649698012,171.24915187238142,94.9795379832273,69.14214192000102,33.83333333,0.1499660748952571,2.2494911234288573
11/16/2020,Tomato,Sandy Loam,6.301624888631499,21.409061385332272,82.07644749092452,10.248483545437928,187.66929525972122,97.44614197146096,63.93591027928682,33.83333333,0.8067718103888486,12.101577155832729
11/17/2020,Tomato,Sandy Loam,5.650515202616411,22.867355623471035,76.97684751144938,5.694670294122107,178.96638110738843,95.09327531779924,61.92060321899602,21.75,0.4586552442955377,6.879828664433066
11/18/2020,Tomato,Sandy Loam,6.5904221576348005,21.974006633680375,70.45837694808668,8.26111512842621,180.20864978008464,99.77901852876904,59.20772351350081,21.75,0.5083459912033857,7.625189868050787
11/19/2020,Tomato,Sandy Loam,6.839491614851278,22.371959868632132,74.50912692324047,5.874866896270151,182.5318502218642,98.14815762709371,57.288197319908065,33.83333333,0.6012740088745682,9.019110133118522
11/20/2020,Tomato,Sandy Loam,7.382443270190581,21.64698947945224,73.16586787578431,14.888791192550135,188.52765213460174,109.73138981558654,57.06009501943672,21.75,0.8411060853840694,12.61659128076104
11/21/2020,Tomato,Sandy Loam,6.978672391792002,23.598319683913626,72.0723605840499,7.290259120733772,170.38232188859527,91.11852700256452,62.727454114191815,42.29166667,0.1152928755438112,1.7293931331571686
11/22/2020,Tomato,Sandy Loam,6.582205832908302,22.75845097248908,67.05571157114593,11.359004194157189,179.53686936635634,92.84362752774703,65.02546233875492,58.0,0.4814747746542537,7.222121619813805
11/23/2020,Tomato,Sandy Loam,7.365234034340667,23.833689790746757,75.8622777343064,7.843451019449374,183.7544408486112,91.05651787817204,63.57034138968829,42.29166667,0.6501776339444485,9.752664509166728
11/24/2020,Tomato,Sandy Loam,6.456873676081753,22.723788749112988,71.03662595748968,11.532462153559258,184.45413915396458,102.51682389964752,53.96820202387126,42.29166667,0.6781655661585828,10.172483492378742
11/25/2020,Tomato,Sandy Loam,6.622411306197739,21.37172409179084,78.21615885855057,7.104016908704825,183.85064863074217,91.09018554827439,59.87974360286982,42.29166667,0.6540259452296864,9.810389178445297
11/26/2020,Tomato,Sandy Loam,6.692197055340191,21.512611301515427,71.38407871651061,12.852700659100744,172.68870258816244,106.72879474752247,65.83280144366125,13.29166667,0.2075481035264975,3.1132215528974623
11/27/2020,Tomato,Sandy Loam,6.3199594517731335,23.96722192910354,73.62326986269603,6.108116028366355,175.98791176743362,100.23877261363856,59.514081563781126,21.75,0.339516470697345,5.092747060460176
11/28/2020,Tomato,Sandy Loam,7.176965381131648,23.176695591992605,66.04720748388814,13.951504000902805,177.17431050834028,100.54015249163068,60.73246559470988,42.29166667,0.3869724203336108,5.804586305004162
11/29/2020,Tomato,Sandy Loam,5.870351877690118,21.14783625008727,84.85076139810955,13.404216925407944,186.08874415359008,101.23189015424389,65.42272096341644,42.29166667,0.743549766143604,11.15324649215406
11/30/2020,Tomato,Sandy Loam,6.609684380743216,23.111343015103994,75.15220766550351,11.788073436383856,175.57519744829105,93.41627412612422,63.22530612530183,21.75,0.3230078979316424,4.845118468974636
12/1/2020,Tomato,Sandy Loam,6.9444665123743885,22.236519140428836,65.48475188328345,5.674146271428478,174.21409927734408,93.95380606228976,58.18689841764785,42.29166667,0.2685639710937625,4.028459566406438
12/2/2020,Tomato,Sandy Loam,7.307952343753154,21.92162516046957,75.82461317522288,7.085690283289283,189.14896038076193,96.37634645746009,67.90825422388437,33.83333333,0.865958415230477,12.989376228457155
12/3/2020,Tomato,Sandy Loam,7.2678367928685566,21.462182381191603,82.40707998611299,13.59361595691076,170.17726570226938,101.86992831643703,53.25134137326957,21.75,0.1070906280907751,1.606359421361627
12/4/2020,Tomato,Sandy Loam,6.517480578860284,23.5197118636697,80.45104268532405,6.219744343025951,189.95641711363956,94.2023555188043,69.91032897180649,13.29166667,0.8982566845455826,13.47385026818374
12/5/2020,Tomato,Sandy Loam,6.786322902326683,21.191524136967303,79.01813368258908,6.559320963080201,183.5364259771479,92.32663454266522,52.377051569524745,42.29166667,0.6414570390859164,9.621855586288747
12/6/2020,Tomato,Sandy Loam,6.288475472258602,21.86950638713892,67.7892930919807,10.440033237555207,186.56938598898233,109.40233772836865,50.298999422084776,42.29166667,0.7627754395592937,11.441631593389406
12/7/2020,Tomato,Sandy Loam,6.4363555257604,21.919148681477115,78.15474157974944,7.741774396743438,175.89238792692387,90.43963629619246,67.8003780229753,21.75,0.3356955170769545,5.035432756154318
12/8/2020,Tomato,Sandy Loam,7.312531585146099,21.4827158518905,80.3259675602452,7.220756999439295,170.2863055533412,106.05394810672044,54.899070167319124,21.75,0.1114522221336479,1.6717833320047195
12/9/2020,Tomato,Sandy Loam,7.361407986384948,22.52455464986061,76.44838127930993,10.758134318481805,184.7573903712306,105.76070299150044,64.59399254893442,33.83333333,0.6902956148492241,10.35443422273836
12/10/2020,Tomato,Sandy Loam,7.29082811613404,21.035107880432676,82.85498009040703,8.72576676458029,186.68289194001352,95.94428227690192,66.22030749864139,42.29166667,0.7673156776005406,11.50973516400811
12/11/2020,Tomato,Sandy Loam,5.776741723627277,21.902926546231228,70.53979563569771,6.405598967696688,184.8095226390704,92.71253232014627,67.17972782064234,33.83333333,0.6923809055628153,10.385713583442229
12/12/2020,Tomato,Sandy Loam,7.200168042661272,23.80088833209919,69.84289399478502,10.348537675454644,172.85700574601677,92.91257293410847,69.83188471328333,21.75,0.2142802298406708,3.214203447610063
12/13/2020,Tomato,Sandy Loam,7.396727462042961,21.931588708026016,82.39139489885292,8.870124032786228,185.0685584451394,103.94863234474386,55.88079420079998,13.29166667,0.7027423378055753,10.54113506708363
12/14/2020,Tomato,Sandy Loam,6.22249938914721,22.081378161320256,77.50796485982904,12.345167742737694,185.37845564215283,102.85613182172347,64.20486683854519,58.0,0.7151382256861128,10.727073385291693
12/15/2020,Tomato,Sandy Loam,6.5372925788433385,22.419495144702214,65.02894441041998,6.027554423205892,183.1708103134011,105.65491348502773,52.30799716561656,33.83333333,0.6268324125360439,9.402486188040658
12/16/2020,Tomato,Sandy Loam,7.058190511625992,22.685080124554425,72.06262817022105,11.206132439459738,185.32231865591172,108.74962344798209,58.136185827136984,33.83333333,0.712892746236469,10.693391193547036
12/17/2020,Tomato,Sandy Loam,6.6241562751312975,23.42612593446223,82.1571197162935,9.364933269432475,186.91842879355465,103.83854726533184,66.9594338662518,33.83333333,0.7767371517421857,11.651057276132786
12/18/2020,Tomato,Sandy Loam,7.486967043412498,21.570963669468053,65.54639023283487,9.06061875052404,182.27208228474916,93.11703073102888,57.353160921182166,13.29166667,0.5908832913899668,8.863249370849502
12/19/2020,Tomato,Sandy Loam,6.411426730313657,23.61523913157767,65.06495856523017,7.322876880083412,171.77209427939357,94.86885233530822,61.82190761071228,21.75,0.1708837711757432,2.563256567636149
12/20/2020,Tomato,Sandy Loam,6.9278854224147555,23.272648071431668,70.6251858105026,5.304260282027111,179.75255619334422,106.84387461746229,60.075468874492685,33.83333333,0.4901022477337687,7.351533716006531
12/21/2020,Tomato,Sandy Loam,7.085182280393088,23.167951003984665,83.28000074018556,13.476891943646455,171.5529866934321,94.18612151668417,62.9190306222409,33.83333333,0.162119467737284,2.4317920160592608
12/22/2020,Tomato,Sandy Loam,6.488200831516879,21.260413721143905,83.02955162940033,8.264100860344259,178.15086062064861,91.45044633908962,69.45788778775389,21.75,0.4260344248259446,6.39051637238917
12/23/2020,Tomato,Sandy Loam,7.213967611422752,21.064922069923753,75.37523891603016,11.810910397298471,178.14212978251254,104.06560108084501,51.11471053002804,13.29166667,0.4256851913005021,6.385277869507531
12/24/2020,Tomato,Sandy Loam,6.592309182414393,22.78203810272425,76.06473742279245,14.475873997767074,171.32019688280482,98.05052710980284,61.479230350032594,33.83333333,0.1528078753121932,2.2921181296828994
12/25/2020,Tomato,Sandy Loam,6.323301593603263,23.589401887569483,71.64016022634378,10.649902980821317,176.97641067938957,108.40080105091808,67.2605755850057,13.29166667,0.3790564271755835,5.685846407633753
12/26/2020,Tomato,Sandy Loam,5.715647347703894,22.75332439242191,69.8747332405562,8.971469025198662,172.2199619758263,103.00510142187323,59.627654234968546,21.75,0.1887984790330518,2.8319771854957785
12/27/2020,Tomato,Sandy Loam,6.286827152700848,21.639704596336593,81.30443708424237,7.682735663487037,186.16470420018445,91.80837955583321,51.57054371883146,13.29166667,0.7465881680073777,11.198822520110664
12/28/2020,Tomato,Sandy Loam,6.967872909466569,21.27155969384764,67.12589720999283,14.340437926474934,188.9537605192894,108.95713134507321,61.21078704833542,42.29166667,0.8581504207715767,12.87225631157365
12/29/2020,Tomato,Sandy Loam,7.342572823360214,23.098789358453203,74.74708741757271,11.820768180511427,171.44632950515876,95.17114527280492,56.64147781647641,42.29166667,0.1578531802063509,2.367797703095264
12/30/2020,Tomato,Sandy Loam,6.003358807720621,23.165310831953427,77.68794518994169,11.652813932565596,189.10230414583404,96.74424980812572,53.09883570675872,42.29166667,0.8640921658333611,12.961382487500416
12/31/2020,Tomato,Sandy Loam,6.210471034661005,21.517595102061325,67.07360580742059,9.26158325145277,180.4515319867349,98.04520827367084,66.98069026566947,21.75,0.5180612794693962,7.770919192040942
1/1/2021,Tomato,Sandy Loam,5.807921988208852,21.08457094648961,75.39214190944692,13.450487128674308,175.99131355907747,91.02448592808626,60.431990259822435,13.29166667,0.3396525423630991,5.094788135446487
1/2/2021,Tomato,Sandy Loam,6.881445788457937,22.224850539669593,76.55042575824886,12.13672187009487,171.53724150552327,99.9303084446121,68.66552824758134,58.0,0.1614896602209308,2.422344903313962
1/3/2021,Tomato,Sandy Loam,7.42037686001985,22.748156106399065,79.8499212101473,7.831832717810161,180.01248536140835,92.46636982150585,66.12033009206138,42.29166667,0.5004994144563343,7.507491216845014
1/4/2021,Tomato,Sandy Loam,6.781904439696351,23.118007228701572,69.69672098295065,10.99578660025048,185.89031088981497,98.01940653376704,63.859435875473345,58.0,0.7356124355925989,11.034186533888985
1/5/2021,Tomato,Sandy Loam,6.734153060012453,23.429835027458708,70.86655006581516,9.301939546012656,184.14172954533396,97.01419575984168,50.10051006730624,42.29166667,0.6656691818133585,9.985037727200378
1/6/2021,Tomato,Sandy Loam,6.606979861000868,22.831612281920197,76.39042293266067,5.06590162829713,171.00452022927948,105.45680166853006,58.556469132765,13.29166667,0.140180809171179,2.1027121375676856
1/7/2021,Tomato,Sandy Loam,5.676911481371073,21.332641825795456,84.66252819963228,13.076234315017974,171.45803670735808,106.06341023265462,53.94972563304064,33.83333333,0.1583214682943228,2.374822024414842
1/8/2021,Tomato,Sandy Loam,6.959007652858768,23.047745016427243,69.34986365640229,6.228303489197008,178.05746565265275,93.06825764778176,68.21595822097736,13.29166667,0.4222986261061097,6.334479391591645
1/9/2021,Tomato,Sandy Loam,6.704099087098702,23.952529928684648,84.71807654246928,10.09954506002614,175.90580988095886,97.33102374758452,53.4916796935272,58.0,0.3362323952383546,5.043485928575319
1/10/2021,Tomato,Sandy Loam,6.822953537712574,23.71675375379221,79.28685066108963,8.362261930848156,174.64768646112097,97.46706322063663,55.72120103318571,21.75,0.2859074584448383,4.288611876672574
1/11/2021,Tomato,Sandy Loam,7.297622186054843,23.615006727808538,81.52164139260046,8.420890412006775,175.62008997817426,93.0282088787217,60.336735354689985,58.0,0.3248035991269709,4.872053986904563
1/12/2021,Tomato,Sandy Loam,7.067921574122035,21.906510460075022,66.79282536472678,9.77364883413808,186.0696548659377,105.96907010102382,55.26727237996158,33.83333333,0.7427861946375077,11.141792919562617
1/13/2021,Tomato,Sandy Loam,7.061830504309052,23.252364529362,71.00840374861265,14.97023104019745,188.5845610726371,104.14456656670846,54.197293545582426,42.29166667,0.8433824429054831,12.650736643582247
1/14/2021,Tomato,Sandy Loam,7.354367537758695,23.553310337895436,66.15472559301962,9.083796806314758,178.10205389055133,93.8076357259407,61.98198650205505,21.75,0.4240821556220532,6.361232334330798
1/15/2021,Tomato,Sandy Loam,7.479869902926,23.034978613893788,72.4309399000635,6.823292298165724,188.12222004264993,97.33443817187597,51.77859045510048,21.75,0.8248888017059977,12.373332025589963
1/16/2021,Tomato,Sandy Loam,6.662565463922119,21.75168526970394,84.62579319840104,11.136063380493688,176.42991402495764,92.11610049713029,51.16335517441849,21.75,0.3571965609983055,5.357948414974583
1/17/2021,Tomato,Sandy Loam,5.717763232062332,23.861501915624874,67.10546124412677,7.362877080395212,179.52873972687584,102.56413194186088,57.44490590372143,58.0,0.4811495890750333,7.2172438361255
1/18/2021,Tomato,Sandy Loam,6.418259815550873,22.352458234376027,76.24745564742399,6.055491367129504,174.52057995632,92.42743849097239,64.41328909015725,13.29166667,0.2808231982527998,4.212347973791997
1/19/2021,Tomato,Sandy Loam,7.075202292923288,21.389416675997637,65.12141245627625,5.501741720659291,182.80952084351688,109.71868337249836,61.096135165478955,13.29166667,0.6123808337406752,9.185712506110129
1/20/2021,Tomato,Sandy Loam,5.555450649523698,21.329333685172177,79.25365632088125,5.228812740196839,189.5796223034962,105.61364149375724,58.457529369335575,33.83333333,0.8831848921398472,13.247773382097709
1/21/2021,Tomato,Sandy Loam,5.613774876712299,22.942556961897136,68.94385384744082,9.311646483110636,182.06986192086757,97.8047709916799,61.315031284491646,21.75,0.582794476834703,8.741917152520545
1/22/2021,Tomato,Sandy Loam,5.634315564765643,22.313128939250216,67.59169074249526,9.267257798733937,177.156281682271,101.57127864558709,57.30902969306547,33.83333333,0.3862512672908391,5.793769009362587
1/23/2021,Tomato,Sandy Loam,6.962071516656621,21.28345162553689,71.74035624321576,6.855454000779529,182.95634891981058,108.22683632432818,68.72292670864226,13.29166667,0.6182539567924227,9.27380935188634
1/24/2021,Tomato,Sandy Loam,6.502333257126344,23.221093716468285,80.42088595877964,12.840190537712092,172.45841356930777,101.08198560791652,51.098097818215486,42.29166667,0.19833654277231,2.975048141584651
1/25/2021,Tomato,Sandy Loam,6.237795887041187,23.39797550177586,67.13226172622421,6.292706279198788,187.77318160530797,93.4899697279591,63.4678295805967,13.29166667,0.810927264212319,12.163908963184785
1/26/2021,Tomato,Sandy Loam,5.711234090523472,23.176246892359355,69.59677991597391,14.153171926393023,180.06167901559672,97.57406711162318,67.825653296555,21.75,0.5024671606238691,7.537007409358036
1/27/2021,Tomato,Sandy Loam,6.964480500411778,21.60678263305204,65.16928843234619,10.875759776432725,178.98699484079285,106.86289730059491,66.07769417470507,58.0,0.4594797936317136,6.892196904475705
1/28/2021,Tomato,Sandy Loam,6.1420396211018,23.069326367988207,84.36829725391236,5.276163761049296,181.71729576907038,102.88426031979236,53.68082069642894,33.83333333,0.5686918307628154,8.53037746144223
1/29/2021,Tomato,Sandy Loam,6.030648140129334,21.032168408683155,76.84291199977727,14.629726257427166,182.49567725578805,103.014487686676,55.918526979605765,21.75,0.599827090231522,8.997406353472831
1/30/2021,Tomato,Sandy Loam,6.804638403107102,21.915336419035228,79.39799272769399,8.079412595458535,171.43551612453027,107.33642971376977,64.3409587741421,33.83333333,0.1574206449812104,2.361309674718157
1/31/2021,Tomato,Sandy Loam,6.618021785193683,22.196464594222633,78.02766342312029,9.499749595778534,183.65234442446805,107.87946114925009,51.68541118361531,21.75,0.646093776978722,9.69140665468083
2/1/2021,Tomato,Sandy Loam,6.2248212836266035,23.505740846656504,67.8872911773935,7.842686929945522,174.8386336063106,108.39585143558872,66.23723399665168,33.83333333,0.2935453442524237,4.403180163786355
2/2/2021,Tomato,Sandy Loam,6.782974941611176,22.171183119208212,76.89879877987988,12.284212980337776,184.2790526501318,91.89698386506312,64.3781388920958,21.75,0.6711621060052718,10.067431590079078
2/3/2021,Tomato,Sandy Loam,6.042443040768236,21.033808338568196,67.62831190282525,9.856802207195386,186.45069588768393,100.88252003926202,64.59213298470685,33.83333333,0.7580278355073574,11.37041753261036
2/4/2021,Tomato,Sandy Loam,7.089660523208654,22.057039235484027,73.02472907926256,6.323729594025026,186.0791701510504,104.81019042436637,52.004827405351826,58.0,0.7431668060420162,11.147502090630244
2/5/2021,Tomato,Sandy Loam,5.958637900615308,22.49677229507786,76.37926271850586,6.042039523594537,181.05001934815778,105.13853690254028,64.35521089632462,42.29166667,0.5420007739263113,8.13001160889467
2/6/2021,Tomato,Sandy Loam,5.817675390764031,23.84701436001832,76.17762228204312,12.253754133245748,180.40339784621503,102.13432403940007,63.5963625043994,21.75,0.5161359138486009,7.742038707729014
2/7/2021,Tomato,Sandy Loam,7.06487881899775,23.823102911368636,67.38146851965482,7.370814049312715,172.85751922678824,93.33574670367348,66.618449816437,33.83333333,0.2143007690715294,3.214511536072941
2/8/2021,Tomato,Sandy Loam,6.9157840613958665,21.542622114664233,65.68871939293044,6.377933746384725,185.5069230080627,105.94841107883329,50.83191912512939,33.83333333,0.7202769203225085,10.804153804837629
2/9/2021,Tomato,Sandy Loam,5.865277951403597,21.555439625218355,80.96468627747628,9.994275969978428,175.42818760893428,104.40222667029892,50.462213369355844,42.29166667,0.3171275043573714,4.756912565360572
2/10/2021,Tomato,Sandy Loam,5.732491505379876,21.49014436939365,79.5184487399201,13.02765287536304,179.93390845635892,91.72271543098073,57.46014199757121,33.83333333,0.4973563382543572,7.4603450738153585
2/11/2021,Tomato,Sandy Loam,7.176798176973384,23.36676579724231,66.63637809129476,7.787827458731304,175.68548185855033,99.27619649348753,52.97576567698306,42.29166667,0.3274192743420133,4.9112891151302005
2/12/2021,Tomato,Sandy Loam,7.053196964393376,21.018066121105218,67.54831037603107,7.764316117008078,172.67656725999387,93.47954799043607,61.167689551404436,58.0,0.2070626903997545,3.105940355996318
2/13/2021,Tomato,Sandy Loam,6.154514747399329,21.38153159457563,82.85167552779241,13.338812602603769,182.59115393783472,96.74954091425944,68.34697803013498,33.83333333,0.6036461575133892,9.05469236270084
2/14/2021,Tomato,Sandy Loam,6.816394816426733,22.6138788949323,80.3825780324356,6.4783379456878265,171.0866406964581,90.36162184411371,57.82959460668032,42.29166667,0.143465627858323,2.151984417874846
2/15/2021,Tomato,Sandy Loam,5.748320373095622,21.742686200660298,84.92320592433349,11.167275917865473,184.972904682524,98.00659736821517,66.89900754545208,13.29166667,0.69891618730096,10.4837428095144
2/16/2021,Tomato,Sandy Loam,6.5140953180953565,21.277069374717787,70.07974898410043,14.550134829825854,176.35173590522234,100.99753842312421,50.00481749035733,42.29166667,0.3540694362088933,5.3110415431334
2/17/2021,Tomato,Sandy Loam,5.53746058412084,22.079634037001505,74.7560597773763,13.413031495773076,170.0026938600897,102.39165185654174,53.370292869183686,21.75,0.1001077544035882,1.501616316053824
2/18/2021,Tomato,Sandy Loam,6.283203761843111,21.822622815180733,69.72919152124712,5.618152337797292,180.2225827847446,103.2698069025742,50.608470793081715,58.0,0.5089033113897838,7.633549670846758
2/19/2021,Tomato,Sandy Loam,5.64968564294281,22.533312919542855,77.45600276954619,8.199108765616254,170.93703817055206,106.7258262620492,56.562943610301375,42.29166667,0.1374815268220825,2.062222902331237
2/20/2021,Tomato,Sandy Loam,6.450294360313765,23.937700781490587,67.30828478182636,6.423744655926163,175.523391156418,94.3092581455146,68.16379191393005,21.75,0.3209356462567195,4.814034693850793
2/21/2021,Tomato,Sandy Loam,6.343363293705789,21.372913910444755,67.54486345486066,14.492406376871395,184.13952974911433,92.40963644876936,51.939042471979754,13.29166667,0.6655811899645729,9.983717849468594
2/22/2021,Tomato,Sandy Loam,6.388770053276112,22.118180114502284,66.43775782810245,14.859415662220812,171.2537924324373,107.0307434379585,62.128195534876006,58.0,0.1501516972974927,2.2522754594623904
2/23/2021,Tomato,Sandy Loam,5.590662604095988,23.795955053617423,78.87172164528334,7.349930205400379,186.78676984712004,93.132256297853,59.02991878238888,42.29166667,0.7714707938848019,11.572061908272028
2/24/2021,Tomato,Sandy Loam,6.223232682563665,23.630619130481467,74.88145154866413,11.696990448287526,170.07639845317166,109.49520162672391,68.76936424731625,33.83333333,0.1030559381268664,1.5458390719029973
2/25/2021,Tomato,Sandy Loam,7.012967698199833,22.182813104352842,77.35462432709261,13.416317320471183,174.93647738403806,106.85076458797275,52.450382850741875,58.0,0.2974590953615218,4.461886430422827
2/26/2021,Tomato,Sandy Loam,6.23782874670724,23.09685979355921,82.58602093178717,7.336802844144765,184.81808112304142,100.01753211779199,54.24055701004458,33.83333333,0.6927232449216572,10.390848673824856
2/27/2021,Tomato,Sandy Loam,6.9303439052191615,21.263571040744036,79.80656969510717,6.876806343209775,176.32540299458614,109.62842849844051,50.590839372229865,13.29166667,0.3530161197834455,5.295241796751682
2/28/2021,Tomato,Sandy Loam,6.238957447267467,23.137623166630846,74.23445836333381,5.112110232472803,172.03784776132028,91.94753458216009,58.67870499262747,13.29166667,0.1815139104528108,2.722708656792163
3/1/2021,Tomato,Sandy Loam,6.346478882980373,23.918573188454225,84.68711976788452,9.119624569415258,177.20467837600856,96.06131522350204,55.556657991293086,21.75,0.3881871350403423,5.822807025605135
3/2/2021,Tomato,Sandy Loam,6.627784225658532,22.612464458502576,74.12512202283946,13.994374623947165,175.4078657276905,102.76448830081223,67.39811867780642,33.83333333,0.3163146291076204,4.744719436614306
3/3/2021,Tomato,Sandy Loam,7.401363873614165,22.495470681103242,67.24901346467067,14.029796490563488,186.8542380432111,97.00013736946357,62.0988162639551,42.29166667,0.774169521728444,11.61254282592666
3/4/2021,Tomato,Sandy Loam,5.71772089329331,21.56195585910573,84.85309494505432,6.277431275090163,176.26695835170287,108.56745103961583,62.281814759514035,33.83333333,0.3506783340681145,5.260175011021718
3/5/2021,Tomato,Sandy Loam,5.565827537322347,22.901364596721876,65.45641460029695,7.043524805283949,185.77864943552015,91.31252176355635,60.63821393762605,33.83333333,0.7311459774208058,10.967189661312087
3/6/2021,Tomato,Sandy Loam,6.7159143676200905,22.771311842336743,75.99767118975504,9.080473309345336,187.8374428962147,100.98823664121929,51.837006744584016,42.29166667,0.8134977158485878,12.202465737728817
3/7/2021,Tomato,Sandy Loam,7.398194177856853,22.955799178427252,71.18190977399419,12.80624545163702,178.67634839153058,101.81732534790228,58.90037367450711,42.29166667,0.4470539356612236,6.705809034918355
3/8/2021,Tomato,Sandy Loam,7.47944626510943,21.078249860054164,75.0710430203397,11.118514835317283,188.19886287708783,103.05456247554449,69.99010379417032,33.83333333,0.8279545150835136,12.419317726252704
3/9/2021,Tomato,Sandy Loam,6.468328494784004,22.64617046504722,76.17425905189043,10.138497435202163,177.54636107926385,95.11332446663629,66.7045858169203,13.29166667,0.4018544431705543,6.027816647558314
3/10/2021,Tomato,Sandy Loam,6.436163242170197,22.784804530492117,69.80191792556975,10.919318842226032,189.28156832980216,97.29132855039728,67.86918108334231,21.75,0.8712627331920866,13.0689409978813
3/11/2021,Tomato,Sandy Loam,6.789927541490393,21.622590406238405,76.13717511474523,5.961996938022967,171.78579049051146,106.87361059329956,66.46452718492999,13.29166667,0.1714316196204583,2.571474294306875
3/12/2021,Tomato,Sandy Loam,6.61126951440994,21.624998572465607,80.12122224011075,9.77663642254907,183.74038533006487,93.8988553794032,52.06083386861965,13.29166667,0.6496154132025942,9.744231198038912
3/13/2021,Tomato,Sandy Loam,6.768176115228236,21.82865450553285,70.33019674487997,14.920632895391284,179.87628080913856,106.53735694346724,54.54896508129599,42.29166667,0.4950512323655429,7.425768485483144
3/14/2021,Tomato,Sandy Loam,7.2479988510757885,23.135164775181714,72.66852266627814,5.884461469390878,177.75297610911295,101.25310845805485,50.06243302712819,42.29166667,0.4101190443645176,6.151785665467765
3/15/2021,Tomato,Sandy Loam,6.992612338975219,22.818798190597114,70.36485386328116,10.192466776348864,182.65423757497203,105.24375022388165,56.07020249756223,58.0,0.6061695029988807,9.09254254498321
3/16/2021,Tomato,Sandy Loam,6.493754783373591,23.537287938353415,81.41119461976405,7.956492616573746,184.07714183268664,104.27214732526943,52.17214804692985,33.83333333,0.6630856733074649,9.946285099611972
3/17/2021,Tomato,Sandy Loam,6.423728918000339,21.886975715529296,79.49964518419193,10.39913296861959,170.0872653930062,94.15022990769758,59.45586690603166,13.29166667,0.1034906157202472,1.552359235803709
3/18/2021,Tomato,Sandy Loam,6.7792034970262325,23.736204179664956,82.42392874436814,10.738187600337469,173.33906177494399,101.37625472867745,63.542549771478036,13.29166667,0.2335624709977589,3.5034370649663846
3/19/2021,Tomato,Sandy Loam,6.4114125688405945,23.231118485950077,68.40099785803318,10.77472898119476,184.26092101268637,107.35446305610185,67.49010590076153,33.83333333,0.670436840507455,10.056552607611826
3/20/2021,Tomato,Sandy Loam,6.41555870253128,22.18503501004109,66.47159276319503,13.522087853108866,183.32770827156412,98.64232473603859,64.98434330181796,58.0,0.6331083308625651,9.496624962938476
3/21/2021,Tomato,Sandy Loam,5.53261180357301,21.28578619687637,67.38767007717347,8.89747414673661,189.32095010257353,109.33181540446634,68.77171191557011,42.29166667,0.8728380041029418,13.092570061544128
3/22/2021,Tomato,Sandy Loam,5.848128274814616,21.77095098746245,68.22036665648473,10.16354162666496,185.22075580501567,99.04430200203436,51.07796580787578,21.75,0.7088302322006265,10.632453483009398
3/23/2021,Tomato,Sandy Loam,6.477027279991506,23.870304651644553,75.66165321349605,5.109283989677485,189.01545415462675,92.85571273335769,50.24359670833083,33.83333333,0.8606181661850705,12.909272492776058
3/24/2021,Tomato,Sandy Loam,7.145306918100738,21.931090127652237,84.4182414072553,12.895506015797668,184.05081003069614,97.78869360155346,63.22676227672425,13.29166667,0.6620324012278456,9.930486018417684
3/25/2021,Tomato,Sandy Loam,6.057454013454248,21.989702880447194,72.14470833233564,7.594877073758529,175.96104417278886,109.03404812781073,55.78704820444492,33.83333333,0.3384417669115545,5.076626503673318
3/26/2021,Tomato,Sandy Loam,6.545286866262298,21.56876679329315,84.17016538720411,13.165550240405164,172.10729844501714,96.39441698679708,55.07002032211546,58.0,0.1842919378006852,2.764379067010278
3/27/2021,Tomato,Sandy Loam,6.189924169518465,23.420551803416295,65.7640158997836,7.656386663803172,185.6364772668987,107.36196319734125,56.61774175387588,33.83333333,0.7254590906759485,10.881886360139228
3/28/2021,Tomato,Sandy Loam,5.709607979079178,21.82693269072683,83.53744405629317,5.107884962624922,182.88298442951833,107.62501363363779,55.39592115784728,13.29166667,0.6153193771807327,9.229790657710993
3/29/2021,Tomato,Sandy Loam,7.416596966142601,21.990774745106567,68.62305214609943,6.548313181934468,170.96372024786592,97.00373048663923,60.22872812603175,33.83333333,0.138548809914637,2.078232148719555
3/30/2021,Tomato,Sandy Loam,7.209347740500603,22.24304432529488,83.24949971438699,14.85682902572168,177.20100931801957,91.66515316101264,58.80296894448265,33.83333333,0.3880403727207827,5.820605590811741
3/31/2021,Tomato,Sandy Loam,5.656984848933813,22.30118483932383,66.12454860230922,8.198012459479886,189.1359963096857,104.49115818317637,60.248571027533124,58.0,0.8654398523874289,12.981597785811434
4/1/2021,Tomato,Sandy Loam,6.939574524936569,22.234022371245064,83.96438894990065,6.088239020127472,180.00802291420402,96.23024598027972,63.454272230008726,21.75,0.500320916568161,7.504813748522415
4/2/2021,Tomato,Sandy Loam,6.195159808715,22.511231086124187,69.01596528637722,6.187588036257505,178.6545827203941,105.65847228515145,57.74261017942297,33.83333333,0.4461833088157637,6.692749632236456
4/3/2021,Tomato,Sandy Loam,7.489699614123586,23.44353863884921,71.05428120146321,8.103427140572238,179.15399210318589,98.85309696520866,55.026153742843135,42.29166667,0.4661596841274352,6.992395261911529
4/4/2021,Tomato,Sandy Loam,6.104797039657956,23.457855122226064,74.81884688205916,5.37645041116763,174.17765448010329,99.70533484685242,53.32401073617491,33.83333333,0.267106179204131,4.006592688061965
4/5/2021,Tomato,Sandy Loam,5.9774768907252,23.394939401290042,72.6144176247095,10.114885881219536,177.3741434172959,105.55818813497073,56.98948239065251,42.29166667,0.3949657366918362,5.924486050377543
4/6/2021,Tomato,Sandy Loam,6.635781096610811,21.30337451734946,78.350559385263,7.137409154893202,177.39626511974353,97.64726662123256,64.83612950492343,13.29166667,0.3958506047897413,5.93775907184612
4/7/2021,Tomato,Sandy Loam,7.170252326686408,23.399036409824443,84.49615534500154,10.193106413968724,171.04710040374945,98.86254690645829,65.1340982022294,42.29166667,0.1418840161499779,2.128260242249669
4/8/2021,Tomato,Sandy Loam,5.885037743639596,21.36075532045973,77.12852981609882,6.407642186992202,185.35135257035836,97.52380937539245,63.338107733684204,21.75,0.7140541028143347,10.71081154221502
4/9/2021,Tomato,Sandy Loam,6.9188055394386625,21.374171310156775,79.42970818873098,9.298572290174924,178.33008863807757,97.3468103055456,54.68056350613749,58.0,0.4332035455231032,6.498053182846549
4/10/2021,Tomato,Sandy Loam,5.622813166282244,23.84358831490488,66.76010500611403,10.979168584012443,186.44359773632846,100.5189315380292,61.76172491709396,58.0,0.7577439094531386,11.36615864179708
4/11/2021,Tomato,Sandy Loam,7.3378694862209946,23.458193534116624,77.55624858140011,5.61999938338108,187.00696002239792,106.175988890023,61.41379323153696,42.29166667,0.7802784008959164,11.704176013438746
4/12/2021,Tomato,Sandy Loam,5.662149832294597,22.657231400604026,74.07699554092827,8.987493092510586,174.23988109397317,97.23536623845132,59.68532396219451,21.75,0.2695952437589264,4.043928656383897
4/13/2021,Tomato,Sandy Loam,7.328462752688325,23.624910613433585,82.71564715839257,8.025238209896877,183.14706964340257,100.48509441075473,60.999579727677286,21.75,0.6258827857361029,9.388241786041544
4/14/2021,Tomato,Sandy Loam,6.481614498905405,23.968093927655588,72.76422199286203,7.40359816488634,179.44563608325964,103.41454650885201,59.835812652473365,58.0,0.4778254433303853,7.1673816499557805
4/15/2021,Tomato,Sandy Loam,6.39618222559184,22.83192619989533,78.58908288099838,11.045346260844966,187.6031347584297,95.3887889260731,61.309127321482165,42.29166667,0.8041253903371881,12.061880855057822
4/16/2021,Tomato,Sandy Loam,7.446614159000753,22.838695310944555,69.56307456518158,10.885419857654073,174.3148135835291,95.55045609804785,64.31011909242258,21.75,0.2725925433411633,4.08888815011745
4/17/2021,Tomato,Sandy Loam,7.480768355396438,23.263281087479783,70.18745067048391,11.306998066776934,183.55626400620088,108.6682625404691,52.1925638880688,21.75,0.6422505602480354,9.633758403720533
4/18/2021,Tomato,Sandy Loam,6.8003562519220235,21.696416857095997,72.52244861844547,6.588826704325213,182.15504244505445,104.47069146662177,64.99251504298047,33.83333333,0.5862016978021781,8.793025467032672
4/19/2021,Tomato,Sandy Loam,5.754238583714097,21.501374584556398,71.08127075013006,7.857092448623277,175.90602955143666,101.54373352446618,52.717723002551885,33.83333333,0.3362411820574662,5.043617730861993
4/20/2021,Tomato,Sandy Loam,6.512340171310405,23.27874225004522,70.07757678780149,7.096787779950788,172.73201807302345,102.95440108841224,51.33255996820749,13.29166667,0.2092807229209381,3.139210843814072
4/21/2021,Tomato,Sandy Loam,6.558326201911325,22.03471438498231,65.99337411801619,10.40503604997842,183.03279520954553,90.58598886206836,69.52159372442935,13.29166667,0.6213118083818212,9.31967712572732
4/22/2021,Tomato,Sandy Loam,6.52889285627062,21.4052110689178,81.73492663504918,9.610656892096165,184.77194916264662,102.36205931123393,69.13983537740883,58.0,0.6908779665058645,10.363169497587968
4/23/2021,Tomato,Sandy Loam,6.638983677040019,21.94463317775325,66.28603061782569,8.3029373759275,176.312546875267,100.19017746448404,51.20873089881128,13.29166667,0.35250187501068,5.2875281251602
4/24/2021,Tomato,Sandy Loam,5.537449427588781,22.075910603623726,82.74731031205935,12.860148088684332,182.89665208044627,100.91499359558871,58.86506882949924,33.83333333,0.6158660832178511,9.237991248267766
4/25/2021,Tomato,Sandy Loam,6.922454562941005,23.895682978517073,67.5093077813612,5.939737444083828,177.90261815223008,97.18847653661635,53.7248987659955,58.0,0.4161047260892027,6.24157089133804
4/26/2021,Tomato,Sandy Loam,6.924788603905976,23.09387913326377,66.30523474125319,14.748966887556422,184.26413766565236,91.62947795425883,59.70689794268836,21.75,0.6705655066260942,10.058482599391413
4/27/2021,Tomato,Sandy Loam,5.730939550355776,22.5925689521992,76.26009527961395,6.165440778153188,173.98430549788105,93.86678467224104,66.60354485999174,58.0,0.2593722199152425,3.8905832987286377
4/28/2021,Tomato,Sandy Loam,6.640478884891602,23.906619416047814,75.04883585149443,12.730708125683694,187.80430005272348,109.01489426425343,69.0122354948578,33.83333333,0.8121720021089395,12.182580031634092
4/29/2021,Tomato,Sandy Loam,6.636722364871549,23.709419221422543,74.8246913766377,8.682301891608319,175.7481919293116,98.17399124541868,62.685053069030744,58.0,0.3299276771724638,4.948915157586957
4/30/2021,Tomato,Sandy Loam,6.8649008403808,22.53600256984248,76.49008655002795,13.652622291318057,177.35571975512306,99.33366311661729,57.07811334423634,42.29166667,0.3942287902049223,5.913431853073835
5/1/2021,Tomato,Sandy Loam,5.670795384270162,23.71703890613094,70.74113212238312,5.74169948784162,171.16183904160698,91.05419579706879,62.06651131289197,13.29166667,0.1464735616642798,2.1971034249641974
5/2/2021,Tomato,Sandy Loam,6.753006614532193,22.21291397418797,78.25898546859223,8.747217101923379,172.2302442464255,90.7513245908796,56.240026122169006,58.0,0.1892097698570211,2.8381465478553167
5/3/2021,Tomato,Sandy Loam,6.061503901492682,21.691261996069873,75.04804439414366,8.354434065002362,180.31723805424656,104.34362894093516,68.1964728166412,13.29166667,0.5126895221698625,7.6903428325479375
5/4/2021,Tomato,Sandy Loam,6.514005980992344,21.698034530466256,71.6948693391465,14.931570382255352,175.35185353455944,100.76189328242222,67.40800926211674,33.83333333,0.3140741413823772,4.711112120735658
5/5/2021,Tomato,Sandy Loam,7.046647105408153,22.98694657332638,81.53001333961456,14.855489948896256,186.70960451484387,100.17411968432533,61.16463500559322,13.29166667,0.7683841805937556,11.525762708906331
5/6/2021,Tomato,Sandy Loam,6.911291872726027,22.50321096212183,79.5544219265342,6.89803958666388,170.29386777309907,94.86249060845337,56.49597830760721,21.75,0.111754710923963,1.676320663859446
5/7/2021,Tomato,Sandy Loam,5.7378060353559865,22.976852541016342,72.87220683889244,11.29946960698339,177.58188097343873,104.89501463259845,55.86779351165957,58.0,0.403275238937549,6.049128584063236
5/8/2021,Tomato,Sandy Loam,6.682369574232147,23.05822789278651,81.95235570457746,10.355194199109402,176.74691093538186,93.36473158216984,50.66835989410119,33.83333333,0.3698764374152742,5.548146561229113
5/9/2021,Tomato,Sandy Loam,7.438233061881477,21.066968618693153,83.40516500223549,6.543734912407388,170.38655261835203,93.7986948732204,66.31641702050591,33.83333333,0.1154621047340808,1.7319315710112124
5/10/2021,Tomato,Sandy Loam,5.813538874670004,21.162118777043705,75.73732534168725,6.677797061044231,172.4873679800102,99.21424342696551,59.00766426078016,21.75,0.1994947192004081,2.9924207880061227
5/11/2021,Tomato,Sandy Loam,7.20581417545083,22.59803317977375,69.29904900313842,14.892517284795549,178.2728534983727,95.72559724223882,56.50265856800529,13.29166667,0.4309141399349082,6.463712099023623
5/12/2021,Tomato,Sandy Loam,6.905096161107554,21.57310643328023,83.31584313093974,9.527299936209328,179.85729168894892,94.94925962466293,59.422207099955074,13.29166667,0.4942916675579573,7.41437501336936
5/13/2021,Tomato,Sandy Loam,7.04800662581952,22.897601306413318,68.78959240191034,6.258012920000735,178.08579494509738,102.90475289106664,66.37475980909304,13.29166667,0.4234317978038953,6.35147696705843
5/14/2021,Tomato,Sandy Loam,6.063916654285291,22.656557217511946,65.96846452834538,7.147900387392543,180.61875356824189,103.01943490437088,52.492284154150425,21.75,0.5247501427296751,7.871252140945127
5/15/2021,Tomato,Sandy Loam,6.075777858759685,22.757281075112672,71.54974017746261,7.683480672485496,181.90263349811363,106.49034139599858,67.15311976483655,42.29166667,0.5761053399245453,8.641580098868179
5/16/2021,Tomato,Sandy Loam,7.3120389115529765,21.907366139493032,79.5393268892208,10.109172633186194,170.19847642255672,98.35417133945951,67.95017670216708,58.0,0.1079390569022685,1.6190858535340278
5/17/2021,Tomato,Sandy Loam,6.2196640641851175,22.91953051883369,83.465481727071,8.355481295063093,179.28190318907008,91.461701820523,68.93415830067777,13.29166667,0.4712761275628031,7.069141913442047
5/18/2021,Tomato,Sandy Loam,5.626030781385621,23.48847790945507,77.7457129362888,9.55011785889921,189.26998481775178,95.47332769842916,57.94975984845256,42.29166667,0.8707993927100707,13.06199089065106
5/19/2021,Tomato,Sandy Loam,6.7011934071589,23.99421376077671,84.0367709393332,6.664995511013627,180.38064560259096,109.60010926393633,54.342808080753436,21.75,0.515225824103639,7.728387361554586
5/20/2021,Tomato,Sandy Loam,5.749635338083685,23.515333158516643,66.84741678551794,8.267286905875062,183.55084534917907,101.92517150465405,57.47281636933397,42.29166667,0.6420338139671625,9.63050720950744
5/21/2021,Tomato,Sandy Loam,7.093192482815816,22.67249627903984,66.2150745917604,5.70316592717754,176.23727715833766,104.1947416960204,56.658241924628065,33.83333333,0.3494910863335065,5.242366295002599
5/22/2021,Tomato,Sandy Loam,6.783492885002115,21.580288775039868,77.08383901487328,13.897102734758487,185.47982756305524,90.1471565925083,53.5230782500572,13.29166667,0.71919310252221,10.78789653783315
5/23/2021,Tomato,Sandy Loam,7.249453010442417,23.044337628359465,84.3223264498551,6.987524771685783,185.4584296375223,100.36411464365042,62.14533340202976,58.0,0.7183371855008921,10.77505778251338
5/24/2021,Tomato,Sandy Loam,7.06967449956527,23.812961356673934,75.05442617909448,12.569001354287389,180.42592095308277,90.75057315063606,59.53248321017258,21.75,0.5170368381233111,7.755552571849667
5/25/2021,Tomato,Sandy Loam,5.724227296676393,21.635599619196906,66.0303045187861,8.495517882033461,189.52027646558426,101.38460424182895,67.31401984648008,42.29166667,0.880811058623371,13.212165879350565
5/26/2021,Tomato,Sandy Loam,6.262141352868845,21.767986861579733,69.42437312154912,9.743973189397934,172.51100429525306,108.4154169927215,50.642191609641166,21.75,0.2004401718101227,3.006602577151841
5/27/2021,Tomato,Sandy Loam,7.049120499829175,21.447025630234954,69.89585812831541,7.912610394612268,170.33895329779162,109.36838261000815,62.877358551102525,13.29166667,0.1135581319116648,1.703371978674972
5/28/2021,Tomato,Sandy Loam,6.334682946532651,23.210164930879206,71.757142582739,11.9644127110737,185.40316423514193,100.81105350777848,65.25897757023122,58.0,0.7161265694056768,10.74189854108515
5/29/2021,Tomato,Sandy Loam,7.444730969559957,22.219684510270977,65.87206767172425,13.445464192747076,186.14311074729764,99.16409610504432,65.18973138376614,13.29166667,0.745724429891906,11.18586644837859
5/30/2021,Tomato,Sandy Loam,6.971480899786899,21.188086916659152,83.09785400995833,7.862701847395881,172.40414458241153,108.90034188496988,67.72147934191051,58.0,0.196165783296461,2.942486749446915
5/31/2021,Tomato,Sandy Loam,5.530999833380642,23.62484997447084,75.3112788944299,7.422176436635924,175.31165665917212,103.4721966399339,64.58067485658988,13.29166667,0.3124662663668849,4.686993995503274
6/1/2021,Tomato,Sandy Loam,7.259971383121673,22.6730157141077,78.41861585908218,11.814402654638968,170.35104726733258,91.29798559076819,68.55620123295392,21.75,0.1140418906933031,1.710628360399547
6/2/2021,Tomato,Sandy Loam,5.701609569737116,21.993282876001068,66.34345673790018,6.951530605677209,175.8661722156113,99.31451155334994,56.65313199641783,13.29166667,0.3346468886244518,5.019703329366777
6/3/2021,Tomato,Sandy Loam,5.781047448360171,22.03194892818329,66.08230935607298,11.398397656097725,185.46283747837344,94.80490036928607,60.06418833503086,21.75,0.7185134991349372,10.777702487024058
6/4/2021,Tomato,Sandy Loam,6.968984801222102,21.87075366057272,76.72935544081095,5.944280796936355,180.35921055425158,99.39608642897363,50.28159326565781,21.75,0.5143684221700632,7.715526332550947
6/5/2021,Tomato,Sandy Loam,7.229937118860961,22.366440517177924,82.74592021008417,11.201371599606873,176.96191186336577,99.10931144012723,50.13915174606582,42.29166667,0.3784764745346305,5.677147118019458
6/6/2021,Tomato,Sandy Loam,6.572699255799112,22.011125065464434,75.56964001919094,10.13406734010433,177.43478589812662,101.64289605629484,54.8025324090304,33.83333333,0.3973914359250642,5.960871538875963
6/7/2021,Tomato,Sandy Loam,6.078099465891558,22.643838912211827,82.55638345140143,6.139057155763084,170.02707251430937,97.13540980698502,52.0161439427817,58.0,0.1010829005723745,1.5162435085856178
6/8/2021,Tomato,Sandy Loam,6.202631090506351,23.320551756813884,81.21982546110479,11.491036348646,175.99601055130472,93.28540898911857,55.20422735871507,33.83333333,0.3398404220521887,5.097606330782831
6/9/2021,Tomato,Sandy Loam,6.185778659192112,23.02338385033312,66.51707571589841,9.465571570340758,182.9291748327586,100.07438869179913,53.54086589056795,21.75,0.6171669933103444,9.257504899655164
6/10/2021,Tomato,Sandy Loam,6.153356207619025,21.883370678262352,69.0391494877138,7.171150508170857,189.48388887632714,106.60405768691524,50.57040049677296,33.83333333,0.8793555550530857,13.190333325796283
6/11/2021,Tomato,Sandy Loam,5.9858193436433,22.586223034619337,78.15421338310685,8.533841557021773,186.94121653967798,103.28024456135205,68.18608292812098,42.29166667,0.7776486615871196,11.664729923806794
6/12/2021,Tomato,Sandy Loam,6.717734189258466,23.520378479736753,73.87002765100084,9.921021056389296,170.4718992929106,96.76735731850431,50.16446262777783,58.0,0.1188759717164233,1.7831395757463495
6/13/2021,Tomato,Sandy Loam,7.300810637130135,21.204618704228178,70.81399627293841,5.91554227264382,187.97121209349677,108.71046045517714,64.7216428867417,21.75,0.8188484837398715,12.282727256098072
6/14/2021,Tomato,Sandy Loam,6.114164826166682,21.234891800960714,73.37267712095958,14.576094831283545,185.66396826597253,108.24415142498364,53.04295773839033,58.0,0.7265587306389008,10.89838095958351
6/15/2021,Tomato,Sandy Loam,5.873388594922824,22.66851020414926,73.9039929254127,11.655621562121212,185.6075224714196,94.18696798768198,68.244592439992,13.29166667,0.7243008988567844,10.864513482851766
6/16/2021,Tomato,Sandy Loam,7.177155332742849,22.91734538516941,83.21104501643194,6.02534981287696,179.15991518007144,90.78835170240725,67.85591879179772,21.75,0.4663966072028572,6.995949108042859
6/17/2021,Tomato,Sandy Loam,6.983566661779406,21.63423904732771,67.06916567409905,13.228621843284596,177.96010585909005,104.82617416701524,63.07802292738515,42.29166667,0.4184042343636023,6.276063515454035
6/18/2021,Tomato,Sandy Loam,7.361674063119821,23.235660380074556,70.5946149361523,8.225549309461453,176.05831457666386,106.55220522698306,63.444682996012105,21.75,0.3423325830665541,5.134988745998312
6/19/2021,Tomato,Sandy Loam,5.831039471209819,22.938790131122182,75.75129633165427,10.967995367131838,171.31389717908732,109.3572913190271,50.10678283939377,13.29166667,0.1525558871634926,2.2883383074523898
6/20/2021,Tomato,Sandy Loam,5.788502628233183,23.76986780470886,78.96573853261184,7.771428415795732,174.564707269874,107.79672788176622,69.69743132227204,21.75,0.2825882907949593,4.238824361924389
6/21/2021,Tomato,Sandy Loam,6.582858788609993,21.50686260557561,77.61274577918488,12.334059449146071,174.93207269956048,102.0106953641283,67.55665207151628,33.83333333,0.2972829079824197,4.459243619736296
6/22/2021,Tomato,Sandy Loam,6.728867309670191,23.254122796074032,83.83285475474788,12.230089750001024,179.68154139420403,100.60104678424761,67.90212451460184,42.29166667,0.4872616557681613,7.308924836522419
6/23/2021,Tomato,Sandy Loam,6.460346883719179,21.2509292717498,80.91217849638946,10.52043456872418,184.94888813193387,90.55682102525172,63.18489074101744,58.0,0.6979555252773552,10.469332879160328
6/24/2021,Tomato,Sandy Loam,6.6979332726477505,22.69587722855369,76.14153683948861,7.409255924715781,179.47619656795894,94.93312893689556,56.89573857309073,33.83333333,0.4790478627183573,7.185717940775359
6/25/2021,Tomato,Sandy Loam,5.860759537750143,22.655685418497438,69.29365383347015,7.537038075121455,171.15688898894322,99.19229503465853,67.87297298180962,33.83333333,0.1462755595577285,2.194133393365928
6/26/2021,Tomato,Sandy Loam,6.4592275083281665,22.16515513394022,74.0174846280448,8.82862796694943,189.15579601976407,102.57007800167136,55.830338563023844,58.0,0.8662318407905631,12.993477611858449
6/27/2021,Tomato,Sandy Loam,6.816185121879336,23.533713443005702,78.86764488388954,6.450121673962853,188.85448638188225,101.14503666636821,61.254230866844054,33.83333333,0.8541794552752898,12.812691829129347
6/28/2021,Tomato,Sandy Loam,6.365412898497407,21.013111934358037,81.7592434967217,8.376557131909236,185.70379086296816,104.85271979363381,51.99461944687765,33.83333333,0.7281516345187268,10.922274517780902
6/29/2021,Tomato,Sandy Loam,6.8588946716331955,22.56053820569556,84.19472448844775,11.843546012483124,189.8265580312844,95.59533861774082,68.439112602655,58.0,0.8930623212513765,13.395934818770648
6/30/2021,Tomato,Sandy Loam,6.402382561107679,21.651460649505562,77.10905532275835,13.308452800594212,180.88964665600525,101.29905215304946,52.81540915542427,42.29166667,0.5355858662402103,8.033787993603156
7/1/2021,Tomato,Sandy Loam,6.167199161684555,23.230495857349297,75.53838734608865,8.325822904933613,189.25536700506413,91.76284486781584,54.497936114608144,33.83333333,0.8702146802025649,13.053220203038473
7/2/2021,Tomato,Sandy Loam,6.107210094174185,21.129202278918292,65.35383846242297,7.33590258254364,171.512100812335,98.27331047166413,61.1626831625643,13.29166667,0.1604840324934006,2.4072604874010093
7/3/2021,Tomato,Sandy Loam,6.321804117977176,23.494664064544732,66.4419813830036,13.326425783351343,177.31361496522743,105.00321665909202,65.28186000425963,42.29166667,0.3925445986090971,5.888168979136456
7/4/2021,Tomato,Sandy Loam,5.546179245364401,23.514276680120854,68.122099952748,13.907040273859211,174.5076253601353,103.86801706858088,62.38702611872598,13.29166667,0.2803050144054126,4.2045752160811904
7/5/2021,Tomato,Sandy Loam,6.837050276892228,23.49859803721051,66.09519862379256,9.100215233120643,173.9166616826854,109.81285474344358,54.64267825600312,21.75,0.256666467307416,3.849997009611241
7/6/2021,Tomato,Sandy Loam,7.190211281960524,21.45770558019801,73.01726477609853,5.269041538496339,172.81605897785352,95.55782251975512,50.01886085054981,33.83333333,0.2126423591141408,3.189635386712113
7/7/2021,Tomato,Sandy Loam,6.209254188886237,22.891219555683136,71.73757090277745,11.94961620894152,182.44827283131994,99.96378598347958,65.14301160614879,21.75,0.5979309132527973,8.96896369879196
7/8/2021,Tomato,Sandy Loam,5.5920662722834376,21.04310207755017,77.74708315736785,12.840332361831294,185.6264371149461,96.59060827547994,69.70414651822188,13.29166667,0.725057484597844,10.87586226896766
7/9/2021,Tomato,Sandy Loam,7.473551194771115,23.5438877738676,75.71330215866806,5.180242531644402,181.5659679884072,98.8120622811835,66.19826240612181,13.29166667,0.5626387195362885,8.439580793044328
7/10/2021,Tomato,Sandy Loam,6.027396510902134,23.168925580525862,76.9194151877572,10.950308533415132,172.9392541917642,107.13900259738776,59.2041323631323,33.83333333,0.2175701676705677,3.263552515058516
7/11/2021,Tomato,Sandy Loam,5.753242243381546,22.59346119269776,74.43954405875309,10.88368758244175,186.22247539866942,103.68418150376974,68.07534522798213,42.29166667,0.7488990159467768,11.233485239201652
7/12/2021,Tomato,Sandy Loam,6.239505015946056,23.19177429928985,70.55474297108515,8.78707908747914,182.71909414327456,107.64882382695163,58.196953462367,42.29166667,0.6087637657309828,9.131456485964742
7/13/2021,Tomato,Sandy Loam,6.977114081267113,21.282972289955318,84.05650629892955,12.497673258508378,177.7633141225399,94.07022216663773,60.498681684869354,42.29166667,0.4105325649015964,6.157988473523946
7/14/2021,Tomato,Sandy Loam,6.087833193781131,22.585967496530568,66.72818319520277,9.281790381143606,183.48260591072125,107.46722235682876,59.54259534791366,21.75,0.6393042364288504,9.589563546432757
7/15/2021,Tomato,Sandy Loam,6.649406407838976,21.873829475449337,83.77781998930615,11.76775951791364,175.19809958485666,91.19524548356769,58.9524774533105,42.29166667,0.3079239833942663,4.618859750913995
7/16/2021,Tomato,Sandy Loam,6.331119988874285,23.91785838966892,71.22476093729469,10.17117304635152,176.90384416988422,107.77198560874305,65.50381538587811,58.0,0.3761537667953684,5.642306501930526
7/17/2021,Tomato,Sandy Loam,5.7355279845532365,23.571353851871706,75.25322890734594,7.484646047028439,188.3497168626398,96.58147558921456,60.53537814538984,58.0,0.8339886745055922,12.509830117583885
7/18/2021,Tomato,Sandy Loam,6.1605740249842205,23.19982708750193,67.17684645655092,11.065008630101318,175.8100901134284,96.29175266828133,56.33434244050432,33.83333333,0.3324036045371363,4.9860540680570455
7/19/2021,Tomato,Sandy Loam,6.9497410114281335,23.801242905749195,66.41862136742019,12.369084948458417,179.39976536315874,100.24177153397328,55.163163353169566,13.29166667,0.4759906145263493,7.139859217895239
7/20/2021,Tomato,Sandy Loam,6.724007794662891,22.04052991369642,73.59090897437206,14.739056734370036,187.8028227479203,108.81380375446463,50.75494633934867,13.29166667,0.8121129099168117,12.181693648752177
7/21/2021,Tomato,Sandy Loam,5.739556759767122,23.702639696964543,79.83394752759357,8.801089468024134,184.15442700535056,90.95562729362811,61.66390323766092,33.83333333,0.666177080214022,9.99265620321033
7/22/2021,Tomato,Sandy Loam,5.826644819428617,21.975714696320132,70.38729555097098,5.644725446663511,171.24406452329404,97.0446195014149,54.599228308020685,33.83333333,0.1497625809317622,2.246438713976433
7/23/2021,Tomato,Sandy Loam,6.781466718614891,23.19839015907346,76.2469577787064,14.87971221221352,172.9460608855794,107.13143977366671,52.962678440327664,33.83333333,0.2178424354231762,3.267636531347644
7/24/2021,Tomato,Sandy Loam,7.1268308286417374,23.20925073532935,70.57300681045636,11.238066594255365,170.15683181543832,97.92108954870933,63.07659927655355,58.0,0.1062732726175334,1.5940990892630018
7/25/2021,Tomato,Sandy Loam,6.198948991916339,21.05504962936228,72.77226121786082,14.464504581607692,182.61843580458327,93.98313795194134,63.624185156430975,33.83333333,0.6047374321833308,9.07106148274996
7/26/2021,Tomato,Sandy Loam,6.6906215036869,22.083179094834584,83.12892636947649,6.038270860111194,178.95346850820837,98.49588362662823,65.04309784515331,42.29166667,0.4581387403283347,6.87208110492502
7/27/2021,Tomato,Sandy Loam,5.841287177504211,21.058298017225493,82.11679250989839,8.420338398704576,172.6854970180455,97.71105002983339,60.07153792677183,21.75,0.2074198807218204,3.1112982108273064
7/28/2021,Tomato,Sandy Loam,6.1227526738106475,23.991276052830745,75.32035086835259,6.339366988727243,189.1586824211354,108.30832402933407,67.88109210407774,21.75,0.8663472968454163,12.995209452681244
7/29/2021,Tomato,Sandy Loam,5.540540411346106,21.366590285487714,69.76211254944158,13.355101545820595,180.5931944789124,105.23868751486194,68.72685506796455,42.29166667,0.5237277791564959,7.855916687347439
7/30/2021,Tomato,Sandy Loam,7.036551895599045,22.62843268694433,68.86367825466046,13.80342741429316,174.83786588225777,100.10231111488012,66.14741879584979,58.0,0.2935146352903113,4.402719529354671
7/31/2021,Tomato,Sandy Loam,6.302019639545934,23.37166871628791,84.08174706071429,10.013116998750204,180.01207142309414,109.76741133443142,62.71186964016374,58.0,0.500482856923766,7.507242853856491
8/1/2021,Tomato,Sandy Loam,7.132251147307908,21.603790806782676,69.05433193021375,6.8660621766203045,183.59240665470216,99.30555062551846,56.074419071823776,13.29166667,0.6436962661880863,9.655443992821294
8/2/2021,Tomato,Sandy Loam,6.916745992045453,22.455158004286417,81.16336621825079,6.271189690397085,171.52478435947128,91.1647566164055,69.65889843240443,13.29166667,0.1609913743788515,2.4148706156827737
8/3/2021,Tomato,Sandy Loam,7.157488531456954,22.822286282763454,72.37940419071074,10.881641100802067,175.49407630095783,95.2454864362997,55.48272334383877,58.0,0.3197630520383135,4.796445780574704
8/4/2021,Tomato,Sandy Loam,6.071317339165765,21.480614263186638,84.71319695116478,10.063763245853004,186.13930981767987,98.72140960438625,54.05313843980862,33.83333333,0.7455723927071949,11.183585890607922
8/5/2021,Tomato,Sandy Loam,5.870217460855691,23.335666379734615,72.36311480725576,11.947891023676677,179.1932974080532,93.1380524829224,58.84308227573165,58.0,0.4677318963221289,7.0159784448319344
8/6/2021,Tomato,Sandy Loam,7.4438113653033415,21.898009371568097,72.03033249821452,8.052072626199912,180.9315428406459,108.95130252648086,51.13681141424777,33.83333333,0.537261713625836,8.058925704387539
8/7/2021,Tomato,Sandy Loam,6.934655574081739,21.63306922901652,77.74927257755246,9.023679950243622,178.65632004418939,105.33697795635547,69.5698892934358,33.83333333,0.4462528017675754,6.693792026513632
8/8/2021,Tomato,Sandy Loam,7.168084535853341,22.67486623931225,84.2303361325364,5.213610738511574,170.87799885286012,95.36574400855545,61.76867112832849,33.83333333,0.1351199541144041,2.026799311716062
8/9/2021,Tomato,Sandy Loam,5.526266747419868,22.230940882928813,84.52419211592866,11.10143045075529,173.31499559640312,101.81609067035832,61.13904183328351,42.29166667,0.2325998238561247,3.488997357841872
8/10/2021,Tomato,Sandy Loam,6.208923240591773,23.760857833909252,79.1441229293397,9.231435213464778,178.91083277483781,104.42898314219144,63.1159255979944,42.29166667,0.4564333109935127,6.846499664902691
8/11/2021,Tomato,Sandy Loam,6.985633381154663,23.64018809459446,80.09212731272707,14.19764633813448,174.18370930815857,108.82557857813596,59.94047295554413,13.29166667,0.2673483723263422,4.010225584895133
8/12/2021,Tomato,Sandy Loam,5.655965665979966,22.45005199016665,76.26804351946055,11.417862977048047,170.99958057319358,107.63270698350821,50.64127034189083,33.83333333,0.139983222927743,2.0997483439161453
8/13/2021,Tomato,Sandy Loam,6.634679859137871,22.077791324176793,80.11551478264664,8.986944914496938,186.87299328103649,100.30384452276428,62.24622577680793,21.75,0.774919731241459,11.623795968621884
8/14/2021,Tomato,Sandy Loam,6.3581455349100064,21.976553944893794,82.19559309940993,7.635891808733504,189.62385058328232,105.49305239586035,64.32347753912862,33.83333333,0.8849540233312927,13.27431034996939
8/15/2021,Tomato,Sandy Loam,5.535233014282214,21.802690869244522,74.72190606390046,14.052849426076389,185.8628574799348,101.2428950765517,58.33498121248106,13.29166667,0.7345142991973915,11.017714487960871
8/16/2021,Tomato,Sandy Loam,5.971951154238903,22.633643561137433,77.39724525660206,5.162650741174433,187.07569843409334,101.0540778009108,65.14591144142386,58.0,0.7830279373637337,11.745419060456005
8/17/2021,Tomato,Sandy Loam,6.069583978133428,23.41493581420363,75.74633390466096,8.269124672523922,174.8395426063409,92.29483916676384,54.54002598676841,13.29166667,0.2935817042536363,4.403725563804544
8/18/2021,Tomato,Sandy Loam,5.723719892692645,21.932269824610675,76.24941227057354,14.43505583788035,189.21253951026398,92.52275316032303,54.42553182132368,33.83333333,0.8685015804105598,13.027523706158398
8/19/2021,Tomato,Sandy Loam,6.763073819485321,21.570282269064244,82.80095819747882,11.540330069815742,173.93851408906858,100.59067230044914,53.22833975375148,21.75,0.2575405635627427,3.86310845344114
8/20/2021,Tomato,Sandy Loam,5.9847957525037785,22.42645141854986,72.1123366041114,10.32719071283299,189.02859620723666,95.37723089958013,57.43989519578324,58.0,0.8611438482894659,12.917157724341989
8/21/2021,Tomato,Sandy Loam,6.055238999238776,21.207103250393,69.16368051201249,7.035347179204274,189.896385879319,90.42073804920938,66.94024070778167,13.29166667,0.8958554351727609,13.437831527591412
8/22/2021,Tomato,Sandy Loam,7.296477196400295,23.10383701838912,74.12560220547257,13.33374774254387,184.234456114921,104.45678407800425,66.55824124298128,58.0,0.669378244596839,10.040673668952586
8/23/2021,Tomato,Sandy Loam,6.434246185386279,22.5550747989058,69.16170380962531,7.041990625927761,189.62287463583644,90.6497319338033,57.65648415927008,58.0,0.8849149854334576,13.273724781501864
8/24/2021,Tomato,Sandy Loam,6.284256293938545,22.48912442391856,74.96800851324038,7.4825353152125,181.39079559134208,101.90553682208109,61.78237471960473,13.29166667,0.5556318236536829,8.334477354805244
8/25/2021,Tomato,Sandy Loam,6.947742076629434,21.901336138650066,83.07016210714117,6.918511428718553,175.1908356635218,100.78387588254628,64.41632632949832,42.29166667,0.3076334265408723,4.6145013981130845
8/26/2021,Tomato,Sandy Loam,7.319227593765824,23.71402031259521,77.34867040964956,6.58149460569522,178.73991771331242,109.37629381155608,54.82413549256046,42.29166667,0.4495967085324966,6.74395062798745
8/27/2021,Tomato,Sandy Loam,5.5500726724748874,21.271458875548657,82.10865706606155,14.53312495978803,181.8712187075757,99.68426278695283,53.36282171789494,58.0,0.5748487483030288,8.622731224545431
8/28/2021,Tomato,Sandy Loam,6.396477693110793,23.609472026661095,68.32381839231023,11.020315961413084,171.4616312405403,91.27202872755595,69.44191986424622,21.75,0.158465249621612,2.3769787443241803
8/29/2021,Tomato,Sandy Loam,6.721562712155895,22.130115607247767,83.01747185074353,11.37837132010094,182.4468652923449,101.03375935612924,62.351146264192366,21.75,0.5978746116937969,8.968119175406953
8/30/2021,Tomato,Sandy Loam,6.137126196251979,23.641870547925066,77.03574328814231,14.543254656787836,189.6235567352459,106.82192341232204,69.62831443667328,33.83333333,0.8849422694098357,13.274134041147535
8/31/2021,Tomato,Sandy Loam,7.044815444246483,23.18628437499715,65.6351957748096,7.305750551255627,173.80215299567456,109.9369856856288,56.75511974264458,42.29166667,0.2520861198269821,3.781291797404732
9/1/2021,Tomato,Sandy Loam,7.4429541405405475,21.312512179986115,77.66237910570074,5.05917538597692,185.85190232576767,98.60686347378144,64.06063399948263,42.29166667,0.7340760930307066,11.0111413954606
9/2/2021,Tomato,Sandy Loam,7.3868547325005665,23.49460885952806,84.02793912521835,10.988836495702913,188.1579758755924,96.40597484993485,54.45207273082475,42.29166667,0.8263190350236955,12.394785525355433
9/3/2021,Tomato,Sandy Loam,6.0319650787598835,23.046530501098516,66.58334000950724,10.078448532241586,188.87403185640443,108.13306593903998,55.22400342547826,21.75,0.8549612742561766,12.82441911384265
9/4/2021,Tomato,Sandy Loam,5.952676556874972,21.096905738746045,76.64912260939144,9.776503773982942,189.20271208810894,93.82484258152243,60.23804242539248,58.0,0.8681084835243578,13.021627252865366
9/5/2021,Tomato,Sandy Loam,7.414981062042442,21.40110804632901,83.30957205739429,5.618802112461991,180.42919277442945,102.30857830065852,56.392362510161426,42.29166667,0.5171677109771776,7.757515664657665
9/6/2021,Tomato,Sandy Loam,6.417256974862932,22.906884167507087,65.1939033666875,9.544348665747844,189.54615815983007,98.11428848361895,53.352431276811686,33.83333333,0.8818463263932029,13.227694895898043
9/7/2021,Tomato,Sandy Loam,5.916595446169383,22.987801508640857,77.61825852931646,7.875595650906989,185.1462041426888,90.8216472991111,55.25761403978652,42.29166667,0.7058481657075512,10.587722485613268
9/8/2021,Tomato,Sandy Loam,6.913993927260837,23.239954298512785,74.49804583661926,7.745646772243131,173.23342872473924,96.94576948611396,50.71496788931729,33.83333333,0.2293371489895695,3.4400572348435428
9/9/2021,Tomato,Sandy Loam,6.068840647807583,23.160736202324944,71.93978637297221,7.223815801790928,179.5380021293594,95.30457045005349,64.08847242954974,13.29166667,0.481520085174376,7.222801277615641
9/10/2021,Tomato,Sandy Loam,6.034493950142105,22.978559864009863,77.55072979890753,8.325283597545708,184.36662350744007,103.72182307886973,59.84233314171723,58.0,0.6746649402976032,10.119974104464047
9/11/2021,Tomato,Sandy Loam,7.258498086155569,23.29871670523927,66.05404189174834,8.531330751434124,174.94680631638167,108.97580995383836,51.884861328090516,13.29166667,0.2978722526552667,4.4680837898290005
9/12/2021,Tomato,Sandy Loam,5.824958306753807,22.725257117677117,80.061260925748,8.087757763619976,182.81230367097774,95.36094374757275,53.433879862569825,42.29166667,0.6124921468391099,9.18738220258665
9/13/2021,Tomato,Sandy Loam,5.628785892932473,21.782374156573365,65.08958953839415,14.78752715719509,183.33200958093238,106.22931878303363,52.05069076225288,13.29166667,0.6332803832372954,9.499205748559431
9/14/2021,Tomato,Sandy Loam,6.038372880343374,23.737129841192154,71.13871487584704,14.327310855094872,173.2539948761713,91.10719633876819,62.25185616551753,33.83333333,0.2301597950468527,3.4523969257027907
9/15/2021,Tomato,Sandy Loam,6.713890825676407,21.054642092795934,75.07917275369357,10.745100995248622,181.30170624905512,100.76242020079627,51.884207272249874,58.0,0.552068249962205,8.281023749433075
9/16/2021,Tomato,Sandy Loam,5.746175706806541,22.09968515961447,72.54044501133103,14.810548384103098,185.43253821957217,91.41100127419789,65.08564666070433,42.29166667,0.7173015287828862,10.759522931743293
9/17/2021,Tomato,Sandy Loam,6.443189344553588,23.18661087929149,71.14951870411164,14.9119801031919,179.97791329071885,108.68065982261278,50.41021838640782,21.75,0.4991165316287536,7.486747974431304
9/18/2021,Tomato,Sandy Loam,6.75467422085064,22.281468123449024,81.61670290936192,8.559397100173026,170.24206233552215,105.3270256111478,54.98751575991784,13.29166667,0.1096824934208859,1.645237401313289
9/19/2021,Tomato,Sandy Loam,7.197473985186348,21.074503222440043,83.69665148543818,9.451875457397446,170.18076938158583,103.15899822409185,67.81333351783815,13.29166667,0.1072307752634337,1.608461628951506
9/20/2021,Tomato,Sandy Loam,5.959739182404508,21.197942709348638,82.47425369811778,14.590617769846656,177.14058687940025,106.47792763249328,64.37062636244492,13.29166667,0.3856234751760098,5.784352127640148
9/21/2021,Tomato,Sandy Loam,7.134692646765579,22.945912107414866,75.44862626099999,11.086261992986866,188.52388136863564,102.95039591140326,51.45936665851375,42.29166667,0.8409552547454257,12.614328821181385
9/22/2021,Tomato,Sandy Loam,5.969812522262477,23.8945937982159,82.68328350386966,7.129290828372725,174.57353559207218,109.37888794348582,66.42252208970359,13.29166667,0.282941423682887,4.244121355243305
9/23/2021,Tomato,Sandy Loam,6.853533082479281,22.6555909075035,83.41723130363087,11.893806683365003,182.68727377743375,104.27915895729544,59.860702430804096,21.75,0.6074909510973497,9.112364266460244
9/24/2021,Tomato,Sandy Loam,6.36134714296491,22.520273454071308,73.18476794094924,7.057461820460875,174.44151741386642,108.49317219164493,66.93566054337658,42.29166667,0.2776606965546564,4.164910448319847
9/25/2021,Tomato,Sandy Loam,5.72936248475734,21.9549756391688,70.66891719010891,8.393577436718457,176.43339979319097,100.34263784021276,62.01479548900787,58.0,0.3573359917276389,5.360039875914585
9/26/2021,Tomato,Sandy Loam,6.928526925643697,21.77007202159819,66.96530411626641,7.275601630953515,186.96084179202967,92.34128825963725,63.636660640657176,33.83333333,0.7784336716811872,11.676505075217808
9/27/2021,Tomato,Sandy Loam,5.935525237098036,21.062954945268853,74.58183842098458,7.4498021593384225,184.57722884539893,100.56355442846035,69.87003120791417,42.29166667,0.6830891538159575,10.246337307239362
9/28/2021,Tomato,Sandy Loam,5.853246852049183,21.818864602921412,83.92593840876883,5.046555815667823,171.9079855462642,92.53745656126186,54.646710918480366,33.83333333,0.1763194218505685,2.6447913277585275
9/29/2021,Tomato,Sandy Loam,6.216645857178767,22.347331322595757,76.21815056140741,13.807088321994518,178.57404041972868,101.8498695835281,62.47891149522776,33.83333333,0.4429616167891469,6.644424251837203
9/30/2021,Tomato,Sandy Loam,6.806580489518967,21.59384934914685,78.35124203572343,7.959904952757938,170.58339527290528,99.64986121055325,59.20642780114797,33.83333333,0.1233358109162115,1.8500371637431736
10/1/2021,Tomato,Sandy Loam,5.967992957581256,21.26204396544429,67.25767636983696,5.863743795227945,179.6178029320602,102.45150795665563,50.78903905845383,13.29166667,0.4847121172824072,7.270681759236109
10/2/2021,Tomato,Sandy Loam,5.867323077563771,23.153183601763807,67.87039328284513,5.869874056810885,183.24868023402135,90.20093962109664,50.2894128300573,42.29166667,0.6299472093608545,9.449208140412818
10/3/2021,Tomato,Sandy Loam,5.519907251426728,23.6838608072042,74.28946523919345,10.560182764609522,172.37005247196302,93.89680983310728,52.38457155635717,33.83333333,0.1948020988785212,2.922031483177819
10/4/2021,Tomato,Sandy Loam,6.443286194203447,23.810316209061256,84.02529597967451,14.929205505339372,175.77769877818332,99.82660863824262,62.98183481077096,21.75,0.3311079511273325,4.966619266909988
10/5/2021,Tomato,Sandy Loam,6.357291138630366,22.853996185490967,72.21569283183058,6.450224672701916,177.95673251004314,109.01007123178269,61.34326175826784,21.75,0.4182693004017256,6.2740395060258844
10/6/2021,Tomato,Sandy Loam,5.967735487274752,21.158323747797844,82.54968082635067,5.996217809496595,188.390620493121,97.67218080710317,61.06859122327455,42.29166667,0.8356248197248398,12.534372295872595
10/7/2021,Tomato,Sandy Loam,5.6073043280193815,23.22258788988532,67.40577186851424,9.383038804020906,189.8651003084593,98.4874405210727,50.6371352505652,21.75,0.8946040123383713,13.419060185075567
10/8/2021,Tomato,Sandy Loam,6.358511749191674,21.33028591578566,77.3403441386742,10.633312538407951,170.89822597991233,104.29392178013245,59.38605992720014,21.75,0.1359290391964926,2.0389355879473903
10/9/2021,Tomato,Sandy Loam,7.076410222143263,23.009244353063472,77.01225953821036,7.943803588779405,185.22015846990783,102.07585514572236,68.49245635685057,58.0,0.7088063387963136,10.632095081944705
10/10/2021,Tomato,Sandy Loam,6.930564262654354,23.338097507243628,82.19749500140537,8.025220925138665,177.43448132804687,95.97852300196666,57.95183738621293,58.0,0.3973792531218746,5.960688796828119
10/11/2021,Tomato,Sandy Loam,7.2215897797203406,23.177594132479417,65.06633408809803,9.244765018489495,177.8491637245896,98.21632791134856,62.49844939576913,58.0,0.4139665489835841,6.209498234753761
10/12/2021,Tomato,Sandy Loam,5.5191653754263115,23.85565141728339,68.79863334395144,8.141456151506059,185.08529946694046,94.35399597714465,65.59637351246288,58.0,0.7034119786776182,10.551179680164273
10/13/2021,Tomato,Sandy Loam,7.432838633609197,23.214438853402168,69.39375250858963,14.153315835685166,188.3685286429082,109.32042918260417,65.67850558283774,42.29166667,0.834741145716327,12.521117185744904
10/14/2021,Tomato,Sandy Loam,6.182824505254897,23.079629333945427,83.99932176181474,5.41954571290629,189.01857189005096,92.6126876311472,60.385601647905425,58.0,0.8607428756020388,12.91114313403058
10/15/2021,Tomato,Sandy Loam,7.480795592183929,21.785229516549308,68.0738731253979,7.345701598702746,181.54245172076642,97.4367356913284,67.15903890804672,13.29166667,0.5616980688306566,8.42547103245985
10/16/2021,Tomato,Sandy Loam,6.005238921203549,23.774306059307705,65.73924700441121,13.085527962274211,177.14242318601006,90.51677944440023,57.82756186727494,21.75,0.3856969274404023,5.785453911606035
10/17/2021,Tomato,Sandy Loam,6.443072775156489,21.5386316123825,75.68922989483616,13.339581246649567,185.7509817171756,94.43558983867092,67.77386429569597,13.29166667,0.7300392686870234,10.950589030305352
10/18/2021,Tomato,Sandy Loam,6.207855353150608,23.714689834419378,75.57116924867364,6.115550789642011,175.020027665246,105.60942276760309,54.804543327910906,33.83333333,0.3008011066098402,4.512016599147604
10/19/2021,Tomato,Sandy Loam,6.211521429988605,21.937987630037732,81.88093930735728,14.737634500127166,181.28148057667036,94.02350464577759,55.60432813981142,13.29166667,0.5512592230668142,8.268888346002212
10/20/2021,Tomato,Sandy Loam,7.184564197496432,21.390490781633005,83.97719300355604,11.933548498991088,177.17156923049745,91.6012680505793,51.06241248398002,58.0,0.3868627692198986,5.802941538298479
10/21/2021,Tomato,Sandy Loam,6.992837879474678,23.48004908181351,75.77090884280261,7.725930559835956,183.13262147415753,99.48906359689046,65.91163673084566,58.0,0.6253048589663008,9.379572884494513
10/22/2021,Tomato,Sandy Loam,7.4843028704600965,21.00748636080249,83.5998836483931,9.560378648144546,174.80797825787013,90.19938469469037,58.341104724654116,33.83333333,0.2923191303148055,4.384786954722083
10/23/2021,Tomato,Sandy Loam,6.727029365435025,23.49626495304249,79.50318302599659,7.971386195679671,173.8318589146965,91.69532308852666,54.58233227822798,33.83333333,0.2532743565878606,3.799115348817909
10/24/2021,Tomato,Sandy Loam,6.426513208789006,21.786935526137928,70.2911825599117,6.500222498544193,188.36478173350875,106.1525173912595,54.63580555233159,33.83333333,0.8345912693403497,12.518869040105244
10/25/2021,Tomato,Sandy Loam,5.680147725893782,23.654163818266863,83.56841421887853,7.911780647489151,172.03607365899074,105.42946689719213,68.02799882458467,58.0,0.1814429463596295,2.7216441953944432
10/26/2021,Tomato,Sandy Loam,7.493122839027714,23.074437546724738,78.34886352363749,10.800919374896184,180.11915815469862,108.30277640809791,66.67833200922074,42.29166667,0.5047663261879454,7.571494892819181
10/27/2021,Tomato,Sandy Loam,6.603061305864566,22.99854999855177,73.28191865485267,13.259696948354687,174.41705565926017,107.090308718215,61.07061770714367,58.0,0.2766822263704072,4.150233395556108
10/28/2021,Tomato,Sandy Loam,6.900954939380283,22.09595868949453,78.60484169033862,8.635290748895772,170.77859926651334,103.66351126479637,62.32221600831442,42.29166667,0.1311439706605339,1.9671595599080087
10/29/2021,Tomato,Sandy Loam,6.313484774382623,21.17820892167231,73.02625655487502,8.479015405478417,170.7203763658285,91.04665714601326,59.48651141100582,33.83333333,0.1288150546331411,1.9322258194971167
10/30/2021,Tomato,Sandy Loam,6.595431416358472,23.490219294616733,67.28367535975919,9.680007010813227,173.50443544211655,105.65697235973315,57.83333085757618,13.29166667,0.2401774176846619,3.602661265269928
10/31/2021,Tomato,Sandy Loam,7.385155463785774,21.512711385529585,79.37957494353799,11.445555999643464,187.33540709012001,106.91021621681121,68.30953762436663,33.83333333,0.7934162836048002,11.901244254072004
11/1/2021,Tomato,Sandy Loam,5.832838875863206,22.116775925684255,81.48175224341487,12.516162624323092,175.64957487954052,105.9816429154391,52.512254070406044,58.0,0.3259829951816213,4.88974492772432
11/2/2021,Tomato,Sandy Loam,6.084745168660509,22.801064056527245,79.57612398038775,8.267995047994738,189.00918341150592,100.16958070616052,58.36893579432456,21.75,0.8603673364602366,12.905510046903547
11/3/2021,Tomato,Sandy Loam,5.804119455556065,22.446761215681864,69.58229335513353,10.86352467825139,181.63244585978387,94.65803677298963,56.891238159757506,21.75,0.5652978343913548,8.479467515870322
11/4/2021,Tomato,Sandy Loam,7.084431807609549,21.595981905513955,84.13270026955226,8.893608412808824,178.7322837953753,106.90659951377454,59.96301440502297,42.29166667,0.4492913518150129,6.739370277225193
11/5/2021,Tomato,Sandy Loam,5.624090520843659,21.42184907064685,65.50509123382312,12.16399850363386,181.6017766933891,104.54325619480277,59.1526374909035,58.0,0.5640710677355637,8.461066016033456
11/6/2021,Tomato,Sandy Loam,5.663263299702677,21.36973881675087,71.6537059475128,6.646749205170208,180.33396770452535,109.61522348777703,60.37779063302163,13.29166667,0.5133587081810143,7.700380622715214
11/7/2021,Tomato,Sandy Loam,6.096988225574737,23.5890236444976,70.20184869069791,7.569248650512961,185.1755250751465,93.11385195511866,52.798379544539884,13.29166667,0.7070210030058601,10.605315045087902
11/8/2021,Tomato,Sandy Loam,6.528376361842023,21.094678647184,65.96252455229703,9.260604198427496,175.64992131945704,94.51329166104111,60.26283003026554,58.0,0.3259968527782818,4.889952791674228
11/9/2021,Tomato,Sandy Loam,6.312549601119173,23.931042778799682,73.11459385977336,13.894147899213676,177.06100783200606,94.23596299763005,54.848376277744215,42.29166667,0.382440313280242,5.73660469920363
11/10/2021,Tomato,Sandy Loam,5.5896326213416145,21.59558607115624,77.4622968032555,10.733257893506902,187.881886050665,105.85079535242673,53.68662697976382,58.0,0.8152754420266006,12.22913163039901
11/11/2021,Tomato,Sandy Loam,7.414983115741903,21.330966890637235,82.65105726970202,14.653961189814115,188.92913026300812,93.73814592900236,51.29668437572383,42.29166667,0.8571652105203243,12.857478157804865
11/12/2021,Tomato,Sandy Loam,7.405739040716167,22.730914964330385,84.7937943238294,6.032776852810838,187.8511645497295,91.33319659646612,65.25305117512282,42.29166667,0.8140465819891797,12.210698729837697
11/13/2021,Tomato,Sandy Loam,6.05871264648152,21.23995787382209,81.16179172808796,9.60175413650935,178.38895987914628,109.97121613171257,58.5488384171312,33.83333333,0.4355583951658509,6.533375927487764
11/14/2021,Tomato,Sandy Loam,6.963051230537163,22.807359789490786,74.3736103742565,9.190785300453843,185.60731006013762,90.49634422890298,62.53287366623517,58.0,0.7242924024055054,10.864386036082582
11/15/2021,Tomato,Sandy Loam,6.6571508227664475,23.55187993444084,79.47408851934061,11.002061764059684,179.52671466602197,106.70488120317731,64.55186686609487,33.83333333,0.481068586640879,7.216028799613186
11/16/2021,Tomato,Sandy Loam,5.974953390011248,21.143694064402276,81.87247577179281,13.119646087075784,179.95079704292203,97.30733683101306,63.58633330627107,42.29166667,0.4980318817168817,7.470478225753226
11/17/2021,Tomato,Sandy Loam,6.024343103483231,23.399605813585634,74.30614392837363,13.414480255830602,174.09360218114568,106.83230919515631,59.410014381793644,42.29166667,0.2637440872458272,3.956161308687408
11/18/2021,Tomato,Sandy Loam,6.4823063486209005,22.183432322946356,80.70108868051,11.701946087055084,181.82260606517033,101.0924098242229,57.7579705790346,33.83333333,0.5729042426068132,8.593563639102197
11/19/2021,Tomato,Sandy Loam,6.3384738829947205,21.47847190149363,74.65304836625754,11.415363642455535,173.72271795506697,108.0326245897272,57.51919819281328,42.29166667,0.2489087182026783,3.733630773040175
11/20/2021,Tomato,Sandy Loam,6.082458656462529,21.52828944080238,72.72991981753445,14.490295420448074,176.63129398134387,108.52385972829254,62.80097593860113,13.29166667,0.3652517592537551,5.478776388806327
11/21/2021,Tomato,Sandy Loam,7.115023192610298,23.756293631082677,75.52181675567522,8.836874016384247,187.1006040323987,90.18196362561552,59.89588709883747,13.29166667,0.7840241612959481,11.760362419439222
11/22/2021,Tomato,Sandy Loam,6.46292583527477,21.331817255821992,78.5170947525429,13.327833141884884,174.1415161842171,91.50824351985577,66.98264495977021,42.29166667,0.2656606473686842,3.984909710530263
11/23/2021,Tomato,Sandy Loam,6.809696124778256,23.60034836134697,79.53764112637195,14.215037270922942,171.42316570346867,95.00717459141711,67.49403968653425,13.29166667,0.1569266281387462,2.3538994220811937
11/24/2021,Tomato,Sandy Loam,5.878547000335751,22.632733862950843,72.13472537784216,9.915392442651967,171.38015185225632,103.38630832727003,53.41120756013037,33.83333333,0.155206074090253,2.328091111353796
11/25/2021,Tomato,Sandy Loam,6.5670153250329735,21.117168536449316,76.4264050311207,12.291025786033003,188.81569041006216,107.76544393023012,52.724673030914516,42.29166667,0.8526276164024863,12.789414246037294
11/26/2021,Tomato,Sandy Loam,6.1359520988932434,22.393428437152014,83.19741748160894,8.77019856670906,180.13840875923668,99.19883902587925,62.608018520719995,21.75,0.5055363503694678,7.583045255542016
11/27/2021,Tomato,Sandy Loam,6.552827220789757,23.4523485434289,84.5262580022128,6.588790141954041,178.18824143634038,102.13946232548531,56.024514961245586,33.83333333,0.4275296574536147,6.41294486180422
11/28/2021,Tomato,Sandy Loam,7.061651666821856,23.178608362917302,69.54496182367909,10.865038814724253,186.21757162015837,93.76999705591122,50.371414375301974,42.29166667,0.7487028648063347,11.23054297209502
11/29/2021,Tomato,Sandy Loam,7.037826420182523,22.466347253054153,68.85662331426683,6.964716508495319,186.7165185582103,106.09933667763372,67.7728533872591,33.83333333,0.7686607423284129,11.529911134926191
11/30/2021,Tomato,Sandy Loam,6.208441356068552,23.580149639088653,78.53371266857297,9.575991308038692,176.6438206623121,109.3465622270694,54.538015344876165,21.75,0.3657528264924837,5.486292397387256
12/1/2021,Tomato,Sandy Loam,6.888554234159278,21.361094285340688,73.29367771646888,13.728793133283332,183.8723611494759,95.37197865829195,68.58561303371619,42.29166667,0.6548944459790362,9.823416689685544
12/2/2021,Tomato,Sandy Loam,7.382579900788554,23.729823160177105,65.48444676836274,5.860181875636805,185.42245631703773,99.89651903201093,64.34868901756508,33.83333333,0.7168982526815093,10.75347379022264
12/3/2021,Tomato,Sandy Loam,6.751338659849813,23.539323625450045,71.93723741294568,5.3042853566464965,183.0930137373191,91.72232221012747,65.25306979822969,58.0,0.6237205494927636,9.355808242391454
12/4/2021,Tomato,Sandy Loam,5.796820246765274,23.12483047697171,81.13489486944505,11.064778473818876,173.03190149600198,101.18273312925936,54.02922991586321,42.29166667,0.2212760598400795,3.3191408976011925
12/5/2021,Tomato,Sandy Loam,6.8594172585581905,23.453663226386247,80.94853860766365,8.310613265948952,187.51766167034114,100.0556688369336,54.68388851233626,13.29166667,0.8007064668136457,12.010597002204683
12/6/2021,Tomato,Sandy Loam,5.709808772698622,22.631446520527998,74.89370297633164,9.179377069259154,180.78189105472018,92.88872968310156,60.42535507648132,21.75,0.531275642188807,7.969134632832104
12/7/2021,Tomato,Sandy Loam,7.244220817586054,23.025487287293,74.4515586977507,9.057105886583315,175.64944852740007,98.8413242623615,53.441997052997245,42.29166667,0.325977941096003,4.889669116440045
12/8/2021,Tomato,Sandy Loam,6.533320991603881,22.681794212123336,76.59014884868755,5.866202290095636,178.5045637087539,96.68209304173126,56.10863385366065,42.29166667,0.4401825483501551,6.602738225252328
12/9/2021,Tomato,Sandy Loam,6.270281472623159,22.066285591523847,69.38793421127153,5.0356643267959456,170.75142180797815,100.43661750610379,56.42924955895609,13.29166667,0.1300568723191259,1.9508530847868888
12/10/2021,Tomato,Sandy Loam,5.614013189299385,22.706582392083533,75.52087249781911,13.984232428642644,172.55733602444835,101.71308670857599,53.19259866505528,21.75,0.202293440977934,3.0344016146690107
12/11/2021,Tomato,Sandy Loam,6.26156746918422,21.772395997595776,65.22092720113297,7.177985609037464,185.31093501031722,90.16991157214419,54.103656667903216,13.29166667,0.7124374004126887,10.68656100619033
12/12/2021,Tomato,Sandy Loam,7.306413335831579,22.320837512522356,74.51119109566267,9.260789918642883,170.00023269510731,105.22011965899111,65.77103684016512,13.29166667,0.1000093078042929,1.5001396170643937
12/13/2021,Tomato,Sandy Loam,5.541965992572607,21.84232622178073,71.72102092501186,14.719257966710783,178.33131656964585,104.26028583723482,53.34391709094537,58.0,0.4332526627858337,6.498789941787506
12/14/2021,Tomato,Sandy Loam,6.449296315563609,21.368663368384166,78.4973921180732,13.267625819836525,180.45020362171178,97.32572772413045,50.56914783687845,58.0,0.5180081448684708,7.770122173027062
12/15/2021,Tomato,Sandy Loam,7.362316182221244,21.96558556916972,77.76707168305255,6.079308552627022,171.09268840001945,91.05871871137637,62.58709885257877,33.83333333,0.1437075360007778,2.1556130400116675
12/16/2021,Tomato,Sandy Loam,6.289681999530043,23.555961654554313,72.61671760365618,10.085190316125855,189.46156325944665,105.098650795701,69.519662387849,33.83333333,0.8784625303778663,13.176937955667992
12/17/2021,Tomato,Sandy Loam,6.356351374924301,22.14324231192692,65.14545962957183,12.30079026495016,174.52250662499344,109.10350320956265,56.624276292462426,13.29166667,0.2809002649997375,4.213503974996063
12/18/2021,Tomato,Sandy Loam,6.65712011039824,23.244010946906606,70.04547258789921,11.983927849992124,176.08397439272562,94.80303192044029,52.373114063925044,33.83333333,0.3433589757090247,5.150384635635371
12/19/2021,Tomato,Sandy Loam,6.425874667154367,21.525593562714484,77.66695700378324,12.6084185240447,176.07885024510054,96.47049227474076,61.407746507350616,21.75,0.3431540098040219,5.147310147060328
12/20/2021,Tomato,Sandy Loam,5.837203382475105,22.273257477502924,66.44746686035009,9.574546548880353,174.608333242347,93.6762577896363,68.12708422191292,33.83333333,0.2843333296938799,4.264999945408199
12/21/2021,Tomato,Sandy Loam,5.537111078139721,21.34456820800553,67.15284843666927,6.759229293302821,170.02947644172622,101.53872246689679,65.68123559656958,21.75,0.1011790576690491,1.517685865035737
12/22/2021,Tomato,Sandy Loam,6.719623315957403,21.41586319010247,77.94070049134174,9.648724439193726,184.58689588175992,93.0968278929491,62.45031736825432,58.0,0.6834758352703971,10.252137529055958
12/23/2021,Tomato,Sandy Loam,7.341613174015624,22.852309139670208,80.11534801898584,11.47887249173292,189.3369099959857,97.12387886922758,56.30112993215199,42.29166667,0.8734763998394283,13.102145997591425
12/24/2021,Tomato,Sandy Loam,5.712728266054331,22.822445452347033,71.43099416025424,11.08592086605168,174.4858696657009,103.94026027868526,60.837603465524396,42.29166667,0.279434786628036,4.191521799420541
12/25/2021,Tomato,Sandy Loam,5.921905438505506,21.640115722064586,74.79346131033124,5.705220537886074,183.26094383606846,101.20231966018697,51.82489682608511,13.29166667,0.6304377534427379,9.456566301641068
12/26/2021,Tomato,Sandy Loam,6.240458971649947,22.423269582866396,83.91422729967317,5.649524340821918,184.8379265391743,97.7292512865587,63.5789084856134,58.0,0.6935170615669721,10.402755923504582
12/27/2021,Tomato,Sandy Loam,7.11748445804224,23.589918500933845,83.91087124351938,14.65257831155212,186.96850758181048,98.40499203615084,64.50192037795301,58.0,0.7787403032724198,11.681104549086298
12/28/2021,Tomato,Sandy Loam,6.038520632941955,21.522604526029447,71.1500554892686,6.518054550397711,178.45258394027218,101.24221765246459,69.30063245819838,21.75,0.4381033576108873,6.57155036416331
12/29/2021,Tomato,Sandy Loam,7.264108808557537,21.057631599220546,81.1997575003418,7.944624640117219,176.05861811280857,90.11729455774322,55.207947174901435,58.0,0.3423447245123434,5.135170867685152
12/30/2021,Tomato,Sandy Loam,5.609915749300133,22.955985421990718,76.87888105613717,12.676344821561656,176.50590268046062,91.57019736907219,50.36912838086045,58.0,0.3602361072184249,5.403541608276374
12/31/2021,Tomato,Sandy Loam,7.38191324251787,21.160494624266054,84.50968986700761,9.096770758231749,184.25242666197025,107.62516135526023,60.91216928854301,13.29166667,0.6700970664788103,10.051455997182154
1/1/2022,Tomato,Sandy Loam,6.62149415574753,23.93982071571734,74.55227139422193,6.814648532600327,186.33558933011273,91.55757978182581,64.13581008793629,33.83333333,0.7534235732045088,11.301353598067632
1/2/2022,Tomato,Sandy Loam,6.817555356975409,22.828860851396644,80.49413736031123,9.672323823097814,173.63227935513206,104.1360719242101,65.80814951765976,42.29166667,0.2452911742052821,3.679367613079232
1/3/2022,Tomato,Sandy Loam,6.2353790450727065,22.411189058531917,80.36274259229742,10.689499707633658,177.41882016315532,108.40076328218106,53.87477866049621,13.29166667,0.3967528065262121,5.951292097893182
1/4/2022,Tomato,Sandy Loam,7.06398857102212,22.28997762007292,74.94865735266153,9.527666092780755,188.038803934983,95.41367208603462,55.23505738074047,21.75,0.8215521573993201,12.3232823609898
1/5/2022,Tomato,Sandy Loam,5.833132500168812,22.719211975550795,80.91260228594615,14.18946075472109,186.1338703938948,97.40982874119028,60.25181850534592,42.29166667,0.7453548157557914,11.180322236336872
1/6/2022,Tomato,Sandy Loam,5.597823650556974,21.271873310160643,70.22080666613994,7.846992950995043,189.6971680552495,101.37842811689433,56.61201619940004,13.29166667,0.8878867222099807,13.31830083314971
1/7/2022,Tomato,Sandy Loam,6.291033886215114,23.790057176458486,67.44506072580458,11.61332160699671,185.0849651936416,107.6341793927717,67.2102297317489,33.83333333,0.7033986077456647,10.550979116184967
1/8/2022,Tomato,Sandy Loam,7.207391427962079,22.876926205655632,73.50327489310632,6.122947214098977,177.86390402055844,108.83811174520841,59.475203074774406,21.75,0.4145561608223378,6.218342412335067
1/9/2022,Tomato,Sandy Loam,7.009853673275389,21.551935492832726,83.87261313267169,8.922854576640265,181.81275667989274,104.79126496222536,65.99157288204006,21.75,0.5725102671957102,8.587654007935653
1/10/2022,Tomato,Sandy Loam,6.534311940977916,22.687743161293987,75.01489216405058,12.409932515849736,183.2202850849464,91.73239521709388,61.612395209647076,58.0,0.6288114033978562,9.432171050967844
1/11/2022,Tomato,Sandy Loam,6.6442754943307065,21.399769517499035,77.70518277293854,7.248169405894655,171.56911632634248,103.38308311069702,65.46180283234224,42.29166667,0.1627646530536991,2.4414697958054874
1/12/2022,Tomato,Sandy Loam,5.759785652597511,21.052658152674937,77.4832491181575,10.897710456544123,180.8899391820773,98.20607443745324,56.65345973060648,42.29166667,0.535597567283092,8.03396350924638
1/13/2022,Tomato,Sandy Loam,7.181363017235165,22.891550955641993,67.65145734539061,6.534370292090603,184.1864165694522,99.41401998982123,66.62833243860622,42.29166667,0.6674566627780877,10.011849941671317
1/14/2022,Tomato,Sandy Loam,7.073919365928393,22.945450025610384,72.8059376475442,6.027016913613711,173.34642608002122,90.98296780690355,55.49144631102043,33.83333333,0.2338570432008483,3.507855648012725
1/15/2022,Tomato,Sandy Loam,6.8129407877738855,22.751089748410248,79.1387794584375,10.232327489250428,185.61263434851114,93.82124278692716,60.92197616006582,42.29166667,0.7245053739404458,10.867580609106689
1/16/2022,Tomato,Sandy Loam,6.432382072657877,21.55044961308007,84.43980197161453,11.750109960860286,181.67545561028223,105.81027215067296,54.28014226347749,13.29166667,0.5670182244112894,8.505273366169341
1/17/2022,Tomato,Sandy Loam,7.428918536559025,22.8102895754843,68.36035476594053,6.1336706623448345,189.04443571395188,99.07917666095719,59.510530432523865,21.75,0.8617774285580757,12.926661428371135
1/18/2022,Tomato,Sandy Loam,7.258063943752942,21.169532822773558,73.20883780678233,14.17776252372915,170.84844596413782,96.03324483262298,56.36350419017406,33.83333333,0.1339378385655133,2.0090675784827003
1/19/2022,Tomato,Sandy Loam,6.788860987029237,22.82771506671577,66.90187599605459,7.257722626974669,175.30652275110933,97.68038147929916,55.33406861274428,42.29166667,0.3122609100443736,4.6839136506656045
1/20/2022,Tomato,Sandy Loam,6.243601995434576,22.662051057322856,69.84752919298512,6.199753081593,182.03107758599648,107.0879902665136,69.33970036056076,21.75,0.5812431034398593,8.718646551597889
1/21/2022,Tomato,Sandy Loam,6.736044557363025,22.965764492517298,72.535186866523,7.026989083502105,175.9311982441186,104.97998034809913,53.20148210973461,42.29166667,0.3372479297647446,5.058718946471169
1/22/2022,Tomato,Sandy Loam,6.650881853061331,23.686426817257182,75.812864959047,6.69572456531842,184.28848328142485,95.44630794362166,65.7465167491479,42.29166667,0.6715393312569937,10.073089968854903
1/23/2022,Tomato,Sandy Loam,6.288483975669832,23.55107431571861,69.61133764478161,5.90674650612949,185.18010565043863,92.35003680424747,69.6832991896643,58.0,0.7072042260175448,10.608063390263172
1/24/2022,Tomato,Sandy Loam,6.113347943376152,23.941962574687615,69.55125322357371,12.978392347787077,172.05031928132948,95.03996443288143,50.398029674801556,58.0,0.1820127712531795,2.730191568797694
1/25/2022,Tomato,Sandy Loam,6.314021584474645,23.928723098809726,80.55659958280407,9.95537774744111,180.27708928413534,108.41512902109467,63.9805482808419,21.75,0.5110835713654142,7.666253570481213
1/26/2022,Tomato,Sandy Loam,6.647822812066796,23.316959080121258,84.25283325893763,8.885194403786828,180.17781111182111,101.63177675699511,55.058236111125744,42.29166667,0.5071124444728448,7.606686667092672
1/27/2022,Tomato,Sandy Loam,6.356269689422189,23.869258866533183,71.47225935502912,14.50627926984133,177.3856154043108,100.66960417489565,50.80975648656609,58.0,0.3954246161724328,5.931369242586493
1/28/2022,Tomato,Sandy Loam,6.027148976402768,23.601851657667336,78.7598403727136,8.710083870647907,188.65849725139344,101.92787199384924,58.05779157913261,42.29166667,0.8463398900557377,12.695098350836066
1/29/2022,Tomato,Sandy Loam,7.021926635521617,23.18274734968492,70.16160922715841,6.669727260471894,186.55012639746442,97.3205653149303,68.7043562034175,21.75,0.762005055898577,11.430075838478656
1/30/2022,Tomato,Sandy Loam,6.562934991914826,21.226152763931264,83.55904509931264,7.740428919265962,183.94418763819274,106.14214040639025,50.23530188733995,33.83333333,0.6577675055277095,9.86651258291564
1/31/2022,Tomato,Sandy Loam,5.6353503264512,21.147149664809664,78.45804720330797,7.389665335885964,184.28653271469994,100.465724986005,61.757713838595635,58.0,0.671461308587998,10.07191962881997
2/1/2022,Tomato,Sandy Loam,6.236633011252251,23.512798702517312,81.0535370927514,9.987412795633048,179.23432287626238,92.3349580553759,60.02792957190648,42.29166667,0.4693729150504953,7.040593725757429
2/2/2022,Tomato,Sandy Loam,7.269826914423987,22.468967573615096,65.9870808639833,7.91505123954574,188.4198904219315,92.58130249658126,67.46768328742095,58.0,0.8367956168772607,12.55193425315891
2/3/2022,Tomato,Sandy Loam,7.010473062399904,23.443820053124764,76.97011936481249,10.160611721863615,183.89190854506572,100.73718293005237,51.680034290412515,33.83333333,0.6556763418026283,9.835145127039423
2/4/2022,Tomato,Sandy Loam,6.146493567888014,21.93875481196566,75.55224662716765,11.69293424946789,184.57962123311634,108.73140436141678,63.63052059773301,33.83333333,0.6831848493246532,10.247772739869797
2/5/2022,Tomato,Sandy Loam,7.376366304089018,22.192949574969038,70.85993813823065,12.77298785713258,187.2338180757469,96.16704243352397,63.602193968665546,42.29166667,0.7893527230298762,11.840290845448145
2/6/2022,Tomato,Sandy Loam,5.6532058167164205,23.100560163035794,70.24859970114636,12.101577812672309,175.4814317868438,107.39082337718436,63.381600337245665,21.75,0.3192572714737528,4.788859072106292
2/7/2022,Tomato,Sandy Loam,7.422469407784378,23.74598021079628,76.6004960463394,7.055907164563609,186.14141807733407,105.2819117315776,68.84668989870073,58.0,0.7456567230933624,11.184850846400437
2/8/2022,Tomato,Sandy Loam,5.991410184969351,21.26328442343666,79.12971270014451,6.158997192427538,173.90481205912985,94.95624885813814,66.4617505801376,21.75,0.2561924823651936,3.842887235477905
2/9/2022,Tomato,Sandy Loam,5.518188360604839,23.58443443390382,65.66345514070377,10.42450159101251,176.90683904489777,90.72681496632485,50.83945452487012,42.29166667,0.3762735617959103,5.644103426938655
2/10/2022,Tomato,Sandy Loam,6.367616073036654,23.379038174638097,76.34803163847408,6.989117912081452,176.71220908539686,92.03694530284766,59.421657014090265,33.83333333,0.3684883634158742,5.527325451238113
2/11/2022,Tomato,Sandy Loam,6.217940859374018,21.946617812189565,68.40919057893257,5.849337217715132,189.57050936778282,104.5698786769488,57.95906112402667,58.0,0.8828203747113125,13.242305620669686
2/12/2022,Tomato,Sandy Loam,6.578178010413588,22.065649842394677,67.80725462772202,10.270943429794173,187.13074447495853,93.99339476081293,56.20294442181604,58.0,0.7852297789983415,11.778446684975124
2/13/2022,Tomato,Sandy Loam,7.093545721139691,21.13938443166573,77.46238976189369,8.267941851077953,184.0233972318052,97.42541841010788,59.02673450308195,13.29166667,0.6609358892722078,9.914038339083117
2/14/2022,Tomato,Sandy Loam,7.184861604300894,21.047221833350154,71.21740234434947,12.561490119385038,184.5411352323078,100.0339833201285,57.68388369851955,21.75,0.6816454092923121,10.224681139384682
2/15/2022,Tomato,Sandy Loam,6.302459999223384,22.431018379073187,73.81760466269728,8.14191630548418,181.24145588805143,104.50936336900325,58.646677997573306,13.29166667,0.5496582355220568,8.244873532830853
2/16/2022,Tomato,Sandy Loam,6.3596914874127,21.28661893649193,72.19997618879546,14.787171370558138,188.94181334217038,92.26462446518251,69.58523731217285,13.29166667,0.8576725336868153,12.86508800530223
2/17/2022,Tomato,Sandy Loam,5.796355460658948,21.582005443245638,77.96672640305047,12.585231912607082,179.92517505764724,98.12732810554922,51.772659494991615,42.29166667,0.4970070023058892,7.455105034588339
2/18/2022,Tomato,Sandy Loam,5.595095217762327,23.54030159857999,74.40239532132938,5.576932214888622,177.6103541973979,99.70145818285391,68.44461739677459,21.75,0.4044141678959156,6.066212518438735
2/19/2022,Tomato,Sandy Loam,6.78242998047005,22.713085173751356,84.26917324075895,10.08872740356276,173.26070673863182,100.8165412794308,59.60473426942053,13.29166667,0.2304282695452728,3.4564240431790925
2/20/2022,Tomato,Sandy Loam,5.628875251105384,22.90089731179834,72.0476551821293,10.626205012141105,185.72411304522115,106.36721282790432,62.47484490999082,13.29166667,0.7289645218088464,10.934467827132696
2/21/2022,Tomato,Sandy Loam,6.967660238842912,21.56243799249576,79.8056868052567,11.953027106815975,184.68887864151182,93.43356390086434,66.60365933235389,58.0,0.6875551456604732,10.313327184907097
2/22/2022,Tomato,Sandy Loam,6.578180290044495,23.48598541336326,70.1458513516609,9.977967970337582,177.6871007704827,106.15662903653245,57.20926058298511,13.29166667,0.4074840308193079,6.112260462289619
2/23/2022,Tomato,Sandy Loam,5.897165956452167,23.60393931731924,75.17506185252293,9.834435984145731,170.5038682791846,103.85756855393305,58.60843816175934,21.75,0.1201547311673835,1.8023209675107523
2/24/2022,Tomato,Sandy Loam,6.579045887025299,22.56998278113913,76.05139503803915,8.679386116776127,186.7799465543602,101.11741628397918,58.190369605574276,21.75,0.7711978621744086,11.567967932616128
2/25/2022,Tomato,Sandy Loam,5.865995433204198,23.73767331563598,71.58218562125464,7.714613838991737,170.22835966908147,103.99055740805144,57.494620450715196,58.0,0.1091343867632589,1.6370158014488838
2/26/2022,Tomato,Sandy Loam,6.377474415020824,23.534485874863744,74.43561057825258,14.462002119767345,184.073995592581,98.24035477903313,68.5105864329379,21.75,0.6629598237032408,9.944397355548611
2/27/2022,Tomato,Sandy Loam,7.099120632484458,23.193972530023313,70.58557275796984,8.17596669634372,189.40514219452115,92.76795171936249,66.57859782386024,58.0,0.8762056877808456,13.143085316712684
2/28/2022,Tomato,Sandy Loam,6.423838586821275,23.202227747080887,65.12001563347964,5.6342132458033065,178.75322656296407,103.31530480530735,52.17999979725952,58.0,0.4501290625185628,6.751935937778441
3/1/2022,Tomato,Sandy Loam,5.797398636595096,21.31618042185259,69.31296603275757,6.6728473929341225,174.69946809991905,100.49344613371244,52.162467049541924,42.29166667,0.2879787239967622,4.319680859951434
3/2/2022,Tomato,Sandy Loam,6.94765736364589,21.812508113087,79.00128344986402,13.572766360412896,184.09742020086765,102.7874960108555,58.557390297059825,33.83333333,0.6638968080347054,9.95845212052058
3/3/2022,Tomato,Sandy Loam,5.873536832540018,21.200541659453027,80.41926048970754,10.86633459123384,186.3425628403117,96.7599756205698,51.97314753465618,42.29166667,0.7537025136124681,11.30553770418702
3/4/2022,Tomato,Sandy Loam,6.977099748740219,21.026043627678927,70.6040573427784,12.787805493770655,180.92860632155694,108.13733154679672,62.3818619054224,13.29166667,0.5371442528622778,8.057163792934167
3/5/2022,Tomato,Sandy Loam,6.458704578431666,21.47492859415173,73.16085997636144,13.087815461396945,189.3407055051229,101.74739737151154,52.87383214523468,21.75,0.8736282202049169,13.104423303073752
3/6/2022,Tomato,Sandy Loam,6.407483518188603,23.64146154794082,65.74731320277222,13.232364392110732,171.03337443315922,91.70804968581747,60.44746527933602,21.75,0.1413349773263689,2.1200246598955337
3/7/2022,Tomato,Sandy Loam,7.20287007571495,21.719622177108153,69.74125802195361,10.506137077446088,180.09591196609057,98.99607981408857,50.14439894007435,58.0,0.5038364786436226,7.557547179654339
3/8/2022,Tomato,Sandy Loam,6.9172070486813375,23.910461887775163,80.58438566744599,6.771205956991048,184.369078946451,105.12712109487269,56.33192696825294,33.83333333,0.6747631578580401,10.1214473678706
3/9/2022,Tomato,Sandy Loam,5.565821593909878,22.79187299868362,77.11972540530114,6.482327522361418,187.25280942298357,105.88269123464545,63.54381447345311,42.29166667,0.7901123769193432,11.851685653790147
3/10/2022,Tomato,Sandy Loam,6.0923486292032045,21.711775462904072,69.11541043908743,10.739844203751124,173.5851122381558,99.89194105527517,59.680778804556965,58.0,0.243404489526232,3.651067342893481
3/11/2022,Tomato,Sandy Loam,7.241841321699797,22.49139241045264,70.14883990244864,8.665143536856764,186.00006963527363,107.89495141662601,69.56538971997976,21.75,0.7400027854109451,11.100041781164176
3/12/2022,Tomato,Sandy Loam,5.5366523370903975,21.657284468100347,81.3360404597912,10.580482412457672,181.0541415143709,95.35336874388595,67.48207592132422,42.29166667,0.5421656605748363,8.132484908622544
3/13/2022,Tomato,Sandy Loam,6.5905068925239405,23.95192067454712,69.18168405889801,9.984778442378648,177.93107363979925,98.21197394476533,57.181415580863025,21.75,0.4172429455919706,6.258644183879559
3/14/2022,Tomato,Sandy Loam,6.955651338347888,23.54179495171489,71.68315451694262,11.021980796975484,172.63430057158186,107.97193821137941,50.90973082944549,21.75,0.2053720228632748,3.0805803429491228
3/15/2022,Tomato,Sandy Loam,6.743712170969152,21.07871636634699,78.28717383309288,5.321117907365654,187.30591517817825,107.92513432943159,66.91252600230038,42.29166667,0.79223660712713,11.88354910690695
3/16/2022,Tomato,Sandy Loam,7.021064404208873,23.843328094402413,76.22224771416157,5.328366806301234,173.1454641635943,103.71425537649361,68.22468620629343,58.0,0.2258185665437723,3.3872784981565847
3/17/2022,Tomato,Sandy Loam,6.951383697829492,23.163195321908663,74.21740410467629,12.215951708485088,176.19575718418199,107.1796109424444,66.41254786838073,33.83333333,0.3478302873672794,5.217454310509191
3/18/2022,Tomato,Sandy Loam,6.884061390306226,21.247143756063835,82.99482181959489,6.931272438227198,175.80091063924874,91.77546533912465,52.558998818395295,21.75,0.3320364255699495,4.9805463835492425
3/19/2022,Tomato,Sandy Loam,7.143079721851304,23.011913238979336,69.39420925430103,11.521984621920565,187.4282806838171,107.29989952415553,69.95830268824575,42.29166667,0.7971312273526835,11.956968410290251
3/20/2022,Tomato,Sandy Loam,6.791381336899077,22.940780093897057,79.82839781726,10.465759107914543,183.45405988417795,96.41239813100454,55.171684431055475,42.29166667,0.6381623953671184,9.572435930506776
3/21/2022,Tomato,Sandy Loam,6.304836988513964,21.656366237422752,68.18127681236366,14.817944714046234,185.93362794382745,93.56663024856432,64.4840982561674,33.83333333,0.7373451177530979,11.060176766296468
3/22/2022,Tomato,Sandy Loam,6.443818219829176,23.275340100022728,77.3146766696429,13.354058788830622,175.00935797584998,94.78739672684092,68.16069752671443,13.29166667,0.3003743190339992,4.505614785509988
3/23/2022,Tomato,Sandy Loam,6.933449565362901,21.261194109938902,82.41247126822626,9.131345213313494,182.49748199213997,98.35937016027773,54.71374228661419,13.29166667,0.5998992796855992,8.998489195283987
3/24/2022,Tomato,Sandy Loam,7.252612059333588,22.468335543693744,74.15803570956275,11.16412820093165,181.43491966287496,95.02384009208934,68.16517109354132,13.29166667,0.557396786514999,8.360951797724985
3/25/2022,Tomato,Sandy Loam,6.044437601679551,21.029769621489265,79.48589014382658,6.17289457225472,186.65660753576543,96.41135172032998,56.18963158389734,33.83333333,0.7662643014306169,11.493964521459253
3/26/2022,Tomato,Sandy Loam,6.184153591942142,23.906212466684238,81.40786705997976,8.86386042962381,188.1217412096252,92.69956972143284,69.52826444768112,58.0,0.8248696483850084,12.373044725775127
3/27/2022,Tomato,Sandy Loam,7.361478792724825,23.25469089533073,67.72052849755205,12.338877410898744,170.24313542954775,95.92353531117998,55.62520040760949,58.0,0.1097254171819094,1.6458812577286417
3/28/2022,Tomato,Sandy Loam,6.657023584818891,21.47655622847897,79.1165379056422,11.226715841286536,183.48039838117586,101.44567629084003,69.0687164951567,58.0,0.6392159352470341,9.588239028705512
3/29/2022,Tomato,Sandy Loam,5.857923634270002,22.025022119853848,83.39682047977352,9.84471324377358,171.03671598239458,98.83707416182128,51.0708930178535,21.75,0.1414686392957832,2.1220295894367487
3/30/2022,Tomato,Sandy Loam,6.827390277824765,21.48168713342453,76.52741219711089,6.765291040526691,180.9771733015471,96.93437522471822,64.18544023339626,58.0,0.5390869320618847,8.086303980928271
3/31/2022,Tomato,Sandy Loam,7.4815243110787595,23.299852392387944,68.72244489057512,13.031459261575446,175.75265458087355,104.92904257714228,60.642222676740076,21.75,0.3301061832349425,4.951592748524138
4/1/2022,Tomato,Sandy Loam,7.1469071289408,21.176688976283145,67.53885063177886,7.731666044115769,176.13553199044281,107.87019942786635,59.557541542454615,42.29166667,0.3454212796177129,5.181319194265694
4/2/2022,Tomato,Sandy Loam,6.991482273102806,23.52121996669114,70.19470660933496,13.204790816619097,177.05917006904713,105.13578445804794,54.4698862851168,13.29166667,0.3823668027618853,5.735502041428279
4/3/2022,Tomato,Sandy Loam,5.916093308532538,23.82658901650719,67.07026538033365,11.116090627949935,182.4258489809922,96.64001404235358,64.11191579552984,13.29166667,0.5970339592396882,8.955509388595322
4/4/2022,Tomato,Sandy Loam,7.252279569368015,23.0298838284189,75.26788143170094,8.727314279487874,176.6809993133754,104.88884335675107,53.81618982892614,58.0,0.3672399725350154,5.508599588025231
4/5/2022,Tomato,Sandy Loam,6.551577687071093,21.638896350004302,66.39409365413469,5.406052219599915,184.6539810118056,93.03960364948102,61.05683591969537,13.29166667,0.6861592404722243,10.292388607083364
4/6/2022,Tomato,Sandy Loam,7.2785800441439115,22.08027028744065,69.46809249272452,7.324188443443768,178.0905477114774,92.60635976182581,55.064907260805015,42.29166667,0.4236219084590957,6.354328626886437
4/7/2022,Tomato,Sandy Loam,6.159655658849759,22.431719624426794,73.79820887824428,13.89070925488164,171.36706400619917,96.91254074072317,69.11242759562712,58.0,0.1546825602479669,2.3202384037195034
4/8/2022,Tomato,Sandy Loam,5.6241021052708655,22.81387431660676,74.47829500804043,13.179743438957177,185.67519684968215,106.15404738088114,50.57262387671306,21.75,0.7270078739872858,10.905118109809289
4/9/2022,Tomato,Sandy Loam,6.4519519373194925,23.005989269435062,76.30796970293929,10.74853312934098,175.71516649185412,94.92696494484603,53.99456560222473,33.83333333,0.3286066596741648,4.929099895112472
4/10/2022,Tomato,Sandy Loam,6.039675209635755,22.662644145956648,79.11229925501453,9.66322463962127,178.65533759198524,91.26506817797359,54.846212127748956,13.29166667,0.4462135036794101,6.693202555191152
4/11/2022,Tomato,Sandy Loam,6.930458579552596,22.053941762465566,65.94457279330935,11.471426793301092,183.70887766443803,92.6341907041271,58.28135651535633,33.83333333,0.6483551065775213,9.72532659866282
4/12/2022,Tomato,Sandy Loam,7.414213105712065,23.67275184169471,66.61241904351567,9.662481278433017,176.64912314297425,107.1748993705916,54.65460483740107,42.29166667,0.3659649257189696,5.489473885784545
4/13/2022,Tomato,Sandy Loam,6.881948302303128,21.244176174053873,66.21718303609562,11.443048407191403,171.13171312293431,102.67566569494575,59.82698180537571,13.29166667,0.1452685249173725,2.179027873760588
4/14/2022,Tomato,Sandy Loam,7.273867859418407,22.398768162730484,73.46300630929821,8.074040996601578,177.47842094025629,95.06402326739953,67.44931046517078,42.29166667,0.3991368376102508,5.987052564153763
4/15/2022,Tomato,Sandy Loam,6.406048027202413,23.326694515402444,65.83695889765869,13.384972179114753,188.88897165388607,101.10591650656363,64.24126842818342,33.83333333,0.8555588661554427,12.83338299233164
4/16/2022,Tomato,Sandy Loam,7.043281474390604,21.182617995874203,79.92162533662652,12.019178934652668,182.83468794597115,100.55159244850701,61.59923961070222,42.29166667,0.6133875178388466,9.2008127675827
4/17/2022,Tomato,Sandy Loam,7.186086873343407,23.116005650433905,69.46000362076956,8.299756284276917,183.42958297334414,103.10871956881323,51.78006355965359,13.29166667,0.6371833189337656,9.557749784006484
4/18/2022,Tomato,Sandy Loam,6.921751255167084,23.459134868259973,83.78424986579918,13.306661148234411,182.6456430727528,94.66375108843232,63.87984216778551,21.75,0.6058257229101118,9.087385843651678
4/19/2022,Tomato,Sandy Loam,6.515554572139129,22.982493895581158,74.72807510194222,9.87342530853179,173.97984277918874,107.28805974388796,53.3282856862188,13.29166667,0.2591937111675494,3.887905667513241
4/20/2022,Tomato,Sandy Loam,6.751732219230736,21.038810676826067,73.92651504884404,6.746388647374615,178.3666772820456,96.18737124160026,65.72734771923396,21.75,0.4346670912818241,6.520006369227362
4/21/2022,Tomato,Sandy Loam,6.901013991357761,21.54041108139662,80.61077385279,5.777124620035266,185.01879596726636,103.88263307952474,55.001135170203064,58.0,0.7007518386906546,10.51127758035982
4/22/2022,Tomato,Sandy Loam,6.006168806442854,22.026339236675852,79.26307967785982,11.996057476372204,172.02745795106318,90.3224929274443,58.34097456641802,13.29166667,0.1810983180425273,2.7164747706379098
4/23/2022,Tomato,Sandy Loam,7.11915852182997,21.701070106914138,77.14618081896286,13.651208042080109,175.55705552179424,97.45314259788294,57.009404046358554,58.0,0.3222822208717698,4.834233313076547
4/24/2022,Tomato,Sandy Loam,7.400649077934546,23.887956420682283,83.7029341250074,13.074419885945437,175.52638216931706,97.03419635917616,67.17627829349713,33.83333333,0.3210552867726829,4.815829301590243
4/25/2022,Tomato,Sandy Loam,6.430478630359872,22.954781742341382,73.44518521974155,11.556510302221518,178.6403785518901,100.86968857166029,52.53088917426816,21.75,0.4456151420756048,6.684227131134072
4/26/2022,Tomato,Sandy Loam,6.902134366219755,21.89091287205471,81.17063351544573,6.41375055604768,189.6073748188437,91.45472523554393,61.31289764769577,21.75,0.8842949927537481,13.264424891306222
4/27/2022,Tomato,Sandy Loam,6.974051811580708,23.789092495996336,72.60185891491636,5.940440759766536,171.35005093367644,105.80262747452217,52.84123218886124,33.83333333,0.1540020373470575,2.310030560205864
4/28/2022,Tomato,Sandy Loam,6.824495095042961,23.22178259842856,81.76691348592209,8.450296230117253,180.3740198876119,94.35561603535137,64.09591672264374,21.75,0.514960795504476,7.724411932567141
4/29/2022,Tomato,Sandy Loam,6.594230216657271,21.853821635481125,70.18949257931938,13.549108903987689,173.5872936402442,103.5407562976402,68.10156255588961,42.29166667,0.2434917456097683,3.652376184146526
4/30/2022,Tomato,Sandy Loam,7.263295909149621,22.136644708205868,70.78534145672064,14.61736270306664,189.41353090819487,106.06424246488186,58.69215307734507,58.0,0.8765412363277953,13.14811854491693
5/1/2022,Tomato,Sandy Loam,6.397853418537789,21.59828657491187,78.55739068034907,7.413608548470712,172.2660700945493,101.23753912483026,59.761845205299515,21.75,0.1906428037819713,2.859642056729571
5/2/2022,Tomato,Sandy Loam,5.622205912973207,23.913221994797468,69.25426589903593,12.6209567058172,178.07202004723183,104.81766413443971,68.54845672965524,21.75,0.422880801889273,6.343212028339095
5/3/2022,Tomato,Sandy Loam,7.189112751424321,22.55188948767022,69.58308374050857,10.738692169072056,184.75769969669213,103.23720624430011,60.41982777298714,33.83333333,0.690307987867685,10.354619818015276
5/4/2022,Tomato,Sandy Loam,6.847962544633101,23.688170062493953,71.1052485803483,5.318073670779428,184.0910885605489,97.11059594304015,59.75196876099122,21.75,0.6636435424219562,9.954653136329345
5/5/2022,Tomato,Sandy Loam,7.198517252999293,22.03949931305054,78.57857539320752,10.429163499329398,178.45457273787864,106.1771707806713,61.56658205408608,33.83333333,0.4381829095151458,6.572743642727187
5/6/2022,Tomato,Sandy Loam,5.777094884889388,23.582524809292426,82.78776184846464,13.059404029893551,176.93048335905436,95.89402739771056,63.78459472725904,42.29166667,0.3772193343621746,5.658290015432619
5/7/2022,Tomato,Sandy Loam,5.561505881019433,21.161660545281492,78.49135302253973,7.761227833440265,177.9522475710574,101.42425835503035,52.13766750174063,58.0,0.4180899028422965,6.271348542634448
5/8/2022,Tomato,Sandy Loam,7.368749080765003,23.946270952572863,81.55628488688251,13.97361623970461,175.2855252631728,104.90795478283079,66.42221055483031,33.83333333,0.3114210105269114,4.671315157903671
5/9/2022,Tomato,Sandy Loam,5.795456611701148,23.736103101099907,75.87121179388939,7.362604068746369,174.106658774136,97.57911819625015,58.71010054906519,33.83333333,0.2642663509654398,3.963995264481597
5/10/2022,Tomato,Sandy Loam,7.119304664140904,22.089608834329965,66.37846442690291,5.764731326440543,179.6607939511778,96.0553521523485,51.44697019794971,13.29166667,0.486431758047112,7.296476370706681
5/11/2022,Tomato,Sandy Loam,7.146419884361272,23.324166495943732,67.00932423017001,6.599393094395641,175.37067512135215,99.18692020345645,65.72365338396426,33.83333333,0.3148270048540859,4.722405072811288
5/12/2022,Tomato,Sandy Loam,6.917410401098006,23.25677377942148,76.0878395673383,13.370028687209183,175.749233297945,106.35926988698307,57.538999433725444,58.0,0.3299693319178001,4.949539978767001
5/13/2022,Tomato,Sandy Loam,5.7625244221857415,23.703764391308795,71.55601937284219,9.173059190395282,183.13512126949115,108.5984352629133,52.00734990190108,21.75,0.6254048507796457,9.381072761694686
5/14/2022,Tomato,Sandy Loam,6.834797249121615,21.92176494338643,69.41136147273885,12.969455636216576,189.37074663399784,100.9016682571978,62.67558079086501,13.29166667,0.8748298653599138,13.122447980398707
5/15/2022,Tomato,Sandy Loam,7.2781731666537315,22.39656001594245,74.32513854605241,10.312330609895952,182.0727440111875,103.22932410647303,67.60262706867283,13.29166667,0.5829097604475001,8.743646406712502
5/16/2022,Tomato,Sandy Loam,6.3510632896017665,23.59499883781816,78.32993481808603,9.805591247944314,171.53958934129932,108.06547244477828,67.75507018827973,58.0,0.161583573651973,2.423753604779596
5/17/2022,Tomato,Sandy Loam,6.327033708757198,23.33573836240565,72.69983895471717,13.069131514924653,171.51167227708135,91.97093702825885,69.15326949617946,13.29166667,0.1604668910832536,2.407003366248804
5/18/2022,Tomato,Sandy Loam,6.385716619158838,22.180400156220838,81.05084514314683,9.23487611712376,189.02846441691133,94.6415715573233,67.35410919533376,58.0,0.8611385766764528,12.917078650146792
5/19/2022,Tomato,Sandy Loam,5.664543781352413,23.537175698736366,79.77046493142788,13.020327310663683,175.94581580614667,104.17800012503164,50.0428183869095,58.0,0.3378326322458669,5.067489483688004
5/20/2022,Tomato,Sandy Loam,7.284051138059947,21.140862117697203,79.69829764319134,6.006621649634456,171.84133972164952,106.47488923824599,57.604823328267805,42.29166667,0.1736535888659803,2.6048038329897056
5/21/2022,Tomato,Sandy Loam,7.238365727961021,23.34613890888897,84.70379379354777,11.363108155392563,181.98089174300765,107.14058056661156,66.37085159811006,42.29166667,0.5792356697203053,8.68853504580458
5/22/2022,Tomato,Sandy Loam,7.495818643580573,21.620297578301102,70.9045995474327,12.025870565519847,182.4729755658053,98.30214353709866,57.325060119969486,13.29166667,0.5989190226322129,8.983785339483193
5/23/2022,Tomato,Sandy Loam,6.670366282996827,21.858362723471362,77.89451172681791,13.990973961417426,182.97009640237377,91.78679804583734,62.030970127594124,13.29166667,0.6188038560949505,9.282057841424256
5/24/2022,Tomato,Sandy Loam,7.0023832729027715,22.479644530786782,82.10956680320626,7.243239187161949,175.34804055715082,98.7556295459924,62.12633894749064,42.29166667,0.313921622286033,4.708824334290496
5/25/2022,Tomato,Sandy Loam,5.90534381261461,22.34920350320992,76.59048867827822,11.042198800928515,170.3022136842895,94.61469180414107,57.30050608077646,42.29166667,0.11208854737158,1.6813282105737004
5/26/2022,Tomato,Sandy Loam,6.835057636448339,22.56171032060964,80.79004352230785,9.33256563689223,189.30030738908943,95.82392909993249,68.08947854562575,21.75,0.8720122955635775,13.080184433453663
5/27/2022,Tomato,Sandy Loam,6.799465697514782,22.63432678701607,73.28904371679825,8.82771655544029,175.01786091382206,105.44535113675012,60.06456690772235,21.75,0.300714436552882,4.51071654829323
5/28/2022,Tomato,Sandy Loam,7.302417471683225,21.99458307309449,76.80982691309609,6.0671355521195744,183.52052576105095,91.51054172051774,59.29568411875002,33.83333333,0.640821030442038,9.61231545663057
5/29/2022,Tomato,Sandy Loam,7.161585445678148,21.52568253905109,66.11332785608657,6.342333305949422,184.1325973975742,106.55162434961404,69.95027491323792,21.75,0.6653038959029677,9.979558438544515
5/30/2022,Tomato,Sandy Loam,7.3769329252355265,23.305443687861917,84.71535211649626,13.369884614476463,182.2001483415897,98.55338171648339,59.87000728145233,13.29166667,0.5880059336635886,8.820089004953829
5/31/2022,Tomato,Sandy Loam,7.237666945403215,22.199928447261428,81.00036962896834,12.49753432325562,176.25814788427297,101.9212786220119,53.56796503857162,58.0,0.3503259153709186,5.25488873056378
6/1/2022,Tomato,Sandy Loam,7.237387789797704,22.517522587377176,82.37618143262898,8.823411302911005,175.4219250752813,91.79304462471357,60.261388457268765,42.29166667,0.3168770030112526,4.75315504516879
6/2/2022,Tomato,Sandy Loam,5.6274466533774365,22.934090155053354,78.88588556285892,13.284865813896308,181.95336565405407,96.74718156714559,66.2803347103986,33.83333333,0.5781346261621625,8.672019392432437
6/3/2022,Tomato,Sandy Loam,7.191923905391912,23.728913766919966,68.72100065617398,5.807661848235784,187.32191267223382,91.79401838029692,65.53720653796563,21.75,0.7928765068893532,11.893147603340298
6/4/2022,Tomato,Sandy Loam,6.714956789006236,23.12265849342066,65.62056884836065,11.247739170331688,188.9346745784679,109.23087445762219,65.77163530216941,33.83333333,0.8573869831387165,12.860804747080747
6/5/2022,Tomato,Sandy Loam,6.260888903531923,21.136377676771154,82.29313215472027,13.681760527142885,172.11811608807514,106.145232986525,64.16047567995824,33.83333333,0.1847246435230061,2.770869652845092
6/6/2022,Tomato,Sandy Loam,5.613029248776124,23.515681090194054,72.92661307472247,13.388642310312497,173.0965722519544,99.1926550871292,55.084356581333765,58.0,0.2238628900781759,3.357943351172638
6/7/2022,Tomato,Sandy Loam,6.855347549536093,23.96806504538256,70.2772975207984,8.727827599418598,188.8947251756616,94.47205096647342,67.24168171680464,58.0,0.8557890070264638,12.836835105396956
6/8/2022,Tomato,Sandy Loam,6.156403501075235,22.417455076114145,76.2334591767789,12.452338530569891,184.73070456669586,108.66910210499705,67.8688693075253,21.75,0.689228182667834,10.33842274001751
6/9/2022,Tomato,Sandy Loam,6.435552529972069,23.908771009363804,73.41797044951439,9.274681455198776,187.65987649659547,96.89193191453944,53.883053932370984,42.29166667,0.8063950598638184,12.095925897957276
6/10/2022,Tomato,Sandy Loam,6.863456874110269,22.64198622702945,78.03331991375114,13.401381643899494,174.05265268270688,93.2196886337475,52.60911273102788,42.29166667,0.2621061073082745,3.9315916096241184
6/11/2022,Tomato,Sandy Loam,7.3235490940482855,22.37884798761585,74.67586466109027,10.307619501550231,181.75171742218805,101.2632877690791,69.51209937178224,33.83333333,0.5700686968875215,8.551030453312823
6/12/2022,Tomato,Sandy Loam,7.150873831209997,21.994214294182367,78.94466280880542,12.64857049105041,184.02279188834947,108.87548240689632,67.36647927300736,13.29166667,0.6609116755339789,9.913675133009685
6/13/2022,Tomato,Sandy Loam,6.4011942582072,22.972664627500016,82.06846539018287,5.785715822916718,183.60223770893944,90.07660581000646,67.86472294419893,13.29166667,0.6440895083575782,9.661342625363671
6/14/2022,Tomato,Sandy Loam,6.275566314892758,21.689461261575133,68.91114021911578,10.900259716088629,178.16303381733397,94.76249686507998,67.72752769248791,13.29166667,0.4265213526933585,6.397820290400379
6/15/2022,Tomato,Sandy Loam,5.979559477688095,21.314802655543215,71.58865761130974,10.502841774693389,170.30789783382616,108.76895280820816,60.83373648067457,58.0,0.1123159133530467,1.684738700295702
6/16/2022,Tomato,Sandy Loam,6.244853502351937,21.08171130775264,73.73631173141278,11.099767217351602,181.65852113608526,93.42171933714324,62.928034733316,42.29166667,0.5663408454434106,8.49511268165116
6/17/2022,Tomato,Sandy Loam,5.722092774583796,21.877140338145793,84.24116896055276,11.9564160791559,175.06203078359218,92.2648690327964,60.90725704267283,33.83333333,0.302481231343687,4.537218470155305
6/18/2022,Tomato,Sandy Loam,7.442211016729509,22.187312496501114,72.3066722709497,14.18108970034142,179.0050849228578,101.4037443159961,51.02412698380658,21.75,0.4602033969143123,6.903050953714685
6/19/2022,Tomato,Sandy Loam,6.647834887919158,22.656230088843742,72.6219969918526,12.85682081776031,189.15162030167636,107.2368764658966,64.91006170705545,21.75,0.8660648120670539,12.990972181005809
6/20/2022,Tomato,Sandy Loam,5.755611685590425,21.87824947556102,78.06945045919122,7.196379914349047,177.9807063528487,99.54219635387852,60.10664066671761,33.83333333,0.4192282541139478,6.288423811709217
6/21/2022,Tomato,Sandy Loam,6.205612018531811,23.952178717156233,73.38399419779898,13.25896269292096,186.79603213328852,109.8912851336905,62.9541814958046,42.29166667,0.7718412853315414,11.57761927997312
6/22/2022,Tomato,Sandy Loam,6.594078287241312,21.875235504723502,84.0244749127921,6.220796776150957,173.77081211498503,103.58343399075986,60.05279609951071,58.0,0.2508324845994009,3.762487268991013
6/23/2022,Tomato,Sandy Loam,6.565771273281739,22.322926165339226,82.88937520950887,11.221985856750695,183.44920996050058,91.48149814420896,59.83622644644912,58.0,0.6379683984200231,9.569525976300346
6/24/2022,Tomato,Sandy Loam,5.571006737437265,21.3098284965957,75.26817555551347,13.827538082459432,189.54013908877886,109.85664263363951,53.43578218955534,13.29166667,0.8816055635511548,13.224083453267324
6/25/2022,Tomato,Sandy Loam,7.401682068458223,21.78187954001123,77.895504678957,6.011220542149039,172.03786201745874,98.1578847356038,55.57427430282298,58.0,0.1815144806983494,2.722717210475241
6/26/2022,Tomato,Sandy Loam,6.050751362949889,21.144996419366972,66.16061123767241,13.496926533102606,170.16639884454383,95.74805067690966,53.17705383887912,21.75,0.1066559537817536,1.5998393067263044
6/27/2022,Tomato,Sandy Loam,5.532369337863782,22.678525900311985,78.91461056064796,12.986207342302457,178.6716558526523,101.15758367155772,53.91332591250685,13.29166667,0.4468662341060915,6.702993511591372
6/28/2022,Tomato,Sandy Loam,5.652888017900565,23.253194049397294,79.14401745898064,10.037754338390709,171.85250966102734,96.08615183641729,69.4595476084061,58.0,0.1741003864410937,2.6115057966164064
6/29/2022,Tomato,Sandy Loam,6.660389806495954,21.587129443008205,72.18398591286416,8.088976022954041,184.96768699352464,91.72915014240304,53.062268915443966,58.0,0.6987074797409851,10.480612196114777
6/30/2022,Tomato,Sandy Loam,5.775571041350194,22.10373281344821,69.39365767250546,9.05438228071544,188.2909732769712,90.02856686158353,55.385408486104154,42.29166667,0.8316389310788471,12.474583966182706
7/1/2022,Tomato,Sandy Loam,5.583449585707006,21.049848680181483,83.30156803634034,14.686581357002115,178.68041945417517,98.99166705840524,61.8117931547717,58.0,0.4472167781670071,6.7082516725051065
7/2/2022,Tomato,Sandy Loam,6.259252932825422,23.518566167166636,73.53409801610255,7.016975561518464,175.17423284310883,106.73726844453185,62.20357152473284,42.29166667,0.3069693137243527,4.604539705865292
7/3/2022,Tomato,Sandy Loam,6.745522384680378,23.339890574795007,78.07412209603422,10.796042878298952,178.6880663801322,101.44630371260153,53.07948259487658,21.75,0.4475226552052879,6.712839828079319
7/4/2022,Tomato,Sandy Loam,5.7236796096832245,21.18976209262288,65.66657589952511,5.832407478786839,184.46895635700002,109.98414597886881,65.87434851570424,58.0,0.6787582542800008,10.181373814200011
7/5/2022,Tomato,Sandy Loam,6.126655664302631,22.094602827961232,73.28134333153673,7.178930641891722,170.18108323160743,95.736932912944,65.7040573582565,42.29166667,0.1072433292642967,1.608649938964452
7/6/2022,Tomato,Sandy Loam,6.335521343249084,23.865859841548485,81.34517622027761,12.633163880745206,181.78907978969394,95.6091012952011,54.74635408407782,13.29166667,0.5715631915877578,8.573447873816367
7/7/2022,Tomato,Sandy Loam,5.818920195573535,22.17608116823693,72.7515200080143,8.025990403605272,182.26583369774758,93.19498920467889,55.77332605350921,58.0,0.5906333479099033,8.859500218648549
7/8/2022,Tomato,Sandy Loam,6.51214779693342,22.57862603017205,77.06322320273753,14.857660705627346,182.7537649379187,93.2812717653067,68.75975730918994,13.29166667,0.6101505975167484,9.152258962751226
7/9/2022,Tomato,Sandy Loam,5.670428173803542,22.065728583031067,69.19711600969079,10.0081704309384,174.84044159961755,95.70373192020095,66.51342891958956,42.29166667,0.2936176639847018,4.404264959770527
7/10/2022,Tomato,Sandy Loam,5.593036992690138,22.788394164384787,73.3305129767912,10.16539325307743,184.28105446756254,105.85680090547055,63.95594066125048,33.83333333,0.6712421787025014,10.06863268053752
7/11/2022,Tomato,Sandy Loam,6.53967073431027,23.934470626910468,83.55275436106373,5.363147393357353,171.8278297266355,108.11513581272897,51.64466443021201,21.75,0.1731131890654211,2.596697835981317
7/12/2022,Tomato,Sandy Loam,5.9957939455017515,23.99250751044359,76.32903499402074,14.56526749577266,173.985406729336,109.50174339415362,58.36528161805151,42.29166667,0.2594162691734406,3.891244037601609
7/13/2022,Tomato,Sandy Loam,5.690747615796055,23.324144934033573,83.03862918185862,6.7423344088441794,187.54940093308963,94.64579308192906,61.18603744153654,33.83333333,0.8019760373235856,12.029640559853783
7/14/2022,Tomato,Sandy Loam,6.347825174975265,22.21293329406132,83.04038598979086,10.383405988104426,184.77446301453134,107.62595091228184,53.74822575967554,21.75,0.6909785205812531,10.364677808718795
7/15/2022,Tomato,Sandy Loam,7.33028147903479,22.483296602486966,83.88295600848959,8.956746099587317,170.2749110802269,96.56510178554674,58.96453164216449,58.0,0.1109964432090762,1.664946648136143
7/16/2022,Tomato,Sandy Loam,6.94838489330831,22.070193984336917,82.9078332016021,9.155847007446058,174.967525207396,92.25681089033769,62.0205175497738,42.29166667,0.2987010082958402,4.480515124437603
7/17/2022,Tomato,Sandy Loam,7.131231830694055,23.95672388971304,65.06562258020601,11.433001660361084,174.2881296598633,107.40049851040331,56.547533602307986,21.75,0.2715251863945316,4.072877795917975
7/18/2022,Tomato,Sandy Loam,7.243827977517273,23.12328091747621,83.68029783163195,11.620886770924772,175.41612656073946,102.72211269287237,65.61889637900974,42.29166667,0.3166450624295781,4.749675936443671
7/19/2022,Tomato,Sandy Loam,7.445255482792838,22.346794336300533,67.74918878170753,6.542886148580969,174.95119540559773,93.29461792162124,66.80899163277611,33.83333333,0.2980478162239091,4.470717243358637
7/20/2022,Tomato,Sandy Loam,7.026493147028346,21.036345810328807,65.79852502222302,9.995866531218924,171.25052591485692,98.59662515026005,56.472189388681414,42.29166667,0.1500210365942766,2.250315548914149
7/21/2022,Tomato,Sandy Loam,6.716815843878959,22.561450243171645,66.10777069156106,12.90477449141857,179.1788103319364,95.74515389754136,66.77314308984914,58.0,0.4671524132774562,7.007286199161844
7/22/2022,Tomato,Sandy Loam,6.230851760604494,23.951784605104855,71.97832390352868,9.432864835522295,184.6546694957233,104.73589137420394,52.0715313220603,58.0,0.6861867798289321,10.292801697433982
7/23/2022,Tomato,Sandy Loam,5.863286473115432,22.569182726919156,77.41608170537587,6.658044708265801,182.13463449434872,99.06832461248536,66.75458197245312,58.0,0.5853853797739491,8.780780696609236
7/24/2022,Tomato,Sandy Loam,6.873319747966589,21.54728005646734,73.04622393037995,8.132169431566908,183.4574333719616,109.7855989021277,53.05500863335233,58.0,0.6382973348784639,9.574460023176956
7/25/2022,Tomato,Sandy Loam,7.489899972243884,21.066281241314325,65.51108569298759,7.123795641050702,171.62298357072478,91.0948996451919,51.658543050194524,58.0,0.1649193428289913,2.4737901424348703
7/26/2022,Tomato,Sandy Loam,6.434717369237838,22.064111274372628,74.52965268349429,6.258174679148371,189.02981420353575,97.10030532272494,62.83550808882023,58.0,0.8611925681414297,12.917888522121446
7/27/2022,Tomato,Sandy Loam,6.947358736185615,23.75468416708982,73.8426148454076,8.775811274353538,186.7698366768605,99.63800334219955,59.438747315105886,42.29166667,0.7707934670744199,11.561902006116298
7/28/2022,Tomato,Sandy Loam,6.490184899986312,23.989662324527643,80.13698531003294,10.409362431980751,186.10180636991325,100.06267109496639,68.15781200825666,58.0,0.7440722547965302,11.161083821947951
7/29/2022,Tomato,Sandy Loam,6.363866846726953,23.836103924436006,70.59225796850876,5.727515252766318,186.45967610083534,96.31871644771273,57.26378392181698,21.75,0.7583870440334141,11.37580566050121
7/30/2022,Tomato,Sandy Loam,6.32061122711983,23.18825997976277,69.35062347588735,11.038233722281834,188.65421016265523,104.58480498195136,55.743045268752574,21.75,0.8461684065062091,12.692526097593136
7/31/2022,Tomato,Sandy Loam,6.509249365863395,22.674428185321965,70.11877915353253,14.930244401696076,180.88507932227395,107.49494146977949,60.01469812288397,13.29166667,0.5354031728909582,8.031047593364372
8/1/2022,Tomato,Sandy Loam,6.23379132373075,22.772058439146758,71.07479645259696,14.641249320200837,174.00564035735252,108.77438603955726,59.11892371537323,33.83333333,0.2602256142941007,3.903384214411511
8/2/2022,Tomato,Sandy Loam,6.997546643643616,22.616976027275882,76.98329746734333,13.29173481999159,182.33567215705082,106.10186753599052,56.888560924343764,33.83333333,0.593426886282033,8.901403294230494
8/3/2022,Tomato,Sandy Loam,7.248544053183033,23.121147914768965,74.4305097090416,7.6634111280240305,184.85762987335877,107.01160394613198,63.87482597396657,21.75,0.6943051949343512,10.414577924015267
8/4/2022,Tomato,Sandy Loam,7.2657706132903686,22.256619680086057,71.73789130358116,5.224075964793673,184.75834786708052,101.01090601239991,65.19123667827816,21.75,0.6903339146832204,10.355008720248303
8/5/2022,Tomato,Sandy Loam,5.955397426851652,23.0076120148673,72.48628316567357,13.33541702882851,180.4289804833376,106.51776452853629,67.05967938060273,58.0,0.5171592193335041,7.757388290002561
8/6/2022,Tomato,Sandy Loam,7.291818277462982,21.364836344871602,72.41847320317953,5.557202319787132,171.36917438667157,96.07007818295904,69.45713209420686,13.29166667,0.1547669754668624,2.321504632002937
8/7/2022,Tomato,Sandy Loam,6.18310246371021,21.797085919684452,84.44813389420635,7.056280814707704,177.42225876860255,97.96957524218429,55.33312384265009,42.29166667,0.3968903507441023,5.953355261161534
8/8/2022,Tomato,Sandy Loam,6.118615330970595,23.50800911642589,69.65993976105905,10.444532154467844,188.41533216926715,96.33826027637089,64.32186964979923,58.0,0.8366132867706859,12.54919930156029
8/9/2022,Tomato,Sandy Loam,6.953512114796472,23.711246792230174,81.36123120544516,6.783780391436435,181.6889781951485,99.34774670895851,57.8851647099149,33.83333333,0.5675591278059409,8.513386917089113
8/10/2022,Tomato,Sandy Loam,6.109392680172579,22.617024712680898,79.16421675176375,13.33788331298642,180.76663886511426,95.71159232477272,63.54163943902216,21.75,0.5306655546045708,7.959983319068561
8/11/2022,Tomato,Sandy Loam,5.60593281121942,21.094906851638797,65.11140011207101,12.771596962598291,175.37707028764387,109.23222884508894,59.51963380698441,13.29166667,0.3150828115057548,4.726242172586322
8/12/2022,Tomato,Sandy Loam,6.247235544620616,23.780920712375305,84.86352436250976,12.5576950573725,177.3689783983316,96.25689256011336,69.87546205535864,33.83333333,0.3947591359332631,5.921387038998947
8/13/2022,Tomato,Sandy Loam,6.942931200716698,23.10619277408186,80.12878741267147,13.161276158975763,187.90692178306338,91.9608907622188,64.578042715815,42.29166667,0.8162768713225355,12.244153069838031
8/14/2022,Tomato,Sandy Loam,6.153916840540353,22.24208377126608,78.64899172701583,7.197017802646121,183.3292609505367,100.53634332100827,69.0498260086865,21.75,0.6331704380214686,9.497556570322027
8/15/2022,Tomato,Sandy Loam,6.759118111990293,22.79513682959849,73.10649415353275,12.288923761497491,185.74774053504666,91.14198156890353,66.69939098962371,13.29166667,0.7299096214018663,10.948644321027995
8/16/2022,Tomato,Sandy Loam,6.82023888852626,22.2893245033241,76.1040617782858,8.552815025917647,179.0869084613531,92.2108633261716,68.05802022326742,21.75,0.4634763384541241,6.9521450768118624
8/17/2022,Tomato,Sandy Loam,6.9674720234527125,22.396017680196152,70.0654179133494,11.668447595683997,182.60494438912315,94.38778778392492,66.2883839442935,21.75,0.6041977755649264,9.062966633473897
8/18/2022,Tomato,Sandy Loam,7.294260932621873,23.660429596978204,65.70966810291395,6.220217286311748,174.96767217486416,99.28700499764284,59.183182607518226,13.29166667,0.298706886994566,4.480603304918491
8/19/2022,Tomato,Sandy Loam,6.365128998536862,21.483252740751336,81.72043316891946,12.05586580064515,184.10921660566973,98.66501864618056,55.03576906693769,33.83333333,0.664368664226789,9.965529963401837
8/20/2022,Tomato,Sandy Loam,5.832864153324914,21.31100740644671,82.92968987362343,14.721077279007796,178.55202667406675,105.99383724005583,57.406403509010445,21.75,0.4420810669626699,6.6312160044400486
8/21/2022,Tomato,Sandy Loam,6.137851430863779,21.008186233539046,68.2494127322848,5.4360036531871625,178.8509102962949,104.78949307768227,50.40472465279901,13.29166667,0.4540364118517964,6.8105461777769465
8/22/2022,Tomato,Sandy Loam,6.364334510347971,21.94200112683638,80.74112191691466,5.938289011670848,182.98644649153763,98.52636587981402,60.47986334929334,13.29166667,0.6194578596615054,9.29186789492258
8/23/2022,Tomato,Sandy Loam,6.927782938656226,21.442241299453283,79.82305346571317,6.236367673380139,188.72561242937854,96.6740841515126,60.10115600540817,13.29166667,0.8490244971751414,12.73536745762712
8/24/2022,Tomato,Sandy Loam,5.526244251123267,21.659956485414334,68.5675000387218,9.305639049413012,171.2801269321724,96.32937568122998,60.505009296609764,42.29166667,0.1512050772868967,2.268076159303451
8/25/2022,Tomato,Sandy Loam,6.131570766879758,21.03371694799613,73.43657605149588,7.907801849330537,186.49486474694015,105.47990174588018,69.48062449944128,21.75,0.7597945898776061,11.396918848164091
8/26/2022,Tomato,Sandy Loam,7.059685162038633,21.68158624406311,73.45515841668207,13.069201535406936,175.84766220824386,91.0414481244254,68.22908006909678,33.83333333,0.3339064883297545,5.008597324946318
8/27/2022,Tomato,Sandy Loam,6.8417154066613906,21.99813474579712,80.19928516610497,9.737872392009615,178.87838909012754,90.25643299021212,53.23425556660216,21.75,0.4551355636051023,6.827033454076535
8/28/2022,Tomato,Sandy Loam,6.96347994717121,21.094702489229643,81.75321811552111,9.845373426885525,170.43826657550017,105.91088783853296,57.377650431117786,58.0,0.1175306630200071,1.7629599453001077
8/29/2022,Tomato,Sandy Loam,7.123621538878389,22.823712372891443,66.89550242782742,12.170381013253538,176.02092155668626,99.54292751978099,58.47912358926524,42.29166667,0.3408368622674504,5.112552934011757
8/30/2022,Tomato,Sandy Loam,7.066471437755925,22.706401046651273,76.25938469808406,8.619689825357458,180.0526248526026,92.61762277107152,57.210658357032955,33.83333333,0.5021049941041044,7.531574911561566
8/31/2022,Tomato,Sandy Loam,6.864366332305556,21.291107335529777,80.2349699385777,8.532072474204636,171.12352154694878,94.71131869189003,65.96991927207826,42.29166667,0.1449408618779512,2.174112928169268
9/1/2022,Tomato,Sandy Loam,6.379323064741181,22.785029332555204,80.72381188130316,12.569263876274803,179.82191458766331,108.65007906194765,60.48075339735174,13.29166667,0.4928765835065322,7.393148752597983
9/2/2022,Tomato,Sandy Loam,7.467196657756308,23.995961755826634,67.95987048860817,12.800417458367647,188.54221257716856,107.19005951249795,61.4419963394325,13.29166667,0.8416885030867419,12.62532754630113
9/3/2022,Tomato,Sandy Loam,6.638146391180148,23.83340685843462,75.51010286301589,5.143987725328195,172.1078643621561,104.19570100447945,67.0602711797585,33.83333333,0.1843145744862442,2.764718617293663
9/4/2022,Tomato,Sandy Loam,5.905538418737678,21.00801298010299,82.15117412725405,6.43790475840733,185.2888145615101,99.64450460674654,66.11856306830717,13.29166667,0.7115525824604035,10.673288736906054
9/5/2022,Tomato,Sandy Loam,6.085625710209569,23.38613493399108,71.37037153170569,7.130981811484798,178.19342106751986,100.40647252382772,52.64423045640599,42.29166667,0.4277368427007941,6.4160526405119125
9/6/2022,Tomato,Sandy Loam,6.88712491194094,22.06081582870946,73.50233797823594,8.516004687578764,183.10347429048676,109.50489070567917,64.27829168167268,42.29166667,0.6241389716194704,9.362084574292057
9/7/2022,Tomato,Sandy Loam,7.349479130398927,21.190954111003883,81.08717022672664,7.91448083431953,175.2047319597046,109.31540887768574,58.70872257804071,42.29166667,0.3081892783881835,4.622839175822753
9/8/2022,Tomato,Sandy Loam,5.8574402584117955,21.887949641148623,66.78639042367524,11.685200483882763,173.18984525082718,94.30538091571668,55.892978061250005,13.29166667,0.2275938100330866,3.4139071504963
9/9/2022,Tomato,Sandy Loam,5.664692991491573,21.965209548938887,82.18986579777956,13.28135233802958,173.20925228542453,106.22209132610637,51.00037641804373,42.29166667,0.2283700914169811,3.4255513712547176
9/10/2022,Tomato,Sandy Loam,7.263062096084012,22.56973271792717,71.22313433461618,6.920869823560242,171.40983891286288,93.94485332334034,59.74499120690902,58.0,0.1563935565145157,2.345903347717736
9/11/2022,Tomato,Sandy Loam,7.330555957825669,22.983251301806565,65.02900633182254,10.629800606019485,173.71293409802487,94.27074955767903,57.10873361449063,13.29166667,0.2485173639209944,3.7277604588149167
9/12/2022,Tomato,Sandy Loam,6.052758690631799,23.247166836625226,69.68318290112717,8.67816251081036,183.28438769977936,103.52186068329154,55.030260793528015,58.0,0.6313755079911746,9.47063261986762
9/13/2022,Tomato,Sandy Loam,6.25457144874248,21.7377091276898,66.79001281791012,10.05777875046062,187.63381223687017,98.10002197175096,63.893434591939155,21.75,0.8053524894748064,12.080287342122096
9/14/2022,Tomato,Sandy Loam,6.820375994995716,21.965311710745492,66.84769813992489,11.20757841783394,186.28251371182324,108.6308881421304,65.38970774631174,58.0,0.7513005484729295,11.269508227093942
9/15/2022,Tomato,Sandy Loam,6.15986004168495,21.925145120579206,78.85671468285183,13.935998186820113,183.70268619748967,91.78019469792018,54.895790380588494,21.75,0.6481074478995873,9.72161171849381
9/16/2022,Tomato,Sandy Loam,7.254317416540106,22.08821060436263,69.27952671278129,6.922926678272807,172.20863726822205,100.23051281618986,50.988948733586945,42.29166667,0.1883454907288821,2.8251823609332325
9/17/2022,Tomato,Sandy Loam,5.715157405427726,23.998968926869015,83.69484725953964,5.870065870560604,175.78374892591899,108.37043060886242,66.9750540113047,33.83333333,0.3313499570367598,4.970249355551398
9/18/2022,Tomato,Sandy Loam,5.575964441920391,23.33382990848228,75.32889093182608,11.272119190453523,176.1961375064494,108.0822732095901,50.199194824086064,58.0,0.3478455002579752,5.217682503869629
9/19/2022,Tomato,Sandy Loam,5.9169724134855795,23.92497139580609,74.20196515909836,8.941308487726264,174.99913892795243,93.13058426831482,68.74224987842945,13.29166667,0.299965557118097,4.499483356771456
9/20/2022,Tomato,Sandy Loam,6.072175556409938,23.07933317864117,73.68567036440304,6.629026932929886,180.30011319419447,97.33275400192913,62.55239747965412,13.29166667,0.5120045277677785,7.680067916516677
9/21/2022,Tomato,Sandy Loam,5.72585318257775,22.218812104941854,78.85175279343264,6.170871673548447,180.71107629759345,102.38242800093393,56.436932704026404,58.0,0.5284430519037381,7.926645778556071
9/22/2022,Tomato,Sandy Loam,5.631380858681293,22.169232550880924,74.04525525047217,10.589097868740298,177.1377195034222,93.18789769542805,54.929558191534724,33.83333333,0.3855087801368881,5.782631702053322
9/23/2022,Tomato,Sandy Loam,7.011215427003597,22.465743434925134,67.57200712450384,8.004705945281955,177.0757831747287,109.36044344091478,50.18011328528951,13.29166667,0.3830313269891489,5.7454699048372335
9/24/2022,Tomato,Sandy Loam,5.828553131804515,22.250609350093313,82.60344361281513,14.97426379585978,186.57111195812163,108.2949865745532,54.70942834021754,33.83333333,0.7628444783248651,11.442667174872977
9/25/2022,Tomato,Sandy Loam,7.3278443981326085,23.484978738278237,73.56790697851318,9.05900819330714,185.7858569663937,93.33900358068938,52.75456603034282,42.29166667,0.7314342786557485,10.971514179836229
9/26/2022,Tomato,Sandy Loam,6.235999322896192,22.39500603908008,66.48009151399005,7.122866087651827,176.1559166336149,92.4231092252197,62.24332441446291,33.83333333,0.3462366653445965,5.193549980168948
9/27/2022,Tomato,Sandy Loam,6.84121161944269,21.886843080632538,75.58731974995523,11.288490451172777,188.2757688774652,91.70816965616531,53.330911771876025,58.0,0.8310307550986075,12.465461326479112
9/28/2022,Tomato,Sandy Loam,5.9508042295376,23.324580806089955,77.94693716911407,7.442548896905069,189.05630034005011,108.18887328073262,60.57259675073239,58.0,0.8622520136020049,12.933780204030072
9/29/2022,Tomato,Sandy Loam,5.980645536983734,23.563261228144185,70.51164928315517,9.940860432311611,176.53485084060082,93.87247619590921,61.80232844688942,21.75,0.3613940336240326,5.42091050436049
9/30/2022,Tomato,Sandy Loam,6.649418405735151,22.261286868421355,81.00680815347684,9.825761837210074,177.08849897586109,98.3256985708871,55.96083396693829,21.75,0.3835399590344439,5.753099385516659
10/1/2022,Tomato,Sandy Loam,6.621285850291972,23.003425715716595,78.39551692074727,9.535576297157371,180.11268306843917,98.97702731304005,50.701298980374375,33.83333333,0.504507322737567,7.567609841063506
10/2/2022,Tomato,Sandy Loam,7.037458456024162,21.176413601664915,78.00682338528867,12.96085696269575,188.82241625067348,101.98022088427135,50.74507761228392,58.0,0.8528966500269388,12.793449750404084
10/3/2022,Tomato,Sandy Loam,7.015626611388532,22.588394555914398,73.41649905735588,7.166130014661839,187.52638866284622,91.4347068749485,50.526946643878354,33.83333333,0.8010555465138492,12.01583319770774
10/4/2022,Tomato,Sandy Loam,6.841375529327323,21.134943413236524,84.23830602822576,14.0430730507047,172.05135925167178,94.53517234801032,64.78249334273093,33.83333333,0.1820543700668718,2.730815551003078
10/5/2022,Tomato,Sandy Loam,6.398261131786982,21.087572521483406,70.48378335898495,12.913405032135344,177.85461486542832,108.62980773837852,56.360194096285966,33.83333333,0.414184594617133,6.212768919256995
10/6/2022,Tomato,Sandy Loam,7.281280772561234,22.838774551568218,76.55411002030905,8.331223642433237,181.06742379499545,108.1682021453714,65.92600371935328,58.0,0.5426969517998175,8.140454276997263
10/7/2022,Tomato,Sandy Loam,6.745156980442598,21.910006147184962,71.18110314945235,6.806025062801385,180.0626494510308,105.62581294811385,58.63465647685698,58.0,0.5025059780412321,7.537589670618481
10/8/2022,Tomato,Sandy Loam,7.480396980924715,23.227611487366396,79.89609505943108,7.795350245067413,173.87726135873785,90.38802491236432,59.05996201659928,21.75,0.2550904543495141,3.826356815242713
10/9/2022,Tomato,Sandy Loam,7.138739635868717,23.688247681897778,65.95582967740243,8.326362469090784,187.1763354233631,96.54013536992204,60.257652050191474,33.83333333,0.7870534169345238,11.805801254017856
10/10/2022,Tomato,Sandy Loam,5.588619622476653,21.41817352119105,65.91787735750098,10.569331688070466,183.53881565993674,102.55917470685816,64.26062912750209,13.29166667,0.6415526263974699,9.623289395962049
10/11/2022,Tomato,Sandy Loam,6.141187814160635,23.173568515736772,81.21721939037583,5.463681688136502,186.75816749703608,95.50380423546952,55.47005731659414,13.29166667,0.7703266998814429,11.554900498221643
10/12/2022,Tomato,Sandy Loam,6.643751432941904,22.54355999486503,73.68536322127342,14.143591298520532,187.17528558698945,108.19173390107555,52.43174699067054,42.29166667,0.7870114234795778,11.805171352193666
10/13/2022,Tomato,Sandy Loam,6.9429390757429745,21.336357750488098,71.82360109200711,5.9867485666111095,184.9671170733148,102.67778923664883,61.121146703829226,13.29166667,0.6986846829325918,10.480270243988876
10/14/2022,Tomato,Sandy Loam,6.600672995523883,22.954777819442175,77.15053724350676,7.792733941000348,178.78421202499436,91.43813434632891,56.539552464854786,58.0,0.4513684809997739,6.7705272149966085
10/15/2022,Tomato,Sandy Loam,7.072260844924363,22.828400409319418,79.03798687737947,6.092874379529666,182.2109351003085,108.18011177671406,58.84982627336075,33.83333333,0.5884374040123397,8.826561060185096
10/16/2022,Tomato,Sandy Loam,6.065311305514689,22.546925602202347,69.02402693688813,7.566728265256602,173.20730812239486,109.15533316352445,62.93893416674611,21.75,0.2282923248957945,3.424384873436918
10/17/2022,Tomato,Sandy Loam,5.86782410246565,23.779413613678976,68.70862482809463,13.376738186088083,183.47290834949814,91.5542483678345,59.882514822825414,42.29166667,0.6389163339799262,9.583745009698893
10/18/2022,Tomato,Sandy Loam,5.60783336757954,22.56323908831205,84.16301495519764,11.151758113832422,173.5850651147856,100.6472046972263,62.40557634201686,58.0,0.2434026045914246,3.651039068871369
10/19/2022,Tomato,Sandy Loam,6.646627489143044,23.971545346350638,76.79328612769139,7.273232250894806,183.87899181020313,96.0672856442834,60.88400004227256,42.29166667,0.6551596724081254,9.827395086121882
10/20/2022,Tomato,Sandy Loam,6.87719904135099,22.527686441544333,72.80232954588536,13.717585297993375,174.59196321507937,97.85678152962805,64.79592743872198,42.29166667,0.2836785286031749,4.255177929047624
10/21/2022,Tomato,Sandy Loam,6.152299434238723,21.3475561149041,81.02883389339013,13.007120592184847,172.3510260030044,93.59302435910683,64.1187323542324,13.29166667,0.1940410401201759,2.91061560180264
10/22/2022,Tomato,Sandy Loam,6.7271683697117535,22.41141375322509,75.50317917555834,12.536492823215806,173.30568980285915,101.56144204024825,60.68379783617239,33.83333333,0.2322275921143659,3.483413881715489
10/23/2022,Tomato,Sandy Loam,5.604314461706658,21.546986287665213,69.83325620749163,13.47632698385713,170.0398427043814,109.15958706497781,63.57806041719414,58.0,0.1015937081752562,1.5239056226288432
10/24/2022,Tomato,Sandy Loam,5.698586692593607,22.791400455652283,69.13470611283148,11.196496815183153,184.37479235707062,100.06145200543219,67.47119204545226,42.29166667,0.6749916942828242,10.124875414242364
10/25/2022,Tomato,Sandy Loam,6.9035095445169965,23.079396525580805,72.93718532339643,10.014373602112324,184.64802098116758,91.65829162788962,58.64542575576337,42.29166667,0.6859208392467033,10.28881258870055
10/26/2022,Tomato,Sandy Loam,6.236139410434598,22.40530583612128,82.1979172051976,8.739350261713895,180.2986669982652,102.40002666954817,58.25526145497587,42.29166667,0.5119466799306076,7.679200198959114
10/27/2022,Tomato,Sandy Loam,6.842668062206011,21.293108903049443,66.22895832088518,7.237640204076984,173.22725602110768,96.80445988902514,65.28491241704761,58.0,0.2290902408443069,3.4363536126646044
10/28/2022,Tomato,Sandy Loam,7.163442240559836,22.405924195750657,69.37052001509527,10.574116576468947,171.6710867502138,107.11850379182596,61.65107674083988,33.83333333,0.1668434700085518,2.5026520501282774
10/29/2022,Tomato,Sandy Loam,7.205244874952234,21.2443626442032,82.86303637705183,13.894923457140884,170.38257932874575,98.69356296632941,51.42013560445177,21.75,0.1153031731498296,1.7295475972474443
10/30/2022,Tomato,Sandy Loam,5.8443352909289015,23.046377866519602,67.43469137938501,10.939817889923251,173.31496353930442,93.85679217884491,67.84224031382163,21.75,0.2325985415721765,3.4889781235826485
10/31/2022,Tomato,Sandy Loam,6.472571144702693,23.371104674595262,77.59251436528336,14.196068617206368,187.81711069966292,93.8221124538229,50.6156620447528,58.0,0.8126844279865174,12.19026641979776
11/1/2022,Tomato,Sandy Loam,6.967853447264973,23.887140981681117,69.2702273624205,8.569173695931635,174.83073683403364,105.37528361442321,64.96792712419486,58.0,0.2932294733613454,4.398442100420182
11/2/2022,Tomato,Sandy Loam,7.047961192533821,21.446406321385368,77.11733695023777,11.951379725274975,177.0854265443443,95.3117519661472,65.17588285408625,33.83333333,0.3834170617737725,5.751255926606588
11/3/2022,Tomato,Sandy Loam,7.069351961457755,22.59726100659991,72.66208333688465,11.486654724626412,172.10690968962666,105.34466788318446,69.0622217056386,13.29166667,0.1842763875850665,2.7641458137759987
11/4/2022,Tomato,Sandy Loam,5.956334668761169,22.702612102606256,67.03353792861984,11.70433844062742,174.4472260949634,94.11774621533199,51.08268816804642,13.29166667,0.2778890437985362,4.168335656978043
11/5/2022,Tomato,Sandy Loam,5.885069635447547,23.76742960134294,76.64950135108212,11.450420122407929,180.3844914156041,96.43372737402619,61.937137215689816,58.0,0.5153796566241641,7.730694849362461
11/6/2022,Tomato,Sandy Loam,6.680024936547392,22.881829921789542,78.66085494169172,7.216546749371168,182.15505366191306,99.30973944879399,58.55681141254106,42.29166667,0.586202146476522,8.79303219714783
11/7/2022,Tomato,Sandy Loam,6.982171595476439,21.436528936935964,78.60545237931606,6.4359089828314895,174.90704628332423,108.86391699386901,56.61265909719084,21.75,0.2962818513329688,4.444227769994533
11/8/2022,Tomato,Sandy Loam,6.138279031068387,22.30905397188957,77.74068818145419,14.786282562320586,171.15464318450233,108.6346284950765,51.80637120598146,13.29166667,0.1461857273800937,2.1927859107014065
11/9/2022,Tomato,Sandy Loam,5.7094103137248435,22.96428758551875,75.00449561871092,5.452951288425012,177.82065738254798,94.13743750844576,61.25308239342618,42.29166667,0.4128262953019189,6.192394429528784
11/10/2022,Tomato,Sandy Loam,6.933492765820155,23.10085329620789,75.38945233718651,9.677364870282704,174.6840674185267,97.16438082486145,59.58081451349227,13.29166667,0.2873626967410673,4.310440451116009
11/11/2022,Tomato,Sandy Loam,6.099395662760009,23.58922199577172,77.71280219615919,9.25080317141862,174.39107846459603,92.98798776907545,52.091089163020484,58.0,0.2756431385838416,4.134647078757624
11/12/2022,Tomato,Sandy Loam,5.832725448623444,21.541521359533192,78.80518723493282,8.600189582150762,189.1972560542691,100.19970158626994,62.249790141941666,21.75,0.8678902421707643,13.018353632561464
11/13/2022,Tomato,Sandy Loam,5.795447056794263,23.854626440266497,78.0975347766277,12.819838535767095,182.32600971851448,99.21165101389333,64.75906240505877,13.29166667,0.5930403887405793,8.89560583110869
11/14/2022,Tomato,Sandy Loam,6.129819095053433,21.177418236046776,76.73891129826903,12.45350288312516,181.1375688634419,108.01520324901465,65.34556602107297,33.83333333,0.5455027545376767,8.182541318065152
11/15/2022,Tomato,Sandy Loam,6.685356131827491,23.951286403706707,68.11677969608238,14.052249235299405,178.31550207046644,108.60010755582145,68.10746376524855,21.75,0.4326200828186576,6.489301242279864
11/16/2022,Tomato,Sandy Loam,6.216804477387633,23.573301278599224,69.21233076985723,8.954875261869223,178.57888666860288,97.67134782014584,58.189414837775544,42.29166667,0.4431554667441154,6.647332001161732
11/17/2022,Tomato,Sandy Loam,5.541323703186864,22.980818348286515,70.20448042070697,10.641795279294596,180.81810007676162,99.8347588603798,69.06145537244274,13.29166667,0.5327240030704646,7.990860046056969
11/18/2022,Tomato,Sandy Loam,5.693816869355622,23.204986500793265,83.39323314175004,13.923070473421204,183.92859614072214,107.92472498292267,67.30858810165373,13.29166667,0.6571438456288858,9.857157684433288
11/19/2022,Tomato,Sandy Loam,6.081006494397238,21.21807601775639,80.18790183593933,14.938480628553844,184.04292192363658,106.13415615490123,55.930031420478784,33.83333333,0.6617168769454636,9.925753154181953
11/20/2022,Tomato,Sandy Loam,6.819408964294183,21.12443958868336,76.05733639073756,14.69294362365355,173.43387815410898,90.07312622689298,53.18566074698917,33.83333333,0.2373551261643596,3.560326892465395
11/21/2022,Tomato,Sandy Loam,5.697030146937068,21.305297389654097,70.04113857088093,12.178438712687342,180.00225504153255,96.40119128367165,58.70778792256027,58.0,0.5000902016613016,7.501353024919524
11/22/2022,Tomato,Sandy Loam,6.621313707001364,21.262079443992413,67.21783046488342,6.432275578101796,178.23916190068203,98.43548483872252,58.03797415911933,21.75,0.4295664760272816,6.443497140409224
11/23/2022,Tomato,Sandy Loam,5.739771741648008,22.642143700408305,82.9751845195995,5.231860117930266,187.41053932538767,94.59432567366463,61.51438610662409,58.0,0.7964215730155074,11.946323595232611
11/24/2022,Tomato,Sandy Loam,5.923230654698763,21.646331961335367,82.85332031645834,13.25218356402942,182.62837842436753,93.99143231791878,61.66772464655496,21.75,0.6051351369747011,9.077027054620515
11/25/2022,Tomato,Sandy Loam,5.844377055111526,23.58061691162018,67.21391191391383,13.409420244918254,180.65008132831963,90.7556901319136,64.9997396875995,21.75,0.5260032531327855,7.890048796991783
11/26/2022,Tomato,Sandy Loam,5.6344572711416205,22.337245869204217,80.94433332192992,12.463609082634695,172.30789284357834,102.86739450139521,60.1977989641122,33.83333333,0.1923157137431339,2.884735706147009
11/27/2022,Tomato,Sandy Loam,6.842659634773181,23.086531429374823,73.93290138619825,7.799234859992201,182.11275778646822,95.25020580966331,52.09645281881531,33.83333333,0.5845103114587292,8.767654671880939
11/28/2022,Tomato,Sandy Loam,6.4268070947720695,22.95861927891048,71.4793386566108,11.398178595985266,172.34407811360467,91.04694356862626,67.16582671106212,42.29166667,0.1937631245441867,2.906446868162801
11/29/2022,Tomato,Sandy Loam,7.162106881794676,21.95955911678913,79.78209072417414,8.162484418152742,176.74413151131503,94.61958621056127,56.19529166370374,21.75,0.3697652604526017,5.546478906789026
11/30/2022,Tomato,Sandy Loam,5.697781679964634,21.729502720577187,77.28659082121462,9.506482461009249,172.85683929628664,106.03827905672253,69.42594920613183,58.0,0.2142735718514655,3.2141035777719824
12/1/2022,Tomato,Sandy Loam,5.789465866676144,22.027368855889904,80.60060215186675,8.824350849805105,183.8414729404874,107.02978363293093,52.357202173595404,42.29166667,0.6536589176194951,9.804883764292429
12/2/2022,Tomato,Sandy Loam,6.112915462700901,23.38997512154951,66.48657721265874,14.136400867900557,174.12504227672306,99.66132490386605,69.16502344465006,42.29166667,0.2650016910689221,3.975025366033832
12/3/2022,Tomato,Sandy Loam,7.0317319738776165,22.758830545258856,71.37174039914913,7.341573307438756,177.83718746376053,98.32141340817373,51.82023613765034,33.83333333,0.4134874985504208,6.202312478256312
12/4/2022,Tomato,Sandy Loam,6.111517646311397,21.760615987557525,71.38633700833472,10.776109045737504,187.91349555237557,109.55707387003564,54.62072275894119,58.0,0.816539822095023,12.248097331425344
12/5/2022,Tomato,Sandy Loam,6.316837414997385,23.45353932918129,71.59506184575531,8.609815290338592,174.08632766797942,94.0112931917614,50.93159884173083,42.29166667,0.2634531067191762,3.951796600787643
12/6/2022,Tomato,Sandy Loam,6.10320713259433,21.16427815833092,75.04959745287611,11.63071111914226,180.15610127917557,94.30718565709216,64.1022629327799,33.83333333,0.5062440511670233,7.59366076750535
12/7/2022,Tomato,Sandy Loam,5.66044858360206,23.097550124970887,70.66027606161894,10.64563141177475,178.38543322332043,95.837343540728,67.00597473143583,13.29166667,0.4354173289328176,6.531259933992264
12/8/2022,Tomato,Sandy Loam,7.3788672457923745,22.317302417247934,73.88767220175039,14.239776813659406,170.36248082091458,93.45514636562174,58.68142163631961,21.75,0.1144992328365838,1.717488492548757
12/9/2022,Tomato,Sandy Loam,6.597077984142378,23.193871158197666,72.35555186230832,6.016121517012132,185.85516227145627,97.58731196408374,68.5704415008486,21.75,0.7342064908582503,11.013097362873754
12/10/2022,Tomato,Sandy Loam,7.075666376370993,23.78238384073028,79.70592096041023,7.206408397567634,171.380918126292,108.21668453979507,61.80598143511199,21.75,0.1552367250516798,2.3285508757751967
12/11/2022,Tomato,Sandy Loam,6.816714184370592,23.250102293840712,77.07001591350101,12.66347963831056,179.48510041953907,102.30695681257149,62.60014270893046,58.0,0.4794040167815628,7.191060251723443
12/12/2022,Tomato,Sandy Loam,6.52850855812395,22.325896065934145,78.0725886463463,8.687868398948435,181.213565898779,98.23893097224527,66.9083840340154,21.75,0.5485426359511599,8.2281395392674
12/13/2022,Tomato,Sandy Loam,5.67935651331876,21.452927044541642,69.21167788165289,6.65783786228724,182.56852913229173,108.68821589142429,55.93600410103678,21.75,0.6027411652916697,9.041117479375044
12/14/2022,Tomato,Sandy Loam,6.7854670905406085,23.419052927416303,71.51004330653778,10.033212592453877,183.7726325861575,90.96928464951645,57.085314426552515,58.0,0.6509053034463005,9.763579551694509
12/15/2022,Tomato,Sandy Loam,5.810740711873664,22.382116580764116,65.42330895224148,11.52142061611386,175.0654476704543,94.20552355803723,68.11903838389289,21.75,0.3026179068181721,4.539268602272581
12/16/2022,Tomato,Sandy Loam,6.328766338712553,21.22593697037139,67.1674941458634,5.448267141534986,170.199575533169,101.31777210203518,68.01926992077527,21.75,0.1079830213267595,1.6197453199013927
12/17/2022,Tomato,Sandy Loam,6.758226286960861,23.157166193330596,70.30108463977774,7.916218893674447,184.46887324709823,102.31105246386358,69.52965552401741,42.29166667,0.6787549298839296,10.181323948258944
12/18/2022,Tomato,Sandy Loam,7.064458000944247,21.87555589774977,66.30927442604042,13.094225376960429,180.71313198695157,90.79115013125227,68.03676632883342,13.29166667,0.5285252794780629,7.927879192170944
12/19/2022,Tomato,Sandy Loam,6.87009035141724,21.146664688515557,77.05264800709405,10.202445666101942,186.72235406414498,98.06077515814265,52.54744072066722,58.0,0.768894162565799,11.533412438486986
12/20/2022,Tomato,Sandy Loam,6.843067058109257,23.708253044922234,84.96260231847651,5.3537921517332,186.4277672580139,102.98307929661746,66.47448572273974,33.83333333,0.7571106903205554,11.356660354808332
12/21/2022,Tomato,Sandy Loam,5.798084418350415,22.44930327628173,67.01630428130777,7.819510052747009,186.86652335575766,103.96141092806803,58.19676956219188,21.75,0.7746609342303066,11.6199140134546
12/22/2022,Tomato,Sandy Loam,6.192257080143175,21.842883159519065,81.4246042533853,11.391406559794213,179.7018931995908,102.76279805032539,69.81602711891875,13.29166667,0.4880757279836322,7.321135919754483
12/23/2022,Tomato,Sandy Loam,5.5858245453203885,23.149159673654736,67.37632494530294,6.993594695780248,176.6725679167373,96.41126448721849,59.44561928657602,21.75,0.3669027166694926,5.503540750042389
12/24/2022,Tomato,Sandy Loam,6.938953786352929,23.65770713304769,78.39828037592872,13.273914062194144,185.8311640518274,91.87040247195819,61.07672165004441,13.29166667,0.733246562073096,10.99869843109644
12/25/2022,Tomato,Sandy Loam,7.405171962634839,21.000921225101266,77.86315206118034,11.765759070836642,179.0258822605851,98.54224892838668,60.59549830513597,58.0,0.4610352904234039,6.915529356351059
12/26/2022,Tomato,Sandy Loam,6.028220780358152,23.06355655512646,83.054338696224,9.713790609477932,173.6688439280687,92.57508874736111,56.43474059716556,58.0,0.2467537571227476,3.701306356841214
12/27/2022,Tomato,Sandy Loam,5.675393418324619,23.301035082055265,67.27891227361025,14.156237810667848,187.0994803912295,108.95247317041334,51.50044177785836,13.29166667,0.7839792156491795,11.759688234737691
12/28/2022,Tomato,Sandy Loam,6.451140153507307,21.62978228183848,71.30888932163796,8.918007709246616,187.65119753544695,99.50341732045257,67.91302460803837,21.75,0.8060479014178779,12.090718521268167
12/29/2022,Tomato,Sandy Loam,7.213396446255137,22.468871494230523,66.81559520709371,7.350734105640853,179.3261951228034,96.34518348713735,66.05351625052573,21.75,0.4730478049121361,7.095717073682042
12/30/2022,Tomato,Sandy Loam,6.603948390543559,21.267857696753808,73.14766651608868,11.614029925267008,171.51399454619576,105.326081422378,52.790535611193384,33.83333333,0.1605597818478299,2.4083967277174496
12/31/2022,Tomato,Sandy Loam,5.593554300380227,23.240249647546044,83.2318634711489,10.732951874701484,177.7565217983386,99.95897185164527,65.53536542700145,58.0,0.410260871933545,6.153913079003175
1/1/2023,Tomato,Sandy Loam,7.448544481055892,23.54236805569006,80.63046302123712,8.352479009312251,186.07075318925206,96.200680480249,62.5169333210122,42.29166667,0.7428301275700827,11.14245191355124
1/2/2023,Tomato,Sandy Loam,7.157299819925202,21.324559971973983,79.45800200890639,8.436645613239772,188.03548057092456,106.23935484781603,58.182875758352445,13.29166667,0.821419222836983,12.321288342554745
1/3/2023,Tomato,Sandy Loam,5.7631881541030205,23.449380760298503,75.66055009725405,8.982103086341018,174.0694548499519,107.34304302002244,55.080422981911255,58.0,0.2627781939980766,3.94167290997115
1/4/2023,Tomato,Sandy Loam,7.343595513007018,23.3147105114536,82.66971484671046,7.911385674793693,171.33947224050544,103.46016332577354,67.19457567004466,21.75,0.1535788896202172,2.3036833443032587
1/5/2023,Tomato,Sandy Loam,6.401376577210377,22.040739961112692,73.98883596482656,12.102414063609224,187.54700906265677,90.93928844815335,64.00376518588106,58.0,0.8018803625062709,12.028205437594064
1/6/2023,Tomato,Sandy Loam,6.243795981149883,23.07086858980075,67.99371334201277,11.513584050512051,177.7880987795775,101.32645760333064,60.954798189382736,58.0,0.4115239511831002,6.172859267746504
1/7/2023,Tomato,Sandy Loam,6.422106661054377,21.000144371682936,81.75170446241559,9.407776525463929,180.83521928535126,105.26589823994563,62.19137067796928,33.83333333,0.5334087714140506,8.00113157121076
1/8/2023,Tomato,Sandy Loam,7.169143913741895,23.795392963397994,70.59276656103454,8.978546757792373,189.36131624101517,92.73006024167164,51.821323641643616,21.75,0.8744526496406072,13.116789744609108
1/9/2023,Tomato,Sandy Loam,6.818959356573572,22.651149705925118,66.07267082048897,8.65051269359705,171.33129455828447,94.57341502769206,59.47839521822384,58.0,0.1532517823313783,2.2987767349706743
1/10/2023,Tomato,Sandy Loam,5.618496904799455,22.861016592185997,67.52076061337583,7.834683213922535,182.96636014904192,107.64990210136273,53.87400585571404,58.0,0.6186544059616764,9.279816089425148
1/11/2023,Tomato,Sandy Loam,7.415208742232342,22.993978240617295,77.18117832388296,5.856966631570594,171.48210845149734,90.40243443706149,54.167673580176505,13.29166667,0.1592843380598936,2.389265070898405
1/12/2023,Tomato,Sandy Loam,5.795568266956636,22.6841070516551,77.14163927842345,7.682046855225005,177.50937856933,105.05454275651952,63.22607924573734,42.29166667,0.4003751427732003,6.005627141598005
1/13/2023,Tomato,Sandy Loam,6.991135903470703,23.570291662618388,70.20366342164068,8.212013486930651,186.07629090386894,99.47546585028846,68.22512303668576,33.83333333,0.7430516361547574,11.145774542321362
1/14/2023,Tomato,Sandy Loam,6.7722730608562625,22.82910549645463,79.54360295891958,10.476840062653434,178.6694446551127,98.93544317679213,58.07513220956693,13.29166667,0.4467777862045076,6.701666793067614
1/15/2023,Tomato,Sandy Loam,5.875056095893122,23.723279973721418,80.47280310799069,12.737885090780498,189.943647078059,90.14193064989774,54.15498546024381,33.83333333,0.8977458831223604,13.466188246835406
1/16/2023,Tomato,Sandy Loam,5.8414641522260995,22.74699486670203,83.41005252267237,8.957021448340317,181.18118569893204,106.38796461932986,62.97493874473308,21.75,0.5472474279572818,8.208711419359226
1/17/2023,Tomato,Sandy Loam,7.240655187409384,21.5133672659417,76.69874997356474,14.447569058520918,176.42324305271907,97.19649801273133,67.42374092700635,58.0,0.3569297221087628,5.353945831631442
1/18/2023,Tomato,Sandy Loam,6.339389846999194,23.74068766751791,80.58846728295146,13.273499634411625,174.40222651809506,100.81531262601086,64.96637602244982,42.29166667,0.2760890607238025,4.141335910857038
1/19/2023,Tomato,Sandy Loam,6.809153028348277,23.04488249507933,80.06199359543268,14.848018478837451,177.01041068572323,103.54601372671318,67.37514461073175,21.75,0.3804164274289294,5.706246411433941
1/20/2023,Tomato,Sandy Loam,6.508142007713347,23.09771698330667,70.15618096934386,13.762030410414818,177.45066547519102,104.05259152875831,60.731093420215984,33.83333333,0.3980266190076407,5.970399285114611
1/21/2023,Tomato,Sandy Loam,6.9547070341519195,23.956445251714804,71.2045185587532,11.167259493093791,171.37427355447923,109.11960117652144,65.03752488738382,21.75,0.1549709421791688,2.324564132687532
1/22/2023,Tomato,Sandy Loam,6.458484750078661,21.22558966262874,74.56964791505743,10.98479287816719,177.39148398853547,100.62679906473218,52.80129118717873,58.0,0.3956593595414185,5.934890393121278
1/23/2023,Tomato,Sandy Loam,6.0747598305111365,22.285777821285514,65.38077935058497,6.295261267542171,179.2847703947845,97.99439101948855,56.96549230726383,42.29166667,0.47139081579138,7.0708622368707
1/24/2023,Tomato,Sandy Loam,6.226766741992993,21.717286178959846,70.94795546315447,12.223992488915677,184.4547550447761,109.07407252983415,57.79098328963045,21.75,0.6781902017910437,10.172853026865656
1/25/2023,Tomato,Sandy Loam,7.218155388900685,22.891279394140973,74.47765746688476,11.002068575926714,183.13458969443215,102.84220470051042,60.22591492492069,13.29166667,0.6253835877772864,9.380753816659295
1/26/2023,Tomato,Sandy Loam,6.436069385845454,23.420435051244215,67.16138590562288,10.069321033959849,184.1753131045831,95.9630071255311,68.58152720513647,58.0,0.6670125241833234,10.00518786274985
1/27/2023,Tomato,Sandy Loam,5.926898664489219,23.898932126677238,67.5255177555025,11.932868725572886,170.16727363753714,92.52928490807142,67.48593120444349,13.29166667,0.1066909455014856,1.6003641825222852
1/28/2023,Tomato,Sandy Loam,7.369210776154507,22.36378832086416,74.26473471474682,9.440478428379937,174.35334799161072,106.85109002930363,52.690509845783694,13.29166667,0.2741339196644288,4.112008794966433
1/29/2023,Tomato,Sandy Loam,7.093200912996754,23.35865469192781,79.61930063171863,10.238596624082865,183.23368576799714,97.24363205588303,53.455793037649265,42.29166667,0.6293474307198852,9.440211460798276
1/30/2023,Tomato,Sandy Loam,5.611332292112398,23.75115477612114,81.67497861841366,8.983523048032563,179.67978736359495,103.20939442728863,57.152810991778225,13.29166667,0.4871914945437977,7.307872418156966
1/31/2023,Tomato,Sandy Loam,7.497885923961036,23.049976297607653,75.92627795009497,12.173708933706898,170.10626951336693,99.41632838731796,55.814877317813476,42.29166667,0.1042507805346767,1.5637617080201514
2/1/2023,Tomato,Sandy Loam,6.889853392880204,21.728197657349313,74.49497975093462,13.766109705478884,186.08989284863645,93.97859559590077,62.295419063125244,13.29166667,0.7435957139454579,11.153935709181868
2/2/2023,Tomato,Sandy Loam,5.820533198081174,22.823562453323376,72.6856113691951,13.408449391326029,185.45619146580674,102.0337321724093,68.0555209552909,58.0,0.7182476586322699,10.773714879484048
2/3/2023,Tomato,Sandy Loam,5.974335362597193,23.90985614345156,68.85897984875213,12.860252720494689,180.96838325987125,91.21366137901364,69.24583083345173,58.0,0.5387353303948501,8.081029955922752
2/4/2023,Tomato,Sandy Loam,6.884890962483094,23.962661486584697,67.9312400562873,5.137877045445509,171.32926651552543,98.26684919742385,63.07205905070453,21.75,0.1531706606210177,2.297559909315265
2/5/2023,Tomato,Sandy Loam,7.059522110558244,22.927079471150336,80.83792903323616,14.118804638774591,185.3303009906517,100.93229879327342,66.76318402802173,42.29166667,0.7132120396260677,10.698180594391015
2/6/2023,Tomato,Sandy Loam,5.978071886299612,23.66096327361597,74.30013264424673,7.74875720723394,181.67427175462728,98.72093948237158,60.50404400461594,33.83333333,0.5669708701850912,8.504563052776367
2/7/2023,Tomato,Sandy Loam,6.013937707798542,21.60104809154581,80.80640490959509,13.87973942963376,185.63919954315918,104.97344350501982,54.1665389372008,21.75,0.7255679817263674,10.88351972589551
2/8/2023,Tomato,Sandy Loam,6.114241389744121,21.73823581485665,79.0816607180126,6.969681030893765,185.0349398479168,106.55849909090625,60.493768241869546,42.29166667,0.7013975939166723,10.520963908750083
2/9/2023,Tomato,Sandy Loam,6.696036729673273,23.858662838654578,68.87791828766758,9.396457514247372,186.06004143915675,105.42486148066357,61.10165202875302,33.83333333,0.7424016575662697,11.136024863494049
2/10/2023,Tomato,Sandy Loam,5.843632356602554,21.405706126484425,75.20614528422452,12.493987943269136,180.3601613280925,90.77625895623605,64.84915128427113,13.29166667,0.5144064531236999,7.716096796855499
2/11/2023,Tomato,Sandy Loam,5.708486397769555,21.573319314280436,73.88033260845361,11.402789452771724,172.8064903638703,93.88257540891945,54.39765979414698,58.0,0.212259614554812,3.1838942183221803
2/12/2023,Tomato,Sandy Loam,6.857728178171027,22.261645797360156,73.47747012181394,9.1592193802943,183.42314946759376,100.73215018527549,57.36620764173463,33.83333333,0.6369259787037509,9.553889680556264
2/13/2023,Tomato,Sandy Loam,7.05819587958634,22.76875286326005,75.85142098407627,11.786238567402783,182.4094757010394,108.69644080887602,57.28054938429133,58.0,0.5963790280415765,8.945685420623647
2/14/2023,Tomato,Sandy Loam,6.501858808833011,22.811451656904815,84.64163802150875,10.489495100466396,184.84506374398174,106.69913550104233,69.1887919148233,13.29166667,0.6938025497592697,10.407038246389046
2/15/2023,Tomato,Sandy Loam,6.227665420536771,21.875928025996693,81.25801195341491,7.757363066355323,173.3976201210147,106.85069016703603,58.87889920653438,58.0,0.2359048048405882,3.538572072608824
2/16/2023,Tomato,Sandy Loam,6.364085427052952,23.761841693851046,83.07424863260783,11.463294454971397,173.8995039980058,96.0641638751935,65.10187934596293,58.0,0.2559801599202314,3.839702398803471
2/17/2023,Tomato,Sandy Loam,6.276815667743904,23.74529972282359,65.59279166352076,7.042470863445233,187.80819034438656,98.58895794157405,65.01622762748877,33.83333333,0.8123276137754628,12.184914206631944
2/18/2023,Tomato,Sandy Loam,7.4199698164753505,22.176204159157116,67.80672733585011,11.939882842591654,184.9995559690414,99.41411894631875,55.31088369606483,13.29166667,0.6999822387616567,10.49973358142485
2/19/2023,Tomato,Sandy Loam,7.036179810438281,22.30287530829089,66.69527320449127,5.031108776232428,188.16456977400645,93.1474316669982,61.437393787434644,21.75,0.8265827909602583,12.398741864403874
2/20/2023,Tomato,Sandy Loam,5.91617442970022,23.107491350471737,70.26462010130554,10.487725137617698,185.1743064232784,90.62136260488913,67.88605786637297,33.83333333,0.7069722569311366,10.60458385396705
2/21/2023,Tomato,Sandy Loam,6.26837830410796,22.9889876891967,73.83784983933302,9.01067627556141,181.94310611980603,108.93805798921034,59.50395438913899,21.75,0.5777242447922415,8.665863671883622
2/22/2023,Tomato,Sandy Loam,6.58802458272622,22.14689104488289,77.8410649531178,8.031037738019473,183.08265474055747,94.81425171327014,68.90235014685092,42.29166667,0.6233061896222989,9.349592844334484
2/23/2023,Tomato,Sandy Loam,6.725971724127377,22.24273275456301,75.01662532573204,10.157079672346375,187.78255847880018,94.79897807447263,54.28916458648323,13.29166667,0.811302339152008,12.16953508728012
2/24/2023,Tomato,Sandy Loam,6.436367792057534,22.044116830264617,83.0636782982628,11.45311632535888,181.5761350902388,91.6675810753752,51.483182115480616,42.29166667,0.5630454036095525,8.445681054143288
2/25/2023,Tomato,Sandy Loam,7.120253270023918,21.706155020859924,83.79711917787728,14.653122662134647,182.64782648656774,108.57015503887557,67.82907746289499,33.83333333,0.6059130594627099,9.088695891940649
2/26/2023,Tomato,Sandy Loam,7.035212038916463,22.37441508877242,68.27041902394917,13.330644898880976,173.12953432007203,101.59474229879544,66.95362395924434,42.29166667,0.2251813728028804,3.377720592043207
2/27/2023,Tomato,Sandy Loam,6.510315837256334,23.059302395707622,82.0582584052957,12.171498830838107,179.47842440232205,103.34073714250708,69.8517975186769,33.83333333,0.4791369760928822,7.187054641393233
2/28/2023,Tomato,Sandy Loam,7.208858773563461,23.225900115942878,74.63444408026602,9.789669116791464,184.32794223916198,108.23153774526105,63.58786976224852,13.29166667,0.6731176895664792,10.096765343497188
3/1/2023,Tomato,Sandy Loam,7.002179060884772,23.336620944767887,74.06658942634769,8.921441196643542,175.4188539663273,96.9124033780158,68.73375853334299,13.29166667,0.3167541586530923,4.751312379796385
3/2/2023,Tomato,Sandy Loam,7.057163697441286,22.124196040359365,80.69878696969135,5.325296545859972,174.0450836104907,102.43014622276168,66.53898050168222,13.29166667,0.2618033444196279,3.927050166294419
3/3/2023,Tomato,Sandy Loam,7.412801558866834,23.293907982854922,66.86281018089753,8.590969030590482,176.2765361644883,90.77598909457775,66.88852666240174,13.29166667,0.3510614465795324,5.265921698692987
3/4/2023,Tomato,Sandy Loam,6.032933882418405,21.019548947075627,82.64986254838293,13.483771386726165,174.83001255985667,93.73545056462258,61.38283140908537,58.0,0.2932005023942667,4.398007535914001
3/5/2023,Tomato,Sandy Loam,6.035296324733698,22.431149813150647,78.4172670909523,8.840245819762899,174.29825274072792,106.62491610179885,57.647291958334215,58.0,0.2719301096291167,4.07895164443675
3/6/2023,Tomato,Sandy Loam,7.27790451138128,23.38171320039807,82.50523215315997,9.615849990621465,178.49701685736173,105.33536712676671,68.69116145086564,58.0,0.4398806742944695,6.598210114417043
3/7/2023,Tomato,Sandy Loam,7.044452746771359,22.89013416192406,84.88955155415246,7.718344240249047,188.1567702776707,97.01285382914294,58.64234351231789,58.0,0.8262708111068273,12.39406216660241
3/8/2023,Tomato,Sandy Loam,7.353091082871255,22.422189372463524,75.36008904714507,7.741327588133667,180.14119293477438,97.53621255548425,60.77638734499338,33.83333333,0.5056477173909747,7.58471576086462
3/9/2023,Tomato,Sandy Loam,5.626260320648906,22.933926019819047,66.86524395817858,5.618717608917484,173.75840761630647,100.67108867107159,58.92228614250375,33.83333333,0.2503363046522584,3.755044569783877
3/10/2023,Tomato,Sandy Loam,6.755514154523193,23.72083800944599,68.33047725861773,11.138039256198008,171.5394333876175,90.00482009370269,61.296366279203944,21.75,0.1615773355046992,2.423660032570489
3/11/2023,Tomato,Sandy Loam,5.789256676246895,22.699145401830624,71.4723648510862,9.480694030453463,183.9231229027585,94.82488672076056,59.41010157984654,21.75,0.6569249161103402,9.853873741655104
3/12/2023,Tomato,Sandy Loam,6.507794396585165,23.39935857438032,67.07105884269419,11.059608074907946,177.65597528872775,94.1646361721643,50.95935117158952,42.29166667,0.4062390115491102,6.0935851732366535
3/13/2023,Tomato,Sandy Loam,5.811493863706889,23.94222817567559,81.30683652275539,10.468869000288528,186.4366189317072,95.00965893499527,67.64096372015398,58.0,0.7574647572682874,11.361971359024311
3/14/2023,Tomato,Sandy Loam,5.756157017969759,23.1167046062267,70.93735702065537,12.988445872971749,183.1902153728154,106.11811685066883,58.8878763783154,21.75,0.6276086149126161,9.414129223689242
3/15/2023,Tomato,Sandy Loam,5.524336690764066,22.719977291667192,84.5177237603973,12.510119123114729,185.92482901082738,95.59347713092886,61.77887297014698,33.83333333,0.7369931604330948,11.054897406496424
3/16/2023,Tomato,Sandy Loam,6.760477624765809,21.11245784137602,79.05182863863712,12.714538531378794,175.438920788369,93.83042644100297,52.78375605515974,42.29166667,0.317556831534759,4.763352473021385
3/17/2023,Tomato,Sandy Loam,6.218045233380172,22.12343369476376,68.46860740511116,9.992390069416755,183.84717844922116,100.08526921586063,50.06775695965278,58.0,0.6538871379688465,9.808307069532695
3/18/2023,Tomato,Sandy Loam,5.710376569757943,22.696328200545356,74.5208529388788,8.538813513539305,175.28123969387437,107.31290072745463,54.90580187287286,33.83333333,0.311249587754975,4.668743816324625
3/19/2023,Tomato,Sandy Loam,6.14567555546262,23.391619715118097,74.33768443266642,14.334365905329529,188.78136958900583,94.82699407675,64.091720642667,58.0,0.8512547835602333,12.7688217534035
3/20/2023,Tomato,Sandy Loam,5.8378881829031695,22.31431436894273,74.85023316667268,5.54269773716554,182.7274856306675,91.57072485585597,51.983890602257574,42.29166667,0.6090994252266995,9.136491378400493
3/21/2023,Tomato,Sandy Loam,7.383389663003319,23.88017482729432,75.71382341285872,6.526213078502304,176.49023600350685,97.12809471699329,68.17774880772936,58.0,0.3596094401402737,5.394141602104106
3/22/2023,Tomato,Sandy Loam,6.1400097715226964,21.815381257871024,65.62346164635461,9.195990921766397,175.39023724584544,104.95303649129956,54.300451387123694,33.83333333,0.3156094898338181,4.734142347507271
3/23/2023,Tomato,Sandy Loam,6.1679070465787795,23.23370158563095,78.72602251487247,11.139576525680113,173.81853170143287,101.0138108938959,54.091872285835514,33.83333333,0.2527412680573148,3.7911190208597216
3/24/2023,Tomato,Sandy Loam,7.179716006799171,22.257094251252383,74.74383550576887,5.082003748067216,183.89281917787454,106.33586739148694,53.63015923242991,42.29166667,0.6557127671149823,9.835691506724734
3/25/2023,Tomato,Sandy Loam,6.795511522572008,22.457965483697716,80.81930797737398,12.19322819311142,174.37431225995854,109.19184295218469,50.2796342594273,42.29166667,0.2749724903983418,4.124587355975128
3/26/2023,Tomato,Sandy Loam,6.920343214806003,23.407506101596322,81.30699146520861,10.587265427899148,181.9060653185498,105.85324953503235,65.43610936956469,21.75,0.5762426127419913,8.64363919112987
3/27/2023,Tomato,Sandy Loam,6.772003607977921,21.888645784955116,69.61070243983434,9.847027586769252,175.29270053850715,102.07606157687506,67.50069062490518,21.75,0.3117080215402859,4.6756203231042885
3/28/2023,Tomato,Sandy Loam,7.392392567897131,21.29043616978543,65.96845892853555,9.234950388278682,183.23937889587737,99.8668317610476,62.283254052323976,42.29166667,0.6295751558350948,9.443627337526422
3/29/2023,Tomato,Sandy Loam,5.914001663116091,22.56076675384028,79.06467712224645,10.194870317406243,186.2987945708108,90.80138172696533,53.763999633597244,13.29166667,0.7519517828324314,11.27927674248647
3/30/2023,Tomato,Sandy Loam,7.478078483511592,22.586383835411247,84.5552557692775,6.617857344817476,185.56050486289305,109.68643957628083,55.70555993881759,13.29166667,0.7224201945157226,10.83630291773584
3/31/2023,Tomato,Sandy Loam,7.161912355113026,23.391503316676122,73.93315973161802,6.087117392769825,185.21702661861565,97.66962245150086,59.51853394729927,42.29166667,0.7086810647446254,10.63021597116938
4/1/2023,Tomato,Sandy Loam,6.677945177752685,23.904957618696304,70.19225619187192,7.896374787518384,173.75444811384503,93.04456427833733,69.08691903246601,21.75,0.2501779245538016,3.752668868307025
4/2/2023,Tomato,Sandy Loam,6.8247432487924975,21.165902058985044,68.13343789166962,12.095047919853249,171.76769893969038,103.33417710792914,54.94702743635486,13.29166667,0.1707079575876149,2.5606193638142245
4/3/2023,Tomato,Sandy Loam,6.797651753001228,22.775068421229328,70.7489119478117,10.882878838354964,183.97897656974772,95.68576578190918,64.63291807839776,58.0,0.6591590627899084,9.887385941848626
4/4/2023,Tomato,Sandy Loam,5.616792448118308,23.0438355909444,71.558391027429,9.801230176190128,177.36694427588702,101.71556541862095,58.788964465858406,33.83333333,0.3946777710354811,5.920166565532216
4/5/2023,Tomato,Sandy Loam,5.936032997063878,23.957404052245565,73.47749486868929,10.715209658959605,178.64692452806696,101.73535815689182,55.95694696720044,21.75,0.4458769811226778,6.688154716840168
4/6/2023,Tomato,Sandy Loam,7.4229417690494985,23.827770642830735,78.10814246429173,10.592580130393433,170.62298185586783,98.91459641805739,59.11831874044228,58.0,0.1249192742347128,1.8737891135206928
4/7/2023,Tomato,Sandy Loam,6.568728857718758,23.137352294135933,70.46326112160455,8.070419254899253,175.19152898550098,106.72237231090085,51.42413435082465,58.0,0.3076611594200393,4.61491739130059
4/8/2023,Tomato,Sandy Loam,6.256707206523824,22.5653682337334,66.01953526937352,5.974559472447258,170.6735280774893,95.29934123110885,65.97374741860725,33.83333333,0.1269411230995712,1.9041168464935685
4/9/2023,Tomato,Sandy Loam,7.02407692677815,21.484571766897783,72.46557223145439,13.967823686630506,187.58371545202496,98.97265183235469,54.866038559659344,42.29166667,0.8033486180809981,12.050229271214972
4/10/2023,Tomato,Sandy Loam,6.549037885311619,22.15252966561325,82.11259232318152,10.999112626239146,174.8679336643706,100.75384257181943,64.5082424638594,21.75,0.2947173465748244,4.420760198622366
4/11/2023,Tomato,Sandy Loam,5.526325542863795,22.755366975171462,74.96703021703767,11.977479996808515,181.14674339146015,103.27249441534599,51.366967428963896,58.0,0.5458697356584065,8.188046034876097
4/12/2023,Tomato,Sandy Loam,6.972475193430236,23.175601189787262,84.2956751549082,9.63997224366955,170.7795864132226,105.6794370101118,69.10197112331372,58.0,0.1311834565289043,1.9677518479335647
4/13/2023,Tomato,Sandy Loam,6.964435120105723,22.906198672437338,75.07243062177463,12.564805799765626,183.33694782611315,97.89614565756511,53.86029970811397,58.0,0.6334779130445265,9.502168695667898
4/14/2023,Tomato,Sandy Loam,5.830297424219949,23.142368405483225,70.51797633843695,10.844972639786672,176.46054691508186,102.92093888193192,67.6548415241416,21.75,0.358421876603275,5.376328149049126
4/15/2023,Tomato,Sandy Loam,7.413320176848426,22.287457513655692,68.86627994490429,5.538011220971902,187.9583837391533,93.01221906137039,66.18946419230869,21.75,0.8183353495661326,12.27503024349199
4/16/2023,Tomato,Sandy Loam,5.947816263082228,23.18288187171303,78.89048993571153,13.900970353936913,187.7623637786807,108.65296201084956,69.35719848162832,42.29166667,0.8104945511472287,12.15741826720843
4/17/2023,Tomato,Sandy Loam,6.415498734764398,21.43122376805916,75.72762571554873,8.055361467878868,176.50581236723497,97.66117612842007,59.557813218914994,21.75,0.3602324946893982,5.403487420340973
4/18/2023,Tomato,Sandy Loam,5.72947192252183,21.487758935289342,77.07997857990883,6.378907774213355,188.01921791380937,104.59042843952876,64.54794587691903,42.29166667,0.8207687165523744,12.311530748285616
4/19/2023,Tomato,Sandy Loam,6.706564638901177,21.48849643748839,80.10253578668262,5.880410077043158,189.92315346997557,90.40682163764356,57.41421314075568,42.29166667,0.896926138799023,13.453892081985346
4/20/2023,Tomato,Sandy Loam,6.250902240114425,23.67259487110733,79.51806928529786,12.204403138421108,186.50831328247895,94.10374285809614,53.687364760393876,21.75,0.7603325312991585,11.404987969487376
4/21/2023,Tomato,Sandy Loam,6.206346924419411,21.228102189925902,65.86726600336453,12.039683668043596,186.89742695510458,99.74165088647156,58.86151865866898,58.0,0.7758970782041832,11.638456173062748
4/22/2023,Tomato,Sandy Loam,7.153953754441894,23.40452511820043,81.05143810590056,12.001621248132707,174.9801747221818,107.56504935464693,53.3149803077691,42.29166667,0.2992069888872719,4.488104833309079
4/23/2023,Tomato,Sandy Loam,5.519123425700957,21.70071269414021,75.65406614103424,14.15752772681566,181.53404797715513,100.54510299901354,69.64089245572768,13.29166667,0.561361919086205,8.420428786293076
4/24/2023,Tomato,Sandy Loam,7.095893541784845,22.405289821485752,72.83417061629545,8.489430219976516,171.34511827934736,108.59740964587758,51.92492982281433,13.29166667,0.1538047311738943,2.3070709676084142
4/25/2023,Tomato,Sandy Loam,6.642897131496158,23.747869786397032,75.7503885253614,10.611330563589233,171.8983587364334,99.67593793165592,61.78423446905241,33.83333333,0.1759343494573357,2.639015241860037
4/26/2023,Tomato,Sandy Loam,7.472197026960398,22.75781168906252,77.24902896914651,11.194955829943495,189.9778522406658,99.808981934719,62.52927710508112,58.0,0.8991140896266325,13.486711344399488
4/27/2023,Tomato,Sandy Loam,6.678886441208498,21.630353058697075,67.99012619747594,14.794818285664626,176.53278498851822,92.39493577001063,60.76159085748108,13.29166667,0.3613113995407288,5.419670993110931
4/28/2023,Tomato,Sandy Loam,5.610758268295916,21.85227018095642,73.3483079065289,8.123461437185918,184.96367824097692,106.0531248830444,63.24371771423667,58.0,0.6985471296390771,10.478206944586155
4/29/2023,Tomato,Sandy Loam,5.601290652887453,23.76133987168736,71.71172420376368,14.563311999039405,186.13330106053633,94.93930824934125,52.32361550023782,42.29166667,0.7453320424214532,11.1799806363218
4/30/2023,Tomato,Sandy Loam,7.266305972743664,22.281431775329935,72.00817889636076,6.487343330823814,187.1604654201446,107.9922497874463,61.100370484105824,58.0,0.7864186168057834,11.796279252086752
5/1/2023,Tomato,Sandy Loam,7.182428291022106,22.76095644902037,66.82669876814616,12.64001456027842,189.95256594804312,108.21648440660792,55.74425142254723,42.29166667,0.8981026379217253,13.47153956882588
5/2/2023,Tomato,Sandy Loam,6.191780151164046,22.379796589876165,68.1968697600046,11.328859000204128,174.82992970513735,108.866202237483,68.80352126602114,33.83333333,0.2931971882054943,4.397957823082415
5/3/2023,Tomato,Sandy Loam,6.736064968362275,22.13531426414535,68.23664135172443,13.168960372719877,170.807016537194,100.4046097820618,65.24143306879452,33.83333333,0.1322806614877597,1.9842099223163965
5/4/2023,Tomato,Sandy Loam,6.4791827141112,21.669837380797205,72.46449486443295,5.286855736398471,178.2238303598917,103.54187569567289,69.45028964319485,13.29166667,0.4289532143956688,6.434298215935032
5/5/2023,Tomato,Sandy Loam,7.434328110272104,23.058574501453805,82.88983089749583,5.781310429390558,172.60161339657893,105.57031760123327,50.75112139480379,33.83333333,0.2040645358631575,3.0609680379473634
5/6/2023,Tomato,Sandy Loam,7.399921801753783,23.15472607881636,69.12054743841885,5.696957795691459,170.4485177832411,92.6202923730093,55.702663503614176,33.83333333,0.1179407113296441,1.7691106699446617
5/7/2023,Tomato,Sandy Loam,7.467678017081549,21.8246552748222,73.3238501534961,10.929594554972878,177.20853654282973,102.01914389994994,53.90845173276698,58.0,0.3883414617131889,5.825121925697834
5/8/2023,Tomato,Sandy Loam,7.232897561268528,23.36703252916449,71.23218830598276,11.02936067575538,185.67476502150473,90.68595802606623,50.22309174623661,33.83333333,0.7269906008601892,10.904859012902838
5/9/2023,Tomato,Sandy Loam,7.319103181550203,23.56360560090504,80.74766625102676,14.061048893549762,181.32361382450142,99.95132166777452,54.846514604926426,33.83333333,0.5529445529800567,8.294168294700851
5/10/2023,Tomato,Sandy Loam,5.934557557534273,23.762025288718892,66.00252864641632,9.67603514518445,176.2555597842071,93.09685363240455,63.57551967040858,33.83333333,0.3502223913682832,5.253335870524249
5/11/2023,Tomato,Sandy Loam,7.162013577979549,21.48363724175511,68.93086791071781,5.680490550049639,183.0868401098544,93.65845851924169,54.62177844269137,58.0,0.6234736043941758,9.352104065912636
5/12/2023,Tomato,Sandy Loam,6.917714226408549,21.9117710508398,69.21283084709589,7.0952940162251545,174.6403636061762,97.30095133385203,60.18006890965236,13.29166667,0.2856145442470486,4.284218163705729
5/13/2023,Tomato,Sandy Loam,7.4255730176561405,23.581060042511087,84.85925600626463,5.080730948178429,170.2876289214417,98.64874333433006,67.75636229929998,13.29166667,0.111505156857668,1.6725773528650203
5/14/2023,Tomato,Sandy Loam,6.642523656885238,21.59562060848368,76.41550035932607,12.767145251284049,185.28706772872854,102.46344849064374,63.875158406981505,13.29166667,0.7114827091491419,10.67224063723713
5/15/2023,Tomato,Sandy Loam,5.6703343334211125,21.010405377730486,67.77916528767037,13.155994368807743,182.47486169728018,91.48856836877032,57.89258139812064,13.29166667,0.5989944678912072,8.984917018368108
5/16/2023,Tomato,Sandy Loam,6.694797782374306,23.612481930754903,70.4439827855313,14.97940416284136,185.2460524900192,100.07383522474889,57.44937877824216,42.29166667,0.709842099600768,10.64763149401152
5/17/2023,Tomato,Sandy Loam,6.873161856042575,21.979348325254108,68.35644188245848,9.121944490530945,170.77876033375333,93.65250260506203,59.114716280169695,42.29166667,0.1311504133501325,1.967256200251988
5/18/2023,Tomato,Sandy Loam,5.940642057424856,22.24349257541685,67.49209139238896,5.192983754015925,186.74239255661305,101.47950350063483,53.540828821198126,58.0,0.7696957022645218,11.545435533967826
5/19/2023,Tomato,Sandy Loam,6.288226767025456,22.339002077161915,80.94364056815785,7.347298814903722,182.39052400072606,102.74809224522367,62.68001534831976,13.29166667,0.5956209600290426,8.934314400435639
5/20/2023,Tomato,Sandy Loam,6.69700682810336,23.544823802001687,74.91505257320709,10.87768867663296,181.2679070142528,101.13418513105708,57.28305638209211,33.83333333,0.5507162805701121,8.260744208551682
5/21/2023,Tomato,Sandy Loam,6.2482114746330115,22.013676433780383,77.62420273697563,14.619429670527364,182.49228096229064,104.76591020956616,67.04730698524088,33.83333333,0.5996912384916253,8.99536857737438
5/22/2023,Tomato,Sandy Loam,6.249895434477327,23.676839657569445,71.62502493983992,6.035785514707943,187.2886649373673,96.71218488481803,65.13105320115633,21.75,0.7915465974946913,11.87319896242037
5/23/2023,Tomato,Sandy Loam,5.766173278345595,22.850817414144146,76.07390172134659,6.215730201607428,181.73873013117813,105.30213183266261,62.2102632818432,21.75,0.5695492052471257,8.543238078706885
5/24/2023,Tomato,Sandy Loam,7.381493446155332,22.581860172101052,70.15138065047394,12.01758985278943,181.61900759776358,98.65534163416388,57.28404445299032,58.0,0.5647603039105434,8.471404558658152
5/25/2023,Tomato,Sandy Loam,7.000988768990193,21.97684352138239,71.1607254985647,11.672070550215494,189.81358314131532,99.68368996645194,54.19863663346969,13.29166667,0.8925433256526126,13.38814988478919
5/26/2023,Tomato,Sandy Loam,5.5024868777322045,21.73113508884356,78.04475888733467,7.50506355311833,185.13460334137136,102.96204254522144,65.52303728211245,33.83333333,0.7053841336548544,10.580762004822816
5/27/2023,Tomato,Sandy Loam,7.03122656804433,22.872175328332045,68.00700251838461,13.131447910145187,178.8458761090227,90.36716767998448,59.72818197982173,42.29166667,0.4538350443609082,6.807525665413624
5/28/2023,Tomato,Sandy Loam,6.979589985315718,22.34068248016973,77.34443718334924,6.287787554774632,184.14794000065856,103.07988442840497,54.495000763547154,13.29166667,0.6659176000263421,9.988764000395133
5/29/2023,Tomato,Sandy Loam,5.519461920311046,23.73154802979602,82.04469632846255,14.257418447767598,177.78460943383578,102.37170298144231,53.903492300800124,21.75,0.4113843773534308,6.170765660301462
5/30/2023,Tomato,Sandy Loam,6.239208595227529,22.47491614834215,67.40846452361538,7.010319303324214,174.57750924967,96.1969423350656,53.30801809002718,33.83333333,0.2831003699867992,4.246505549801988
5/31/2023,Tomato,Sandy Loam,6.713495380651061,22.535384750103574,82.94922561139958,5.81352372723005,181.9370375377552,91.71588569798979,65.5432239241119,42.29166667,0.5774815015102076,8.662222522653114
6/1/2023,Tomato,Sandy Loam,6.405501303716072,22.250169843408003,66.5889136059779,8.395220864738546,188.56364196227904,91.81870899826082,54.579743706006234,42.29166667,0.8425456784911612,12.63818517736742
6/2/2023,Tomato,Sandy Loam,7.055972237441015,23.367788990973857,71.97818453911746,6.878412885345449,188.58279040030925,108.46447493970457,60.53284527050395,13.29166667,0.8433116160123703,12.649674240185554
6/3/2023,Tomato,Sandy Loam,6.350916665268868,22.27451759432781,77.21018630475989,10.269412250360327,176.8381055621098,103.78558642451674,59.03092721946113,21.75,0.3735242224843923,5.602863337265885
6/4/2023,Tomato,Sandy Loam,5.807725938907674,21.808025999249264,76.18829520237074,11.86846537371726,180.5535493244339,92.5420522754148,61.59221798456568,13.29166667,0.522141972977356,7.83212959466034
6/5/2023,Tomato,Sandy Loam,7.452831248547657,23.58609262288053,66.92782144988867,9.909215784782912,174.23271797139722,97.13446338617813,67.54309800742388,42.29166667,0.269308718855889,4.039630782838334
6/6/2023,Tomato,Sandy Loam,5.984079985552093,22.79048466409572,80.97826335571706,11.606073318109775,189.91262218997767,101.84965987803193,67.35494780163461,13.29166667,0.8965048875991067,13.4475733139866
6/7/2023,Tomato,Sandy Loam,6.935384621082664,22.774530659307004,84.46306586290505,8.649205143999843,189.62235815735872,106.71143410181297,59.021521436497196,13.29166667,0.8848943262943486,13.273414894415229
6/8/2023,Tomato,Sandy Loam,5.7863126233281434,22.83246662149178,68.62456578367541,5.2792259723864,182.99017859414894,90.87321857426016,50.30732501469446,58.0,0.6196071437659578,9.294107156489368
6/9/2023,Tomato,Sandy Loam,6.158025227567865,23.156519244617,82.90261939630926,14.740641242251492,186.08828119354948,94.73266262940018,58.528876114286064,42.29166667,0.7435312477419788,11.15296871612968
6/10/2023,Tomato,Sandy Loam,6.3840552168608475,21.9392039679377,76.13618884223501,13.194135045399952,184.302003225674,107.7949798059076,62.12387074848281,58.0,0.67208012902696,10.0812019354044
6/11/2023,Tomato,Sandy Loam,5.884464009054128,21.10153311249901,83.71867542490655,5.734188240846281,181.86316438078936,90.18331100367632,61.155295181961236,33.83333333,0.5745265752315746,8.617898628473618
6/12/2023,Tomato,Sandy Loam,6.399919152737219,23.43177948263103,68.52171916833522,9.491763961563343,171.06695993977795,94.02798205587774,63.02672211600411,33.83333333,0.1426783975911181,2.1401759638667723
6/13/2023,Tomato,Sandy Loam,5.8143256459835,21.38671516164491,80.84042786358849,11.350190700718748,179.09528685105323,109.18048351945932,53.08151464946167,21.75,0.4638114740421288,6.957172110631933
6/14/2023,Tomato,Sandy Loam,6.6180130779717805,23.16545921163163,66.19563150890663,6.905942705726379,183.4957260433482,102.26803693044343,62.93070197561465,13.29166667,0.6398290417339284,9.597435626008926
6/15/2023,Tomato,Sandy Loam,6.827426505040388,21.246945894861987,82.66392893605453,10.779886113627716,183.55063227767369,95.23342733275013,53.653032374875444,21.75,0.6420252911069477,9.630379366604217
6/16/2023,Tomato,Sandy Loam,5.624868568056021,22.125923526085476,78.48318844399267,10.33648618117687,177.46245236844766,91.33982188791695,65.01047961393498,21.75,0.3984980947379068,5.977471421068604
6/17/2023,Tomato,Sandy Loam,7.242264242164336,21.189078209494614,72.4050956784486,7.082651885347048,188.8338397331606,90.56382680894444,56.7817522652536,42.29166667,0.8533535893264245,12.800303839896369
6/18/2023,Tomato,Sandy Loam,5.8702817700840715,22.566641038883173,68.809336469957,6.412103092774533,173.34714064473562,94.89490159273855,64.19790866762906,13.29166667,0.2338856257894248,3.5082843868413724
6/19/2023,Tomato,Sandy Loam,5.950724850640648,22.959407318344724,81.3306619713441,12.589622896186372,180.0071889243112,107.6297163917782,50.95731197812214,13.29166667,0.5002875569724485,7.504313354586728
6/20/2023,Tomato,Sandy Loam,6.822699680166126,21.514299423534563,77.06482642789624,8.225864461496338,183.81767953101647,98.31827308595018,58.15720051181827,13.29166667,0.6527071812406582,9.790607718609872
6/21/2023,Tomato,Sandy Loam,6.437502120868828,22.114882855315205,72.20831705896003,7.440405338422433,183.9427161178362,104.40666738331986,64.10069044526665,13.29166667,0.6577086447134474,9.865629670701711
6/22/2023,Tomato,Sandy Loam,6.498791198342131,23.79071847312916,73.87671649605032,12.378783528059888,182.9727791353763,108.36570070759916,54.53741032662988,21.75,0.6189111654150524,9.283667481225786
6/23/2023,Tomato,Sandy Loam,5.756309969126265,22.32716735132237,81.53085312144754,12.36068692022982,175.5057642690372,98.16080923205634,65.90574089594445,13.29166667,0.3202305707614881,4.803458561422322
6/24/2023,Tomato,Sandy Loam,7.111471643752816,23.40763070692967,71.77854386713736,7.764016563362292,173.12413137373244,93.82554742074794,62.61559466209864,58.0,0.2249652549492976,3.374478824239464
6/25/2023,Tomato,Sandy Loam,6.73410849220842,23.78155423518063,66.79265356219858,13.725684612518537,182.7188065365342,100.34235861713839,61.75123544299596,33.83333333,0.6087522614613687,9.13128392192053
6/26/2023,Tomato,Sandy Loam,5.770764086618912,23.92303747493186,83.22564344406945,11.882501650723423,181.98604232278876,108.16167374119709,57.07097708408674,33.83333333,0.5794416929115502,8.691625393673254
6/27/2023,Tomato,Sandy Loam,6.247998734051192,23.69496605907411,72.74687479316069,8.45764217821538,173.58712020578483,106.08748828275401,59.64902940762235,13.29166667,0.2434848082313928,3.652272123470892
6/28/2023,Tomato,Sandy Loam,7.12081986547006,21.952215987476908,71.96775022230428,9.27489650184659,184.10278291141128,91.31659686726307,61.94698601955706,21.75,0.6641113164564507,9.96166974684676
6/29/2023,Tomato,Sandy Loam,6.636710091973241,23.88771865848358,69.08799237751879,12.26709685930618,179.10343983467314,103.85145600155164,59.44924227829781,58.0,0.4641375933869252,6.962063900803877
6/30/2023,Tomato,Sandy Loam,5.7172975582658605,23.43718572523814,82.94845142456691,7.11583832895492,183.35521183206305,101.43795044917907,63.96626647881121,58.0,0.6342084732825224,9.513127099237837
7/1/2023,Tomato,Sandy Loam,6.245554091578573,23.511526750918463,69.35010667375667,9.68760792475224,186.74734159540301,108.14926352692851,58.67393866213919,33.83333333,0.7698936638161206,11.548404957241807
7/2/2023,Tomato,Sandy Loam,5.985388796911469,21.045518952515504,77.73345736002767,11.535583422580997,173.39456857153846,92.44962833700595,54.04546363484061,58.0,0.2357827428615385,3.5367411429230784
7/3/2023,Tomato,Sandy Loam,6.534931107307453,23.862716589954882,82.61530023216206,10.394985480087133,170.38289735993672,100.68072226409313,54.278675656020944,21.75,0.1153158943974693,1.7297384159620404
7/4/2023,Tomato,Sandy Loam,7.186722257743979,23.33427067154622,65.69827229206435,11.083283459044932,185.58205172791574,107.58925387023785,50.116075376858824,58.0,0.7232820691166294,10.84923103674944
7/5/2023,Tomato,Sandy Loam,6.37253426960884,23.3039024895237,81.57583410600391,10.462124994767796,182.19394850305233,98.20047573483487,56.01915431117345,21.75,0.5877579401220928,8.816369101831393
7/6/2023,Tomato,Sandy Loam,6.366684060736646,21.24457419278576,73.21198843379548,6.9922744379002015,183.99279139244243,99.63989835465733,64.9783528095704,33.83333333,0.6597116556976974,9.895674835465462
7/7/2023,Tomato,Sandy Loam,7.310701804654074,21.697705623219992,78.15949150530423,9.102053449726212,186.76309949977286,91.40921355333917,65.88325417675219,42.29166667,0.770523979990914,11.55785969986371
7/8/2023,Tomato,Sandy Loam,6.652370825014545,23.8867849954137,72.44809126451108,10.319854954775458,186.05621869649002,95.56287280897821,54.049350841915,58.0,0.7422487478596004,11.133731217894006
7/9/2023,Tomato,Sandy Loam,6.632382174794814,22.502031224416427,78.91032512694989,12.80062742345946,189.2184029385765,96.49013298337894,69.18087993742816,42.29166667,0.8687361175430598,13.031041763145897
7/10/2023,Tomato,Sandy Loam,6.0238197837507785,22.193574054711767,70.08589829115398,11.539042371695428,180.71870157704237,108.90244897489774,60.048055869602535,58.0,0.5287480630816946,7.9312209462254195
7/11/2023,Tomato,Sandy Loam,6.715445495674253,23.519822451440742,65.43861084870792,9.265909451859349,179.7699126531981,95.65334721082318,68.33957498037006,42.29166667,0.4907965061279243,7.361947591918866
7/12/2023,Tomato,Sandy Loam,6.6518209348347925,21.262021242341834,83.95575029575907,14.743998321591455,178.0377439978146,99.21737470539304,64.13530563723262,21.75,0.4215097599125841,6.322646398688762
7/13/2023,Tomato,Sandy Loam,6.293702940683728,22.250826048813177,65.32735528080165,6.077955216797252,173.07382085688408,103.4260884712856,64.44866846044826,33.83333333,0.2229528342753636,3.3442925141304545
7/14/2023,Tomato,Sandy Loam,7.481391131798361,22.12710232326625,81.48198579267014,7.068048685549684,181.45214465764045,93.24366744815755,51.70087242612142,33.83333333,0.558085786305618,8.37128679458427
7/15/2023,Tomato,Sandy Loam,7.263781929896173,22.04955416109118,68.38275186644948,8.41312610031664,175.54025048651957,99.72884774283749,54.39982253793861,21.75,0.321610019460783,4.824150291911746
7/16/2023,Tomato,Sandy Loam,6.9991725801536315,21.92307673095922,72.84440457204056,7.285720769879101,188.4261502442595,104.77078078951816,50.17629666588945,21.75,0.8370460097703804,12.555690146555705
7/17/2023,Tomato,Sandy Loam,6.574691176826001,21.630224870370235,81.44984753012112,11.254419968060112,181.66381608554195,107.33710426054132,64.32255280953476,42.29166667,0.5665526434216781,8.498289651325171
7/18/2023,Tomato,Sandy Loam,6.4241196037892605,21.518732408971566,69.11864300624691,5.395507293362552,181.85680361016222,102.52518549324853,56.8887657685702,58.0,0.5742721444064881,8.614082166097322
7/19/2023,Tomato,Sandy Loam,5.869794790446399,22.921218350759023,82.31415211050071,6.77436784273416,177.0984932175402,103.38107030633896,65.73305032152693,58.0,0.3839397287016081,5.759095930524121
7/20/2023,Tomato,Sandy Loam,6.111474948029247,23.758184523626035,74.95517878203803,7.933472376586044,171.03978703955414,92.52566945169139,56.77872439874052,42.29166667,0.141591481582166,2.12387222373249
7/21/2023,Tomato,Sandy Loam,7.04792159964642,22.526554935749644,72.32306925434553,11.833457750793166,170.63487530745977,108.91552994492694,66.38667504597723,13.29166667,0.1253950122983909,1.880925184475864
7/22/2023,Tomato,Sandy Loam,6.407497907875102,21.893923657039934,78.24875493472672,13.75864882581128,178.46670288306396,92.65148154968965,52.61396507496626,42.29166667,0.438668115322558,6.58002172983837
7/23/2023,Tomato,Sandy Loam,7.264539033139003,21.47748059316668,71.82779443961915,12.984917705530544,171.69130756194477,105.49345874363597,53.46746313515016,21.75,0.1676523024777902,2.5147845371668542
7/24/2023,Tomato,Sandy Loam,5.7958222726910575,23.490430095157784,71.94576717992715,6.820809332502549,182.13693911080279,95.29632643556637,56.81753079167873,58.0,0.5854775644321113,8.78216346648167
7/25/2023,Tomato,Sandy Loam,6.516694192027273,23.914476169419643,79.67052781876606,10.65405758441069,187.61946011279315,108.67186287402504,58.16974777764547,13.29166667,0.804778404511726,12.07167606767589
7/26/2023,Tomato,Sandy Loam,6.793931368042617,22.047466204403555,71.19664449078216,5.300226453446872,187.65829633037444,104.39919078738959,56.974056216859566,13.29166667,0.8063318532149778,12.094977798224669
7/27/2023,Tomato,Sandy Loam,6.533696912615852,21.872851276656387,69.0154529670885,8.105367753528611,183.18090820264464,105.07627425956738,65.27294065046439,42.29166667,0.6272363281057859,9.408544921586788
7/28/2023,Tomato,Sandy Loam,7.278453783169974,22.804478858924824,81.15292255993144,13.059837948283269,174.22463662945862,94.38118346119766,51.939027852534295,58.0,0.2689854651783448,4.0347819776751725
7/29/2023,Tomato,Sandy Loam,7.47912656365828,23.325986942860276,81.10742067454464,9.566657137433396,187.25993662717744,98.86079953270321,57.02434039276976,58.0,0.7903974650870976,11.855961976306464
7/30/2023,Tomato,Sandy Loam,5.73166931668274,22.366208410648994,74.95171407413739,6.499413222758346,187.72186870626416,102.35626389178573,66.74479999030919,21.75,0.8088747482505666,12.1331212237585
7/31/2023,Tomato,Sandy Loam,5.759909808153842,22.890219449582847,75.5331123232591,9.385533814883129,173.93307169905918,105.39947236413202,51.33594154524344,58.0,0.257322867962367,3.859843019435505
8/1/2023,Tomato,Sandy Loam,5.760648227120242,23.149647204069876,78.92153251535277,6.980329254622283,184.74852171541355,92.07918751824779,68.84687015342715,58.0,0.6899408686165418,10.349113029248128
8/2/2023,Tomato,Sandy Loam,6.862354192141055,23.88177686356854,75.18548583524867,8.931914578639628,175.73039097854246,109.24730632909056,69.72633684544026,21.75,0.3292156391416984,4.938234587125476
8/3/2023,Tomato,Sandy Loam,6.245352190991676,21.49511199156025,73.34079917938465,9.878334727478434,186.05280624705858,107.80441341109112,51.771363476501605,21.75,0.7421122498823437,11.131683748235156
8/4/2023,Tomato,Sandy Loam,6.966629322531812,23.99214748147611,84.89788386593492,8.495581125110284,189.94475799807205,95.40697180991168,55.82545044511474,33.83333333,0.8977903199228822,13.466854798843231
8/5/2023,Tomato,Sandy Loam,6.310942945773958,22.176469965723687,67.95280855705118,14.36968950433861,170.60052010658785,106.45520486064663,57.44801332070712,58.0,0.1240208042635142,1.860312063952713
8/6/2023,Tomato,Sandy Loam,6.755213442664127,23.169600428179663,76.85455958479722,10.62530297556382,187.94731731581862,100.36647846079647,65.52782737305452,13.29166667,0.8178926926327456,12.268390389491184
8/7/2023,Tomato,Sandy Loam,7.039716011357787,22.71724313391899,82.7172605215132,13.428926739468968,182.45261067197316,99.23612963124037,61.918536242334675,58.0,0.5981044268789265,8.971566403183898
8/8/2023,Tomato,Sandy Loam,6.596431821309841,22.46000585102652,78.7443008236223,12.607285470555802,189.4676523832964,96.2886821162281,62.88731400985135,21.75,0.878706095331857,13.180591429977854
8/9/2023,Tomato,Sandy Loam,6.579007180900012,23.09422610619476,82.61846598176477,11.611663092677766,179.30019035052857,101.61937173263185,65.15019645637013,21.75,0.4720076140211421,7.080114210317132
8/10/2023,Tomato,Sandy Loam,5.676468650571269,22.187261550670787,71.72669440709345,9.968887483025824,186.94775861142747,104.59778235407195,52.359579988740514,42.29166667,0.7779103444570991,11.668655166856484
8/11/2023,Tomato,Sandy Loam,6.32156348581887,21.37832994401042,70.43985952520478,5.021737837815875,171.24788137196555,98.21865809925517,66.66418913820524,13.29166667,0.1499152548786217,2.2487288231793268
8/12/2023,Tomato,Sandy Loam,6.591554306449876,22.466680149363718,82.02544773804209,11.134676005520838,176.70558100156592,102.58438386016584,64.11239608360287,42.29166667,0.3682232400626366,5.523348600939549
8/13/2023,Tomato,Sandy Loam,6.42396165133282,22.565747612046955,72.88229152370921,8.559574530024978,171.3403307550242,103.98625842310608,61.54683450392741,42.29166667,0.1536132302009679,2.30419845301452
8/14/2023,Tomato,Sandy Loam,7.301564000376851,21.60570646019982,79.19364646114623,6.177621668013188,189.5068626695814,104.22243634030572,67.79470669566113,13.29166667,0.8802745067832565,13.204117601748846
8/15/2023,Tomato,Sandy Loam,7.3130612642389785,23.80685806898597,67.95497156828229,9.446262636120776,186.33947814543674,91.0393219626236,64.00612707767614,42.29166667,0.7535791258174694,11.303686887262042
8/16/2023,Tomato,Sandy Loam,7.143834761177524,21.682426939938875,80.1167625075335,12.355533222833047,187.0509484249194,107.19495611370134,54.03399925262051,33.83333333,0.7820379369967764,11.730569054951646
8/17/2023,Tomato,Sandy Loam,6.25059615074624,22.227682782252295,75.97965298049739,14.61677794698704,188.75930462867788,99.16506629530096,58.594907621513336,21.75,0.8503721851471154,12.755582777206731
8/18/2023,Tomato,Sandy Loam,6.934598303375068,21.46478906053417,70.37223279820921,8.741048911220819,171.70206972239572,95.24832163392429,59.88085733871466,33.83333333,0.1680827888958282,2.5212418334374243
8/19/2023,Tomato,Sandy Loam,6.29057692213922,22.607389938560832,74.8900792791781,10.427232987049766,177.71195185026667,94.83529014959363,51.10435253500811,33.83333333,0.4084780740106667,6.127171110160001
8/20/2023,Tomato,Sandy Loam,5.9651871979515185,21.92291282430027,78.93887251679408,13.51244383363585,171.42069778088003,99.66028225687901,69.09275026720111,58.0,0.1568279112352017,2.352418668528025
8/21/2023,Tomato,Sandy Loam,6.185805287101763,22.467817559928253,65.23772817694767,8.339994199500147,174.21586203100057,107.73663078937918,52.57154521593757,21.75,0.2686344812400228,4.029517218600343
8/22/2023,Tomato,Sandy Loam,5.641929266571071,21.673850749374605,77.74934117628258,6.422572449708154,174.58731554075345,97.56695163365293,63.94922534453454,21.75,0.2834926216301379,4.252389324452068
8/23/2023,Tomato,Sandy Loam,6.163555018009294,21.161325383846147,75.83181556546549,7.818818312326891,179.38214422095157,104.99451493567086,60.12462072181761,21.75,0.4752857688380629,7.129286532570944
8/24/2023,Tomato,Sandy Loam,6.421484434522343,23.337679953246766,69.40572335493465,13.99122829808388,175.37124334907284,91.93637461974437,50.512644997688454,13.29166667,0.314849733962914,4.722746009443711
8/25/2023,Tomato,Sandy Loam,7.41096178956166,22.923258851878977,80.05962147952394,6.593931084618378,172.01956213635523,99.52113404302123,68.49494951728724,33.83333333,0.1807824854542088,2.711737281813133
8/26/2023,Tomato,Sandy Loam,6.12682117243925,22.02221806713304,71.06921969266402,8.292210610067821,173.34982178188216,109.83372280785471,67.03673617637867,42.29166667,0.2339928712752861,3.5098930691292924
8/27/2023,Tomato,Sandy Loam,7.304907078411041,21.142482674046967,70.53721863093129,9.646403105003406,172.94551127104182,105.40875605584674,60.48515855807671,33.83333333,0.2178204508416727,3.267306762625092
8/28/2023,Tomato,Sandy Loam,5.957716551646994,23.596725188091362,74.42436697998646,13.4711322349092,189.46153595824597,94.21056976881226,54.5788467227889,21.75,0.8784614383298387,13.17692157494758
8/29/2023,Tomato,Sandy Loam,5.881937795518499,21.509385014807037,78.52299356844729,14.377132836529746,185.18585013836946,100.02882947395821,52.432457813601886,13.29166667,0.7074340055347789,10.611510083021685
8/30/2023,Tomato,Sandy Loam,6.53799091286433,23.792226654844285,83.57691951752508,9.258103096332547,189.35522930539125,94.67249527297133,57.267849588642534,21.75,0.8742091722156496,13.113137583234744
8/31/2023,Tomato,Sandy Loam,6.845022738594812,22.435786135787875,67.82714486264209,14.319540483535157,178.79480973015816,98.19121854525018,55.10856562092181,42.29166667,0.4517923892063268,6.776885838094902
9/1/2023,Tomato,Sandy Loam,5.588664501604563,22.021160129725452,72.92936241503467,6.614590948577545,175.56736963325312,105.6016804746993,60.13382402012597,33.83333333,0.3226947853301253,4.840421779951879
9/2/2023,Tomato,Sandy Loam,5.942131730094434,23.22527843067289,66.3397918502526,6.568522918963704,185.96586394418372,105.42449630580808,69.32818592246858,33.83333333,0.7386345577673493,11.07951836651024
9/3/2023,Tomato,Sandy Loam,6.411367333002633,23.630518218225557,80.17101494943485,14.49250819634798,176.52507836082293,94.5620075580477,61.499069864592826,13.29166667,0.3610031344329174,5.415047016493761
9/4/2023,Tomato,Sandy Loam,6.162008671966363,22.11214069093713,73.95465779362722,10.096801335283311,175.98766747410696,108.4444663630972,67.79862111780196,33.83333333,0.3395066989642786,5.09260048446418
9/5/2023,Tomato,Sandy Loam,6.925242158696644,22.22203125651056,79.1385827037637,6.859078353539539,174.65011984415662,101.85136365529654,63.01757674991555,21.75,0.286004793766265,4.290071906493974
9/6/2023,Tomato,Sandy Loam,6.522321192082634,22.299474658041593,71.44388847952574,9.879903705755618,172.5935795644847,97.5984858192403,59.50493053174401,42.29166667,0.2037431825793882,3.056147738690824
9/7/2023,Tomato,Sandy Loam,5.820718211207801,23.766969184436007,81.88634482812647,12.832111553790517,175.1292612203353,100.03871161561722,67.09215125466743,33.83333333,0.3051704488134128,4.5775567322011925
9/8/2023,Tomato,Sandy Loam,7.2889307586301815,23.077691974542997,75.6965615648023,13.269203657235236,177.10639496947775,102.10142506875488,59.42736220345995,42.29166667,0.3842557987791102,5.763836981686653
9/9/2023,Tomato,Sandy Loam,6.085811350966719,21.742938351136967,83.8721564364731,13.639692566492425,183.4798841629146,101.1978106369157,67.37256341020722,33.83333333,0.6391953665165844,9.587930497748763
9/10/2023,Tomato,Sandy Loam,6.962262217928847,21.554999092505938,66.57629278288069,10.695709030874186,171.25129684438903,99.72810071072357,55.8315353915153,42.29166667,0.1500518737755612,2.25077810663342
9/11/2023,Tomato,Sandy Loam,7.05983155821082,21.691102990274448,75.28553649084148,13.669460143678805,174.21013879330687,100.09865608178801,52.57626147525976,58.0,0.2684055517322744,4.026083275984115
9/12/2023,Tomato,Sandy Loam,7.4263154005122045,21.79069166755655,80.32910491995398,10.100302088032546,186.18047280583352,93.52823820855772,67.10628928725876,13.29166667,0.7472189122333411,11.208283683500117
9/13/2023,Tomato,Sandy Loam,6.497014933048202,21.690550474002006,77.00305296147229,11.070599023910772,172.93843847167543,106.25465808609358,61.74830327585333,58.0,0.2175375388670166,3.2630630830052496
9/14/2023,Tomato,Sandy Loam,6.731671030928864,22.97551934157719,65.46388280853685,12.587198022716452,176.85290293045043,100.8352063988203,67.7818479649792,21.75,0.3741161172180173,5.611741758270259
9/15/2023,Tomato,Sandy Loam,6.169752586959067,21.34780053197252,84.44677356687762,9.254352927105083,187.2931784371628,92.62159723409407,68.75654413984766,33.83333333,0.7917271374865121,11.87590706229768
9/16/2023,Tomato,Sandy Loam,6.856358586824133,22.16207546912388,70.96527386151797,5.735814871387747,173.09850622286885,105.32314203165556,51.07256780742898,21.75,0.2239402489147541,3.3591037337213123
9/17/2023,Tomato,Sandy Loam,6.42676697173264,22.8751607189111,69.98555732732764,8.501663568576976,171.65473671236379,108.64887956754701,60.01938603717737,42.29166667,0.1661894684945519,2.4928420274182788
9/18/2023,Tomato,Sandy Loam,6.375304729448844,21.87257992182879,74.71319751213159,11.239442167959604,179.69075990160022,108.94613798473924,57.49929098149059,42.29166667,0.4876303960640087,7.314455940960131
9/19/2023,Tomato,Sandy Loam,7.210935058232211,21.195823154104975,75.84316215046698,6.923323696394768,176.04839022557073,97.38035464822346,62.51716794140234,42.29166667,0.3419356090228291,5.129034135342438
9/20/2023,Tomato,Sandy Loam,5.600337686997378,21.245471768537904,80.3257627517965,6.4838536349964,181.26816728967708,92.71033747121508,65.87182394404647,21.75,0.5507266915870833,8.26090037380625
9/21/2023,Tomato,Sandy Loam,7.263924855663737,21.37790032891406,72.86547315317978,7.930805445914376,186.0760978096695,100.3679925326613,55.611804319487376,21.75,0.7430439123867801,11.145658685801704
9/22/2023,Tomato,Sandy Loam,7.204139675657114,23.507529074604467,73.79920752924424,5.321114622778214,172.74296976305487,92.25218458698441,61.135967687463435,13.29166667,0.2097187905221945,3.1457818578329184
9/23/2023,Tomato,Sandy Loam,6.512732507123578,22.97359051681491,75.69919831867662,12.434228980869197,181.6139816910857,108.67974837025234,64.174571598098,13.29166667,0.564559267643428,8.46838901465142
9/24/2023,Tomato,Sandy Loam,6.480405708411256,21.193567233292935,72.88774199483281,7.587156021883388,180.11017520779728,93.67159254710292,52.68862165671468,42.29166667,0.5044070083118911,7.566105124678367
9/25/2023,Tomato,Sandy Loam,6.223614736070981,22.17320663745426,83.29096158202312,6.242383966365996,172.88157572026398,95.05531719902328,66.28133811902534,33.83333333,0.2152630288105596,3.2289454321583952
9/26/2023,Tomato,Sandy Loam,7.488347583363469,21.8357555185412,82.02503933268504,11.991294159634354,182.47996971057964,98.13273053769942,62.12219199705946,42.29166667,0.599198788423186,8.98798182634779
9/27/2023,Tomato,Sandy Loam,5.722338665507682,22.734120334886402,74.09947390155756,13.42928012543288,175.47280835721543,97.66328937118251,68.99074874227304,21.75,0.3189123342886173,4.78368501432926
9/28/2023,Tomato,Sandy Loam,6.680430471257214,22.56841784901694,65.00389724674635,5.1987559586177845,179.75668637088026,105.89325784795778,56.790578382613866,58.0,0.49026745483521,7.354011822528151
9/29/2023,Tomato,Sandy Loam,6.863363180224834,22.443372070109145,83.0186899105856,7.335997707412249,171.64544648554124,99.12633641101925,52.16291884674397,58.0,0.1658178594216495,2.4872678913247426
9/30/2023,Tomato,Sandy Loam,7.368660016433889,21.94353711111784,67.4867314687893,14.452323248695834,179.19168114427245,93.41536520006673,60.1300240207385,42.29166667,0.4676672457708984,7.015008686563477
10/1/2023,Tomato,Sandy Loam,7.0604069937135225,21.413399316131972,69.89024830388092,8.852541359327752,176.1292693608564,95.34419790972149,51.716215434188776,21.75,0.3451707744342562,5.177561616513843
10/2/2023,Tomato,Sandy Loam,6.7876944056230935,23.227129148617912,68.04722568730796,14.385920633819312,186.4476242237071,100.18226770375044,69.39053046648013,13.29166667,0.7579049689482835,11.368574534224251
10/3/2023,Tomato,Sandy Loam,5.733624633624245,23.639570306527965,68.59631139962048,7.742125383706774,171.13957453994738,92.9490783485227,50.77369916514383,58.0,0.1455829815978946,2.18374472396842
10/4/2023,Tomato,Sandy Loam,6.247467033662935,23.832452727698453,81.05755075779669,7.18067635571932,178.3721454983666,102.23311351292028,65.07007802214616,21.75,0.434885819934664,6.523287299019961
10/5/2023,Tomato,Sandy Loam,5.7776832850959705,21.175856911840743,76.59002883331848,7.141084117279959,179.16862848262875,101.31494613102292,60.502047962844884,58.0,0.4667451393051504,7.001177089577256
10/6/2023,Tomato,Sandy Loam,7.262425464931027,23.21972613476665,84.12190326250698,5.852286604249382,184.50012152598237,104.29404632764515,57.37241304996577,21.75,0.680004861039295,10.200072915589423
10/7/2023,Tomato,Sandy Loam,6.999242311127286,23.179510378220886,69.62907024647433,13.964322885091256,181.48575150180423,108.75409230758736,51.3168432901731,33.83333333,0.5594300600721688,8.391450901082532
10/8/2023,Tomato,Sandy Loam,7.015073573594458,23.841328842436766,74.71269816262468,14.798350226329012,183.34424674388362,108.24509122202312,62.443338483472154,58.0,0.6337698697553449,9.506548046330174
10/9/2023,Tomato,Sandy Loam,6.804513035547088,21.758743783493298,84.5485673816494,14.545088072716378,185.54098571303513,108.92151236137663,61.70440658781911,33.83333333,0.721639428521405,10.824591427821074
10/10/2023,Tomato,Sandy Loam,6.514087073873419,23.22653711488547,81.5288702854954,13.52028139827274,187.2440594731638,94.89431194047401,55.617665461352,33.83333333,0.789762378926551,11.846435683898266
10/11/2023,Tomato,Sandy Loam,5.799942118926994,21.163878866299452,79.57231358240982,13.468879076509753,176.2775099344494,92.63130613278709,68.20443402820624,58.0,0.3511003973779764,5.266505960669646
10/12/2023,Tomato,Sandy Loam,6.159389773410103,22.893737162284857,68.77950402741584,11.610854671689877,180.76045410727806,96.04553400992897,56.082200146856735,13.29166667,0.5304181642911224,7.956272464366837
10/13/2023,Tomato,Sandy Loam,5.773831584953781,22.05254347215654,80.38810801819432,13.262137119506136,186.802161568784,107.9017034553263,58.994508211842124,21.75,0.77208646275136,11.5812969412704
10/14/2023,Tomato,Sandy Loam,6.949826285704686,23.306728318642424,71.95130245191835,7.083423643430478,189.78902261930114,109.44106949246977,60.87524911837311,13.29166667,0.8915609047720452,13.373413571580675
10/15/2023,Tomato,Sandy Loam,5.82045755204401,23.58991285930618,75.61073794093515,8.879126303871285,187.79038622087526,107.18649902140952,52.00463756352572,58.0,0.8116154488350106,12.17423173252516
10/16/2023,Tomato,Sandy Loam,6.9042271003433715,22.09446312665255,77.18322426079081,11.40836293294748,177.42934525248754,92.20035442255087,68.64323438427265,33.83333333,0.3971738100995015,5.957607151492522
10/17/2023,Tomato,Sandy Loam,6.884510779191809,22.576758278097902,77.18727423048509,13.747713325615964,173.90333034437302,108.94855996119585,57.49072304902082,33.83333333,0.2561332137749204,3.841998206623805
10/18/2023,Tomato,Sandy Loam,6.418608957982578,21.3522121870908,79.53046943827033,11.604694623687838,179.78785074813177,98.46716054701572,51.615584277486874,13.29166667,0.491514029925271,7.372710448879066
10/19/2023,Tomato,Sandy Loam,5.770457308236105,22.25072089567043,78.23404185284411,13.39021958334206,184.83282903672085,90.18620581524708,57.7458234735066,13.29166667,0.6933131614688338,10.399697422032506
10/20/2023,Tomato,Sandy Loam,6.129601652268073,22.08240117977751,66.3674175862118,9.739495158492977,179.85138141506596,98.84787481496387,62.00405094185162,58.0,0.494055256602638,7.410828849039571
10/21/2023,Tomato,Sandy Loam,6.140186218151102,21.549370379353554,74.14694051898215,12.173037377050443,179.66361726627338,90.92138339350936,60.27305343642659,42.29166667,0.4865446906509348,7.298170359764023
10/22/2023,Tomato,Sandy Loam,6.900770266286587,23.68343587430033,78.28043213439959,14.799808063750866,186.764608421636,100.87755842322235,63.890839480745484,33.83333333,0.7705843368654405,11.558765052981608
10/23/2023,Tomato,Sandy Loam,5.727486038827449,21.44426351412048,70.91985964331457,6.534885571297577,177.22807558134372,96.77108054874103,51.10967884135821,58.0,0.3891230232537491,5.8368453488062375
10/24/2023,Tomato,Sandy Loam,7.1581372924321816,22.90721807259056,71.2611337443278,14.2692069231589,187.1958934962329,99.46869867188097,55.69081220544112,33.83333333,0.7878357398493165,11.817536097739747
10/25/2023,Tomato,Sandy Loam,7.0220145803718275,23.670427930439665,67.49135095509232,10.223639478419027,178.13609601903448,102.26340721486234,66.38461153680204,21.75,0.4254438407613788,6.381657611420683
10/26/2023,Tomato,Sandy Loam,5.872613836348548,23.735905739589676,73.37229971949711,11.43218030730058,176.56466211356678,107.37602191635641,51.597873755827216,21.75,0.3625864845426715,5.438797268140073
10/27/2023,Tomato,Sandy Loam,6.938328763557779,23.379719099521704,84.73660868612349,13.778690069105128,179.07979822399398,103.23803152943857,67.10971909391915,58.0,0.4631919289597592,6.947878934396389
10/28/2023,Tomato,Sandy Loam,6.837026362935644,21.52842340162253,70.70638722576075,9.09654172552317,185.24893917349738,98.6809773695636,51.837921841542126,42.29166667,0.7099575669398948,10.64936350409842
10/29/2023,Tomato,Sandy Loam,6.996241600221852,23.45229422764161,75.62873785372196,9.186925748900508,172.52004055727988,106.3885570734073,66.68908429783393,21.75,0.2008016222911954,3.012024334367932
10/30/2023,Tomato,Sandy Loam,5.877857110897389,21.829694437246875,79.8647450555817,10.271818363471004,173.92838431744036,108.11164275146264,57.21576802157453,13.29166667,0.2571353726976139,3.857030590464208
10/31/2023,Tomato,Sandy Loam,5.815180644312937,23.76719408229753,65.26994541768542,5.191020844968506,189.02889651326183,92.39519932864394,62.24418126514432,13.29166667,0.8611558605304735,12.917337907957103
11/1/2023,Tomato,Sandy Loam,5.972967971845509,23.127260044271548,83.00879119196598,9.966661809433509,173.50983254762716,100.63865955105582,53.05774231295997,13.29166667,0.2403933019050859,3.605899528576289
11/2/2023,Tomato,Sandy Loam,6.2317434062979515,23.35580268302666,72.73100369449877,7.910872649942303,181.3545463586211,95.69023919484889,51.32337443450362,13.29166667,0.5541818543448437,8.312727815172655
11/3/2023,Tomato,Sandy Loam,7.087329962071602,21.25509736050581,82.38231973421965,14.279541823917814,181.58628933323877,90.94122395753895,54.3187640804027,13.29166667,0.5634515733295503,8.451773599943255
11/4/2023,Tomato,Sandy Loam,6.9758478749577,22.748295340330632,65.77895317798956,5.877352987530314,179.7924892410049,103.3709339022797,52.55707635817391,42.29166667,0.4916995696401959,7.375493544602938
11/5/2023,Tomato,Sandy Loam,7.350903184557066,23.46342638069604,67.91327103727352,9.59320462019802,182.89490497153636,107.2554155491845,56.24811795359263,13.29166667,0.6157961988614549,9.236942982921825
11/6/2023,Tomato,Sandy Loam,5.6172591181972304,23.584771058317497,71.45058908955119,14.474681703773609,174.59653451595236,93.25805308954789,60.2876649302204,33.83333333,0.2838613806380947,4.257920709571421
11/7/2023,Tomato,Sandy Loam,5.523112562028372,21.085895114200923,71.90923546126558,14.010352503184777,181.05324535553495,106.248273152478,61.77518927130019,21.75,0.5421298142213986,8.131947213320979
11/8/2023,Tomato,Sandy Loam,6.898277659401598,23.817477697665357,81.95588446056033,12.013484423745505,177.44346510493796,107.06791467073883,65.79736214759485,42.29166667,0.3977386041975177,5.966079062962766
11/9/2023,Tomato,Sandy Loam,6.058574991588332,21.130016199907438,65.2240223077647,10.893610519960747,183.23334519258378,108.28680885332967,63.12479786496717,58.0,0.6293338077033512,9.44000711555027
11/10/2023,Tomato,Sandy Loam,6.168157791067635,22.84355603902455,77.8222355293936,7.807309371328401,172.824470867463,95.30570178172104,62.17516650259106,42.29166667,0.2129788346985195,3.1946825204777936
11/11/2023,Tomato,Sandy Loam,6.593604051829025,23.080162582845936,67.62624872357101,8.669571127524549,181.41754833678954,108.07906130379779,58.23564054971549,58.0,0.556701933471581,8.350529002073715
11/12/2023,Tomato,Sandy Loam,5.704826246253597,21.32203587350373,81.46431301422099,5.901348647541273,173.70540710766647,96.41325509472864,59.47616869920277,33.83333333,0.2482162843066589,3.723244264599885
11/13/2023,Tomato,Sandy Loam,6.7853888330961,21.144035596827578,80.57146531915825,12.861082977582376,175.57286126230073,101.04676026911005,58.29041658780362,42.29166667,0.3229144504920291,4.843716757380437
11/14/2023,Tomato,Sandy Loam,6.1502948924623,23.35473646335219,74.998420548224,8.238697679038118,174.37419600647166,91.01014941664565,66.84332060122766,58.0,0.2749678402588665,4.124517603882999
11/15/2023,Tomato,Sandy Loam,6.765430248601984,22.154011874392303,69.2537445102475,11.677818990302072,173.65675559737633,90.87762176737488,54.600009050968,42.29166667,0.2462702238950537,3.6940533584258057
11/16/2023,Tomato,Sandy Loam,7.168013826146772,21.321337545945372,77.68990781931113,8.575947771986135,186.51421903121334,104.40746425464405,50.114418630839296,33.83333333,0.7605687612485336,11.408531418728003
11/17/2023,Tomato,Sandy Loam,5.842222666674859,23.288003449162925,68.1251663531529,9.643304413962626,175.7141513532178,98.88959955955582,63.02639794452479,33.83333333,0.3285660541287123,4.9284908119306845
11/18/2023,Tomato,Sandy Loam,7.36174618582904,23.54748921043086,68.80047585185307,10.55002472376395,188.542475637289,95.12584750738435,54.049243672776626,21.75,0.8416990254915595,12.625485382373393
11/19/2023,Tomato,Sandy Loam,6.561376282124888,22.762158572276423,77.53379804450715,13.018524083906035,189.39853050690382,93.8082699204982,67.80230272619619,42.29166667,0.8759412202761527,13.139118304142292
11/20/2023,Tomato,Sandy Loam,7.3458555303479365,21.483710425303936,84.82456892177248,7.111563775406804,181.42520939874194,103.39906981718437,67.18092659413313,13.29166667,0.5570083759496779,8.355125639245168
11/21/2023,Tomato,Sandy Loam,5.915460164403556,21.045667414474472,82.82121674505092,8.987653868298564,172.8600224533145,90.0080308805068,51.53454743856412,21.75,0.2144008981325811,3.216013471988717
11/22/2023,Tomato,Sandy Loam,6.709125329208475,23.102407443905832,76.86214715367355,6.300815718918176,177.49096486759163,106.1178233839371,52.12776810828154,42.29166667,0.399638594703665,5.994578920554975
11/23/2023,Tomato,Sandy Loam,6.307774234647209,22.65041902447595,75.77073537534848,5.757605049212593,185.9546452669643,91.58499212259858,59.90343184493332,21.75,0.7381858106785713,11.072787160178567
11/24/2023,Tomato,Sandy Loam,7.048444382312026,22.95239142516024,84.96769760016217,11.04674356168792,177.3478145739414,93.82979229816239,62.1844532553871,21.75,0.3939125829576564,5.908688744364846
11/25/2023,Tomato,Sandy Loam,6.7118178864265925,23.439554010598787,75.94794295267788,6.890910443589027,171.74034436605578,97.7247279059818,55.49816674964482,13.29166667,0.1696137746422309,2.544206619633465
11/26/2023,Tomato,Sandy Loam,6.489030913916637,22.302683330978915,73.40233043918887,5.597993419260988,181.13569821856376,99.69717479432207,64.33595433398742,42.29166667,0.5454279287425504,8.181418931138257
11/27/2023,Tomato,Sandy Loam,7.325970812862018,21.37354640650086,83.19111071550682,13.970979312064054,186.90241702992068,97.09990231627884,61.89832041837743,58.0,0.7760966811968278,11.641450217952418
11/28/2023,Tomato,Sandy Loam,6.25423412834336,23.819949856172478,69.68368591738576,10.34314419785396,185.91852774287005,96.41424329968588,56.496482194971094,33.83333333,0.7367411097148019,11.05111664572203
11/29/2023,Tomato,Sandy Loam,5.939960409796363,22.635786381740573,66.95051980593618,6.346282074029847,173.50246280260706,109.27832024146377,50.507429760846314,42.29166667,0.2400985121042826,3.601477681564239
11/30/2023,Tomato,Sandy Loam,6.716202373704183,22.84588235726562,77.6818006872366,5.534261274475497,183.45529228824932,102.83159362486788,65.00300562597036,13.29166667,0.6382116915299734,9.5731753729496
12/1/2023,Tomato,Sandy Loam,6.748056874345627,23.800234288655254,66.91699267537498,6.1986005341365615,174.41008526871295,90.46865910734776,54.29507331650166,58.0,0.2764034107485177,4.146051161227765
12/2/2023,Tomato,Sandy Loam,6.378189243143751,23.79475096893079,72.4629707390592,9.71337240320614,174.36415069104345,98.60351816888627,66.68947486925256,58.0,0.2745660276417377,4.118490414626066
12/3/2023,Tomato,Sandy Loam,6.473220087378765,22.716283820184522,73.47154771163441,11.684652551688975,187.4814354661037,107.5001739948794,58.4058052010851,13.29166667,0.7992574186441481,11.988861279662222
12/4/2023,Tomato,Sandy Loam,7.4191068285998,21.89283427416428,75.95076134098466,11.412800749860455,174.9933790548046,96.02912372821336,61.54154885263531,21.75,0.2997351621921841,4.496027432882761
12/5/2023,Tomato,Sandy Loam,6.965371382793602,23.991340902038218,84.83319091495925,6.444230862644985,175.26494693036022,91.89112689548776,67.45897460818004,13.29166667,0.3105978772144089,4.658968158216134
12/6/2023,Tomato,Sandy Loam,5.721203502965154,23.042451269860607,69.41963446666361,11.33488951837709,170.01306781522598,105.16769543179835,67.27246001839907,21.75,0.1005227126090396,1.5078406891355949
12/7/2023,Tomato,Sandy Loam,5.924260141741222,22.22531003067617,72.51512757013825,9.048656242175994,187.41338068251036,102.12027663872162,57.430391504871466,42.29166667,0.7965352273004142,11.948028409506213
12/8/2023,Tomato,Sandy Loam,7.451153268871118,22.67951040856077,67.64480248821316,9.64743784299465,185.8518962641827,101.40625015653008,54.17777785429686,42.29166667,0.7340758505673078,11.011137758509618
12/9/2023,Tomato,Sandy Loam,6.952931107587062,22.247502150804088,77.1522705206647,13.01430406245317,182.54657870181356,91.07153119214816,65.5029215545719,58.0,0.6018631480725424,9.027947221088136
12/10/2023,Tomato,Sandy Loam,7.330090252289306,23.664915456889943,79.55346364615667,8.324993726796384,185.00531527877683,92.80998019591034,58.66160407204262,33.83333333,0.7002126111510738,10.503189167266108
12/11/2023,Tomato,Sandy Loam,6.107722927977444,22.44749812459724,74.64153646471757,6.469990471633538,173.04097134848985,102.45098792426228,53.84083987118008,13.29166667,0.2216388539395934,3.324582809093902
12/12/2023,Tomato,Sandy Loam,6.983733720173184,23.470585127943743,69.91662536579942,13.734531335663403,179.1664718917515,94.15647682917671,68.08850684634301,42.29166667,0.4666588756700603,6.999883135050905
12/13/2023,Tomato,Sandy Loam,6.928005417047023,23.520528893469013,77.41776538363496,7.12130575866338,177.0243877469756,100.08140159496848,53.962083884821745,42.29166667,0.3809755098790247,5.714632648185371
12/14/2023,Tomato,Sandy Loam,6.08937997087875,23.472997013205745,75.78315446737699,7.940298705546427,171.87553052514033,100.89763372058786,50.516143363824625,42.29166667,0.1750212210056132,2.6253183150841983
12/15/2023,Tomato,Sandy Loam,6.6016326509014105,23.166565837427022,68.42371446807435,12.065900589026224,179.7226097042985,95.67014380541879,50.405599475348396,13.29166667,0.4889043881719392,7.333565822579089
12/16/2023,Tomato,Sandy Loam,6.7548302225405905,23.564633150422747,73.1136380100426,11.835503170576072,188.4147930068527,108.96850311082986,62.446307129085284,58.0,0.8365917202741083,12.548875804111624
12/17/2023,Tomato,Sandy Loam,6.46226362165493,22.161688738868907,73.7039418327039,13.004000212838289,170.8011823810139,106.84928213671151,63.23350121435061,42.29166667,0.1320472952405555,1.980709428608333
12/18/2023,Tomato,Sandy Loam,7.154357413316026,21.34398961842588,84.65235507542866,6.838666414479411,175.82921826987587,104.44747015265597,56.22083410113968,21.75,0.3331687307950351,4.997530961925527
12/19/2023,Tomato,Sandy Loam,7.165738083595979,23.527362613117543,81.98571664311044,8.522798933142033,174.15081872411406,91.55987732818818,56.40021978494127,21.75,0.2660327489645627,3.990491234468441
12/20/2023,Tomato,Sandy Loam,7.201201096603113,22.494505247062037,79.68741576547188,6.258832389562611,174.76293307331392,92.1226003861804,56.789878301198854,42.29166667,0.290517322932557,4.357759843988356
12/21/2023,Tomato,Sandy Loam,7.106847138196326,21.382128097583553,82.77554051005895,10.410391471686042,188.1686910375875,99.85562691729912,63.60317093517757,58.0,0.8267476415035002,12.401214622552503
12/22/2023,Tomato,Sandy Loam,6.476166954394289,21.345937566546024,79.7096881165743,7.925705925387012,179.3613810846858,93.21426698381971,51.16267582053657,58.0,0.4744552433874321,7.116828650811483
12/23/2023,Tomato,Sandy Loam,6.262876596298014,21.47772718202968,83.06803710251467,11.889356410085629,179.32598825879637,109.56530927058948,68.58232705382652,42.29166667,0.4730395303518551,7.0955929552778265
12/24/2023,Tomato,Sandy Loam,7.162752567428742,23.252919779001317,66.09106229759016,5.003443679845411,185.21151284910565,93.17040468054819,54.45042088354893,13.29166667,0.7084605139642258,10.626907709463389
12/25/2023,Tomato,Sandy Loam,6.480402917112533,23.132570020398845,74.12132418533832,5.596829984595793,173.08984408009852,99.74935670927948,69.99346410484185,13.29166667,0.2235937632039406,3.3539064480591096
12/26/2023,Tomato,Sandy Loam,5.992742797255964,21.61145604055465,79.93796670483667,9.325603005193432,179.745307082001,97.28242113683011,53.43045387574374,58.0,0.4898122832800407,7.34718424920061
12/27/2023,Tomato,Sandy Loam,6.514687064644432,23.540770254329384,76.66591593220028,14.581841559755684,178.5997042824212,102.78772842908197,65.43092914624755,21.75,0.4439881712968477,6.659822569452716
12/28/2023,Tomato,Sandy Loam,5.783699643838484,21.843884386584733,68.50332328301573,13.90851387359183,181.93821381093312,92.5807281777885,54.4682508985925,58.0,0.5775285524373249,8.662928286559874
12/29/2023,Tomato,Sandy Loam,6.8832589811975975,23.37895674994484,71.80984173057068,14.940090280619833,189.99115406500877,98.60632856084781,51.61693603286508,42.29166667,0.8996461626003509,13.494692439005265
12/30/2023,Tomato,Sandy Loam,6.171842563247813,22.466417723204827,71.35548750053383,9.168302248640448,185.38897788164095,95.49410065614288,67.49866648701297,21.75,0.7155591152656376,10.733386728984565
12/31/2023,Tomato,Sandy Loam,6.021317596894908,23.1946460476157,70.22693826368672,5.465684862737516,177.95731406034855,107.75503049343376,67.17502518381784,33.83333333,0.4182925624139417,6.274388436209126
